category	severity	phase	stored_action	resolved_action
admin-access	critical	request	NULL	warn
admin-access	critical	request	EMPTY	warn
admin-access	critical	request	block	block
admin-access	critical	request	redact	redact
admin-access	critical	request	log	log
admin-access	critical	request	warn	warn
admin-access	critical	request	allow	allow
admin-access	critical	request	require_approval	require_approval
admin-access	critical	response	NULL	warn
admin-access	critical	response	EMPTY	warn
admin-access	critical	response	block	block
admin-access	critical	response	redact	redact
admin-access	critical	response	log	log
admin-access	critical	response	warn	warn
admin-access	critical	response	allow	allow
admin-access	critical	response	require_approval	require_approval
admin-access	high	request	NULL	warn
admin-access	high	request	EMPTY	warn
admin-access	high	request	block	block
admin-access	high	request	redact	redact
admin-access	high	request	log	log
admin-access	high	request	warn	warn
admin-access	high	request	allow	allow
admin-access	high	request	require_approval	require_approval
admin-access	high	response	NULL	warn
admin-access	high	response	EMPTY	warn
admin-access	high	response	block	block
admin-access	high	response	redact	redact
admin-access	high	response	log	log
admin-access	high	response	warn	warn
admin-access	high	response	allow	allow
admin-access	high	response	require_approval	require_approval
admin-access	medium	request	NULL	warn
admin-access	medium	request	EMPTY	warn
admin-access	medium	request	block	block
admin-access	medium	request	redact	redact
admin-access	medium	request	log	log
admin-access	medium	request	warn	warn
admin-access	medium	request	allow	allow
admin-access	medium	request	require_approval	require_approval
admin-access	medium	response	NULL	warn
admin-access	medium	response	EMPTY	warn
admin-access	medium	response	block	block
admin-access	medium	response	redact	redact
admin-access	medium	response	log	log
admin-access	medium	response	warn	warn
admin-access	medium	response	allow	allow
admin-access	medium	response	require_approval	require_approval
admin-access	low	request	NULL	warn
admin-access	low	request	EMPTY	warn
admin-access	low	request	block	block
admin-access	low	request	redact	redact
admin-access	low	request	log	log
admin-access	low	request	warn	warn
admin-access	low	request	allow	allow
admin-access	low	request	require_approval	require_approval
admin-access	low	response	NULL	warn
admin-access	low	response	EMPTY	warn
admin-access	low	response	block	block
admin-access	low	response	redact	redact
admin-access	low	response	log	log
admin-access	low	response	warn	warn
admin-access	low	response	allow	allow
admin-access	low	response	require_approval	require_approval
admin-access	-	request	NULL	warn
admin-access	-	request	EMPTY	warn
admin-access	-	request	block	block
admin-access	-	request	redact	redact
admin-access	-	request	log	log
admin-access	-	request	warn	warn
admin-access	-	request	allow	allow
admin-access	-	request	require_approval	require_approval
admin-access	-	response	NULL	warn
admin-access	-	response	EMPTY	warn
admin-access	-	response	block	block
admin-access	-	response	redact	redact
admin-access	-	response	log	log
admin-access	-	response	warn	warn
admin-access	-	response	allow	allow
admin-access	-	response	require_approval	require_approval
compliance-bsa-aml	critical	request	NULL	log
compliance-bsa-aml	critical	request	EMPTY	log
compliance-bsa-aml	critical	request	block	block
compliance-bsa-aml	critical	request	redact	redact
compliance-bsa-aml	critical	request	log	log
compliance-bsa-aml	critical	request	warn	warn
compliance-bsa-aml	critical	request	allow	allow
compliance-bsa-aml	critical	request	require_approval	require_approval
compliance-bsa-aml	critical	response	NULL	log
compliance-bsa-aml	critical	response	EMPTY	log
compliance-bsa-aml	critical	response	block	block
compliance-bsa-aml	critical	response	redact	redact
compliance-bsa-aml	critical	response	log	log
compliance-bsa-aml	critical	response	warn	warn
compliance-bsa-aml	critical	response	allow	allow
compliance-bsa-aml	critical	response	require_approval	require_approval
compliance-bsa-aml	high	request	NULL	log
compliance-bsa-aml	high	request	EMPTY	log
compliance-bsa-aml	high	request	block	block
compliance-bsa-aml	high	request	redact	redact
compliance-bsa-aml	high	request	log	log
compliance-bsa-aml	high	request	warn	warn
compliance-bsa-aml	high	request	allow	allow
compliance-bsa-aml	high	request	require_approval	require_approval
compliance-bsa-aml	high	response	NULL	log
compliance-bsa-aml	high	response	EMPTY	log
compliance-bsa-aml	high	response	block	block
compliance-bsa-aml	high	response	redact	redact
compliance-bsa-aml	high	response	log	log
compliance-bsa-aml	high	response	warn	warn
compliance-bsa-aml	high	response	allow	allow
compliance-bsa-aml	high	response	require_approval	require_approval
compliance-bsa-aml	medium	request	NULL	log
compliance-bsa-aml	medium	request	EMPTY	log
compliance-bsa-aml	medium	request	block	block
compliance-bsa-aml	medium	request	redact	redact
compliance-bsa-aml	medium	request	log	log
compliance-bsa-aml	medium	request	warn	warn
compliance-bsa-aml	medium	request	allow	allow
compliance-bsa-aml	medium	request	require_approval	require_approval
compliance-bsa-aml	medium	response	NULL	log
compliance-bsa-aml	medium	response	EMPTY	log
compliance-bsa-aml	medium	response	block	block
compliance-bsa-aml	medium	response	redact	redact
compliance-bsa-aml	medium	response	log	log
compliance-bsa-aml	medium	response	warn	warn
compliance-bsa-aml	medium	response	allow	allow
compliance-bsa-aml	medium	response	require_approval	require_approval
compliance-bsa-aml	low	request	NULL	log
compliance-bsa-aml	low	request	EMPTY	log
compliance-bsa-aml	low	request	block	block
compliance-bsa-aml	low	request	redact	redact
compliance-bsa-aml	low	request	log	log
compliance-bsa-aml	low	request	warn	warn
compliance-bsa-aml	low	request	allow	allow
compliance-bsa-aml	low	request	require_approval	require_approval
compliance-bsa-aml	low	response	NULL	log
compliance-bsa-aml	low	response	EMPTY	log
compliance-bsa-aml	low	response	block	block
compliance-bsa-aml	low	response	redact	redact
compliance-bsa-aml	low	response	log	log
compliance-bsa-aml	low	response	warn	warn
compliance-bsa-aml	low	response	allow	allow
compliance-bsa-aml	low	response	require_approval	require_approval
compliance-bsa-aml	-	request	NULL	log
compliance-bsa-aml	-	request	EMPTY	log
compliance-bsa-aml	-	request	block	block
compliance-bsa-aml	-	request	redact	redact
compliance-bsa-aml	-	request	log	log
compliance-bsa-aml	-	request	warn	warn
compliance-bsa-aml	-	request	allow	allow
compliance-bsa-aml	-	request	require_approval	require_approval
compliance-bsa-aml	-	response	NULL	log
compliance-bsa-aml	-	response	EMPTY	log
compliance-bsa-aml	-	response	block	block
compliance-bsa-aml	-	response	redact	redact
compliance-bsa-aml	-	response	log	log
compliance-bsa-aml	-	response	warn	warn
compliance-bsa-aml	-	response	allow	allow
compliance-bsa-aml	-	response	require_approval	require_approval
compliance-euaiact	critical	request	NULL	log
compliance-euaiact	critical	request	EMPTY	log
compliance-euaiact	critical	request	block	block
compliance-euaiact	critical	request	redact	redact
compliance-euaiact	critical	request	log	log
compliance-euaiact	critical	request	warn	warn
compliance-euaiact	critical	request	allow	allow
compliance-euaiact	critical	request	require_approval	require_approval
compliance-euaiact	critical	response	NULL	log
compliance-euaiact	critical	response	EMPTY	log
compliance-euaiact	critical	response	block	block
compliance-euaiact	critical	response	redact	redact
compliance-euaiact	critical	response	log	log
compliance-euaiact	critical	response	warn	warn
compliance-euaiact	critical	response	allow	allow
compliance-euaiact	critical	response	require_approval	require_approval
compliance-euaiact	high	request	NULL	log
compliance-euaiact	high	request	EMPTY	log
compliance-euaiact	high	request	block	block
compliance-euaiact	high	request	redact	redact
compliance-euaiact	high	request	log	log
compliance-euaiact	high	request	warn	warn
compliance-euaiact	high	request	allow	allow
compliance-euaiact	high	request	require_approval	require_approval
compliance-euaiact	high	response	NULL	log
compliance-euaiact	high	response	EMPTY	log
compliance-euaiact	high	response	block	block
compliance-euaiact	high	response	redact	redact
compliance-euaiact	high	response	log	log
compliance-euaiact	high	response	warn	warn
compliance-euaiact	high	response	allow	allow
compliance-euaiact	high	response	require_approval	require_approval
compliance-euaiact	medium	request	NULL	log
compliance-euaiact	medium	request	EMPTY	log
compliance-euaiact	medium	request	block	block
compliance-euaiact	medium	request	redact	redact
compliance-euaiact	medium	request	log	log
compliance-euaiact	medium	request	warn	warn
compliance-euaiact	medium	request	allow	allow
compliance-euaiact	medium	request	require_approval	require_approval
compliance-euaiact	medium	response	NULL	log
compliance-euaiact	medium	response	EMPTY	log
compliance-euaiact	medium	response	block	block
compliance-euaiact	medium	response	redact	redact
compliance-euaiact	medium	response	log	log
compliance-euaiact	medium	response	warn	warn
compliance-euaiact	medium	response	allow	allow
compliance-euaiact	medium	response	require_approval	require_approval
compliance-euaiact	low	request	NULL	log
compliance-euaiact	low	request	EMPTY	log
compliance-euaiact	low	request	block	block
compliance-euaiact	low	request	redact	redact
compliance-euaiact	low	request	log	log
compliance-euaiact	low	request	warn	warn
compliance-euaiact	low	request	allow	allow
compliance-euaiact	low	request	require_approval	require_approval
compliance-euaiact	low	response	NULL	log
compliance-euaiact	low	response	EMPTY	log
compliance-euaiact	low	response	block	block
compliance-euaiact	low	response	redact	redact
compliance-euaiact	low	response	log	log
compliance-euaiact	low	response	warn	warn
compliance-euaiact	low	response	allow	allow
compliance-euaiact	low	response	require_approval	require_approval
compliance-euaiact	-	request	NULL	log
compliance-euaiact	-	request	EMPTY	log
compliance-euaiact	-	request	block	block
compliance-euaiact	-	request	redact	redact
compliance-euaiact	-	request	log	log
compliance-euaiact	-	request	warn	warn
compliance-euaiact	-	request	allow	allow
compliance-euaiact	-	request	require_approval	require_approval
compliance-euaiact	-	response	NULL	log
compliance-euaiact	-	response	EMPTY	log
compliance-euaiact	-	response	block	block
compliance-euaiact	-	response	redact	redact
compliance-euaiact	-	response	log	log
compliance-euaiact	-	response	warn	warn
compliance-euaiact	-	response	allow	allow
compliance-euaiact	-	response	require_approval	require_approval
compliance-fairlending	critical	request	NULL	log
compliance-fairlending	critical	request	EMPTY	log
compliance-fairlending	critical	request	block	block
compliance-fairlending	critical	request	redact	redact
compliance-fairlending	critical	request	log	log
compliance-fairlending	critical	request	warn	warn
compliance-fairlending	critical	request	allow	allow
compliance-fairlending	critical	request	require_approval	require_approval
compliance-fairlending	critical	response	NULL	log
compliance-fairlending	critical	response	EMPTY	log
compliance-fairlending	critical	response	block	block
compliance-fairlending	critical	response	redact	redact
compliance-fairlending	critical	response	log	log
compliance-fairlending	critical	response	warn	warn
compliance-fairlending	critical	response	allow	allow
compliance-fairlending	critical	response	require_approval	require_approval
compliance-fairlending	high	request	NULL	log
compliance-fairlending	high	request	EMPTY	log
compliance-fairlending	high	request	block	block
compliance-fairlending	high	request	redact	redact
compliance-fairlending	high	request	log	log
compliance-fairlending	high	request	warn	warn
compliance-fairlending	high	request	allow	allow
compliance-fairlending	high	request	require_approval	require_approval
compliance-fairlending	high	response	NULL	log
compliance-fairlending	high	response	EMPTY	log
compliance-fairlending	high	response	block	block
compliance-fairlending	high	response	redact	redact
compliance-fairlending	high	response	log	log
compliance-fairlending	high	response	warn	warn
compliance-fairlending	high	response	allow	allow
compliance-fairlending	high	response	require_approval	require_approval
compliance-fairlending	medium	request	NULL	log
compliance-fairlending	medium	request	EMPTY	log
compliance-fairlending	medium	request	block	block
compliance-fairlending	medium	request	redact	redact
compliance-fairlending	medium	request	log	log
compliance-fairlending	medium	request	warn	warn
compliance-fairlending	medium	request	allow	allow
compliance-fairlending	medium	request	require_approval	require_approval
compliance-fairlending	medium	response	NULL	log
compliance-fairlending	medium	response	EMPTY	log
compliance-fairlending	medium	response	block	block
compliance-fairlending	medium	response	redact	redact
compliance-fairlending	medium	response	log	log
compliance-fairlending	medium	response	warn	warn
compliance-fairlending	medium	response	allow	allow
compliance-fairlending	medium	response	require_approval	require_approval
compliance-fairlending	low	request	NULL	log
compliance-fairlending	low	request	EMPTY	log
compliance-fairlending	low	request	block	block
compliance-fairlending	low	request	redact	redact
compliance-fairlending	low	request	log	log
compliance-fairlending	low	request	warn	warn
compliance-fairlending	low	request	allow	allow
compliance-fairlending	low	request	require_approval	require_approval
compliance-fairlending	low	response	NULL	log
compliance-fairlending	low	response	EMPTY	log
compliance-fairlending	low	response	block	block
compliance-fairlending	low	response	redact	redact
compliance-fairlending	low	response	log	log
compliance-fairlending	low	response	warn	warn
compliance-fairlending	low	response	allow	allow
compliance-fairlending	low	response	require_approval	require_approval
compliance-fairlending	-	request	NULL	log
compliance-fairlending	-	request	EMPTY	log
compliance-fairlending	-	request	block	block
compliance-fairlending	-	request	redact	redact
compliance-fairlending	-	request	log	log
compliance-fairlending	-	request	warn	warn
compliance-fairlending	-	request	allow	allow
compliance-fairlending	-	request	require_approval	require_approval
compliance-fairlending	-	response	NULL	log
compliance-fairlending	-	response	EMPTY	log
compliance-fairlending	-	response	block	block
compliance-fairlending	-	response	redact	redact
compliance-fairlending	-	response	log	log
compliance-fairlending	-	response	warn	warn
compliance-fairlending	-	response	allow	allow
compliance-fairlending	-	response	require_approval	require_approval
compliance-gdpr	critical	request	NULL	log
compliance-gdpr	critical	request	EMPTY	log
compliance-gdpr	critical	request	block	block
compliance-gdpr	critical	request	redact	redact
compliance-gdpr	critical	request	log	log
compliance-gdpr	critical	request	warn	warn
compliance-gdpr	critical	request	allow	allow
compliance-gdpr	critical	request	require_approval	require_approval
compliance-gdpr	critical	response	NULL	log
compliance-gdpr	critical	response	EMPTY	log
compliance-gdpr	critical	response	block	block
compliance-gdpr	critical	response	redact	redact
compliance-gdpr	critical	response	log	log
compliance-gdpr	critical	response	warn	warn
compliance-gdpr	critical	response	allow	allow
compliance-gdpr	critical	response	require_approval	require_approval
compliance-gdpr	high	request	NULL	log
compliance-gdpr	high	request	EMPTY	log
compliance-gdpr	high	request	block	block
compliance-gdpr	high	request	redact	redact
compliance-gdpr	high	request	log	log
compliance-gdpr	high	request	warn	warn
compliance-gdpr	high	request	allow	allow
compliance-gdpr	high	request	require_approval	require_approval
compliance-gdpr	high	response	NULL	log
compliance-gdpr	high	response	EMPTY	log
compliance-gdpr	high	response	block	block
compliance-gdpr	high	response	redact	redact
compliance-gdpr	high	response	log	log
compliance-gdpr	high	response	warn	warn
compliance-gdpr	high	response	allow	allow
compliance-gdpr	high	response	require_approval	require_approval
compliance-gdpr	medium	request	NULL	log
compliance-gdpr	medium	request	EMPTY	log
compliance-gdpr	medium	request	block	block
compliance-gdpr	medium	request	redact	redact
compliance-gdpr	medium	request	log	log
compliance-gdpr	medium	request	warn	warn
compliance-gdpr	medium	request	allow	allow
compliance-gdpr	medium	request	require_approval	require_approval
compliance-gdpr	medium	response	NULL	log
compliance-gdpr	medium	response	EMPTY	log
compliance-gdpr	medium	response	block	block
compliance-gdpr	medium	response	redact	redact
compliance-gdpr	medium	response	log	log
compliance-gdpr	medium	response	warn	warn
compliance-gdpr	medium	response	allow	allow
compliance-gdpr	medium	response	require_approval	require_approval
compliance-gdpr	low	request	NULL	log
compliance-gdpr	low	request	EMPTY	log
compliance-gdpr	low	request	block	block
compliance-gdpr	low	request	redact	redact
compliance-gdpr	low	request	log	log
compliance-gdpr	low	request	warn	warn
compliance-gdpr	low	request	allow	allow
compliance-gdpr	low	request	require_approval	require_approval
compliance-gdpr	low	response	NULL	log
compliance-gdpr	low	response	EMPTY	log
compliance-gdpr	low	response	block	block
compliance-gdpr	low	response	redact	redact
compliance-gdpr	low	response	log	log
compliance-gdpr	low	response	warn	warn
compliance-gdpr	low	response	allow	allow
compliance-gdpr	low	response	require_approval	require_approval
compliance-gdpr	-	request	NULL	log
compliance-gdpr	-	request	EMPTY	log
compliance-gdpr	-	request	block	block
compliance-gdpr	-	request	redact	redact
compliance-gdpr	-	request	log	log
compliance-gdpr	-	request	warn	warn
compliance-gdpr	-	request	allow	allow
compliance-gdpr	-	request	require_approval	require_approval
compliance-gdpr	-	response	NULL	log
compliance-gdpr	-	response	EMPTY	log
compliance-gdpr	-	response	block	block
compliance-gdpr	-	response	redact	redact
compliance-gdpr	-	response	log	log
compliance-gdpr	-	response	warn	warn
compliance-gdpr	-	response	allow	allow
compliance-gdpr	-	response	require_approval	require_approval
compliance-glba	critical	request	NULL	log
compliance-glba	critical	request	EMPTY	log
compliance-glba	critical	request	block	block
compliance-glba	critical	request	redact	redact
compliance-glba	critical	request	log	log
compliance-glba	critical	request	warn	warn
compliance-glba	critical	request	allow	allow
compliance-glba	critical	request	require_approval	require_approval
compliance-glba	critical	response	NULL	log
compliance-glba	critical	response	EMPTY	log
compliance-glba	critical	response	block	block
compliance-glba	critical	response	redact	redact
compliance-glba	critical	response	log	log
compliance-glba	critical	response	warn	warn
compliance-glba	critical	response	allow	allow
compliance-glba	critical	response	require_approval	require_approval
compliance-glba	high	request	NULL	log
compliance-glba	high	request	EMPTY	log
compliance-glba	high	request	block	block
compliance-glba	high	request	redact	redact
compliance-glba	high	request	log	log
compliance-glba	high	request	warn	warn
compliance-glba	high	request	allow	allow
compliance-glba	high	request	require_approval	require_approval
compliance-glba	high	response	NULL	log
compliance-glba	high	response	EMPTY	log
compliance-glba	high	response	block	block
compliance-glba	high	response	redact	redact
compliance-glba	high	response	log	log
compliance-glba	high	response	warn	warn
compliance-glba	high	response	allow	allow
compliance-glba	high	response	require_approval	require_approval
compliance-glba	medium	request	NULL	log
compliance-glba	medium	request	EMPTY	log
compliance-glba	medium	request	block	block
compliance-glba	medium	request	redact	redact
compliance-glba	medium	request	log	log
compliance-glba	medium	request	warn	warn
compliance-glba	medium	request	allow	allow
compliance-glba	medium	request	require_approval	require_approval
compliance-glba	medium	response	NULL	log
compliance-glba	medium	response	EMPTY	log
compliance-glba	medium	response	block	block
compliance-glba	medium	response	redact	redact
compliance-glba	medium	response	log	log
compliance-glba	medium	response	warn	warn
compliance-glba	medium	response	allow	allow
compliance-glba	medium	response	require_approval	require_approval
compliance-glba	low	request	NULL	log
compliance-glba	low	request	EMPTY	log
compliance-glba	low	request	block	block
compliance-glba	low	request	redact	redact
compliance-glba	low	request	log	log
compliance-glba	low	request	warn	warn
compliance-glba	low	request	allow	allow
compliance-glba	low	request	require_approval	require_approval
compliance-glba	low	response	NULL	log
compliance-glba	low	response	EMPTY	log
compliance-glba	low	response	block	block
compliance-glba	low	response	redact	redact
compliance-glba	low	response	log	log
compliance-glba	low	response	warn	warn
compliance-glba	low	response	allow	allow
compliance-glba	low	response	require_approval	require_approval
compliance-glba	-	request	NULL	log
compliance-glba	-	request	EMPTY	log
compliance-glba	-	request	block	block
compliance-glba	-	request	redact	redact
compliance-glba	-	request	log	log
compliance-glba	-	request	warn	warn
compliance-glba	-	request	allow	allow
compliance-glba	-	request	require_approval	require_approval
compliance-glba	-	response	NULL	log
compliance-glba	-	response	EMPTY	log
compliance-glba	-	response	block	block
compliance-glba	-	response	redact	redact
compliance-glba	-	response	log	log
compliance-glba	-	response	warn	warn
compliance-glba	-	response	allow	allow
compliance-glba	-	response	require_approval	require_approval
compliance-hipaa	critical	request	NULL	log
compliance-hipaa	critical	request	EMPTY	log
compliance-hipaa	critical	request	block	block
compliance-hipaa	critical	request	redact	redact
compliance-hipaa	critical	request	log	log
compliance-hipaa	critical	request	warn	warn
compliance-hipaa	critical	request	allow	allow
compliance-hipaa	critical	request	require_approval	require_approval
compliance-hipaa	critical	response	NULL	log
compliance-hipaa	critical	response	EMPTY	log
compliance-hipaa	critical	response	block	block
compliance-hipaa	critical	response	redact	redact
compliance-hipaa	critical	response	log	log
compliance-hipaa	critical	response	warn	warn
compliance-hipaa	critical	response	allow	allow
compliance-hipaa	critical	response	require_approval	require_approval
compliance-hipaa	high	request	NULL	log
compliance-hipaa	high	request	EMPTY	log
compliance-hipaa	high	request	block	block
compliance-hipaa	high	request	redact	redact
compliance-hipaa	high	request	log	log
compliance-hipaa	high	request	warn	warn
compliance-hipaa	high	request	allow	allow
compliance-hipaa	high	request	require_approval	require_approval
compliance-hipaa	high	response	NULL	log
compliance-hipaa	high	response	EMPTY	log
compliance-hipaa	high	response	block	block
compliance-hipaa	high	response	redact	redact
compliance-hipaa	high	response	log	log
compliance-hipaa	high	response	warn	warn
compliance-hipaa	high	response	allow	allow
compliance-hipaa	high	response	require_approval	require_approval
compliance-hipaa	medium	request	NULL	log
compliance-hipaa	medium	request	EMPTY	log
compliance-hipaa	medium	request	block	block
compliance-hipaa	medium	request	redact	redact
compliance-hipaa	medium	request	log	log
compliance-hipaa	medium	request	warn	warn
compliance-hipaa	medium	request	allow	allow
compliance-hipaa	medium	request	require_approval	require_approval
compliance-hipaa	medium	response	NULL	log
compliance-hipaa	medium	response	EMPTY	log
compliance-hipaa	medium	response	block	block
compliance-hipaa	medium	response	redact	redact
compliance-hipaa	medium	response	log	log
compliance-hipaa	medium	response	warn	warn
compliance-hipaa	medium	response	allow	allow
compliance-hipaa	medium	response	require_approval	require_approval
compliance-hipaa	low	request	NULL	log
compliance-hipaa	low	request	EMPTY	log
compliance-hipaa	low	request	block	block
compliance-hipaa	low	request	redact	redact
compliance-hipaa	low	request	log	log
compliance-hipaa	low	request	warn	warn
compliance-hipaa	low	request	allow	allow
compliance-hipaa	low	request	require_approval	require_approval
compliance-hipaa	low	response	NULL	log
compliance-hipaa	low	response	EMPTY	log
compliance-hipaa	low	response	block	block
compliance-hipaa	low	response	redact	redact
compliance-hipaa	low	response	log	log
compliance-hipaa	low	response	warn	warn
compliance-hipaa	low	response	allow	allow
compliance-hipaa	low	response	require_approval	require_approval
compliance-hipaa	-	request	NULL	log
compliance-hipaa	-	request	EMPTY	log
compliance-hipaa	-	request	block	block
compliance-hipaa	-	request	redact	redact
compliance-hipaa	-	request	log	log
compliance-hipaa	-	request	warn	warn
compliance-hipaa	-	request	allow	allow
compliance-hipaa	-	request	require_approval	require_approval
compliance-hipaa	-	response	NULL	log
compliance-hipaa	-	response	EMPTY	log
compliance-hipaa	-	response	block	block
compliance-hipaa	-	response	redact	redact
compliance-hipaa	-	response	log	log
compliance-hipaa	-	response	warn	warn
compliance-hipaa	-	response	allow	allow
compliance-hipaa	-	response	require_approval	require_approval
compliance-masfeat	critical	request	NULL	log
compliance-masfeat	critical	request	EMPTY	log
compliance-masfeat	critical	request	block	block
compliance-masfeat	critical	request	redact	redact
compliance-masfeat	critical	request	log	log
compliance-masfeat	critical	request	warn	warn
compliance-masfeat	critical	request	allow	allow
compliance-masfeat	critical	request	require_approval	require_approval
compliance-masfeat	critical	response	NULL	log
compliance-masfeat	critical	response	EMPTY	log
compliance-masfeat	critical	response	block	block
compliance-masfeat	critical	response	redact	redact
compliance-masfeat	critical	response	log	log
compliance-masfeat	critical	response	warn	warn
compliance-masfeat	critical	response	allow	allow
compliance-masfeat	critical	response	require_approval	require_approval
compliance-masfeat	high	request	NULL	log
compliance-masfeat	high	request	EMPTY	log
compliance-masfeat	high	request	block	block
compliance-masfeat	high	request	redact	redact
compliance-masfeat	high	request	log	log
compliance-masfeat	high	request	warn	warn
compliance-masfeat	high	request	allow	allow
compliance-masfeat	high	request	require_approval	require_approval
compliance-masfeat	high	response	NULL	log
compliance-masfeat	high	response	EMPTY	log
compliance-masfeat	high	response	block	block
compliance-masfeat	high	response	redact	redact
compliance-masfeat	high	response	log	log
compliance-masfeat	high	response	warn	warn
compliance-masfeat	high	response	allow	allow
compliance-masfeat	high	response	require_approval	require_approval
compliance-masfeat	medium	request	NULL	log
compliance-masfeat	medium	request	EMPTY	log
compliance-masfeat	medium	request	block	block
compliance-masfeat	medium	request	redact	redact
compliance-masfeat	medium	request	log	log
compliance-masfeat	medium	request	warn	warn
compliance-masfeat	medium	request	allow	allow
compliance-masfeat	medium	request	require_approval	require_approval
compliance-masfeat	medium	response	NULL	log
compliance-masfeat	medium	response	EMPTY	log
compliance-masfeat	medium	response	block	block
compliance-masfeat	medium	response	redact	redact
compliance-masfeat	medium	response	log	log
compliance-masfeat	medium	response	warn	warn
compliance-masfeat	medium	response	allow	allow
compliance-masfeat	medium	response	require_approval	require_approval
compliance-masfeat	low	request	NULL	log
compliance-masfeat	low	request	EMPTY	log
compliance-masfeat	low	request	block	block
compliance-masfeat	low	request	redact	redact
compliance-masfeat	low	request	log	log
compliance-masfeat	low	request	warn	warn
compliance-masfeat	low	request	allow	allow
compliance-masfeat	low	request	require_approval	require_approval
compliance-masfeat	low	response	NULL	log
compliance-masfeat	low	response	EMPTY	log
compliance-masfeat	low	response	block	block
compliance-masfeat	low	response	redact	redact
compliance-masfeat	low	response	log	log
compliance-masfeat	low	response	warn	warn
compliance-masfeat	low	response	allow	allow
compliance-masfeat	low	response	require_approval	require_approval
compliance-masfeat	-	request	NULL	log
compliance-masfeat	-	request	EMPTY	log
compliance-masfeat	-	request	block	block
compliance-masfeat	-	request	redact	redact
compliance-masfeat	-	request	log	log
compliance-masfeat	-	request	warn	warn
compliance-masfeat	-	request	allow	allow
compliance-masfeat	-	request	require_approval	require_approval
compliance-masfeat	-	response	NULL	log
compliance-masfeat	-	response	EMPTY	log
compliance-masfeat	-	response	block	block
compliance-masfeat	-	response	redact	redact
compliance-masfeat	-	response	log	log
compliance-masfeat	-	response	warn	warn
compliance-masfeat	-	response	allow	allow
compliance-masfeat	-	response	require_approval	require_approval
compliance-nydfs	critical	request	NULL	log
compliance-nydfs	critical	request	EMPTY	log
compliance-nydfs	critical	request	block	block
compliance-nydfs	critical	request	redact	redact
compliance-nydfs	critical	request	log	log
compliance-nydfs	critical	request	warn	warn
compliance-nydfs	critical	request	allow	allow
compliance-nydfs	critical	request	require_approval	require_approval
compliance-nydfs	critical	response	NULL	log
compliance-nydfs	critical	response	EMPTY	log
compliance-nydfs	critical	response	block	block
compliance-nydfs	critical	response	redact	redact
compliance-nydfs	critical	response	log	log
compliance-nydfs	critical	response	warn	warn
compliance-nydfs	critical	response	allow	allow
compliance-nydfs	critical	response	require_approval	require_approval
compliance-nydfs	high	request	NULL	log
compliance-nydfs	high	request	EMPTY	log
compliance-nydfs	high	request	block	block
compliance-nydfs	high	request	redact	redact
compliance-nydfs	high	request	log	log
compliance-nydfs	high	request	warn	warn
compliance-nydfs	high	request	allow	allow
compliance-nydfs	high	request	require_approval	require_approval
compliance-nydfs	high	response	NULL	log
compliance-nydfs	high	response	EMPTY	log
compliance-nydfs	high	response	block	block
compliance-nydfs	high	response	redact	redact
compliance-nydfs	high	response	log	log
compliance-nydfs	high	response	warn	warn
compliance-nydfs	high	response	allow	allow
compliance-nydfs	high	response	require_approval	require_approval
compliance-nydfs	medium	request	NULL	log
compliance-nydfs	medium	request	EMPTY	log
compliance-nydfs	medium	request	block	block
compliance-nydfs	medium	request	redact	redact
compliance-nydfs	medium	request	log	log
compliance-nydfs	medium	request	warn	warn
compliance-nydfs	medium	request	allow	allow
compliance-nydfs	medium	request	require_approval	require_approval
compliance-nydfs	medium	response	NULL	log
compliance-nydfs	medium	response	EMPTY	log
compliance-nydfs	medium	response	block	block
compliance-nydfs	medium	response	redact	redact
compliance-nydfs	medium	response	log	log
compliance-nydfs	medium	response	warn	warn
compliance-nydfs	medium	response	allow	allow
compliance-nydfs	medium	response	require_approval	require_approval
compliance-nydfs	low	request	NULL	log
compliance-nydfs	low	request	EMPTY	log
compliance-nydfs	low	request	block	block
compliance-nydfs	low	request	redact	redact
compliance-nydfs	low	request	log	log
compliance-nydfs	low	request	warn	warn
compliance-nydfs	low	request	allow	allow
compliance-nydfs	low	request	require_approval	require_approval
compliance-nydfs	low	response	NULL	log
compliance-nydfs	low	response	EMPTY	log
compliance-nydfs	low	response	block	block
compliance-nydfs	low	response	redact	redact
compliance-nydfs	low	response	log	log
compliance-nydfs	low	response	warn	warn
compliance-nydfs	low	response	allow	allow
compliance-nydfs	low	response	require_approval	require_approval
compliance-nydfs	-	request	NULL	log
compliance-nydfs	-	request	EMPTY	log
compliance-nydfs	-	request	block	block
compliance-nydfs	-	request	redact	redact
compliance-nydfs	-	request	log	log
compliance-nydfs	-	request	warn	warn
compliance-nydfs	-	request	allow	allow
compliance-nydfs	-	request	require_approval	require_approval
compliance-nydfs	-	response	NULL	log
compliance-nydfs	-	response	EMPTY	log
compliance-nydfs	-	response	block	block
compliance-nydfs	-	response	redact	redact
compliance-nydfs	-	response	log	log
compliance-nydfs	-	response	warn	warn
compliance-nydfs	-	response	allow	allow
compliance-nydfs	-	response	require_approval	require_approval
compliance-rbi	critical	request	NULL	log
compliance-rbi	critical	request	EMPTY	log
compliance-rbi	critical	request	block	block
compliance-rbi	critical	request	redact	redact
compliance-rbi	critical	request	log	log
compliance-rbi	critical	request	warn	warn
compliance-rbi	critical	request	allow	allow
compliance-rbi	critical	request	require_approval	require_approval
compliance-rbi	critical	response	NULL	log
compliance-rbi	critical	response	EMPTY	log
compliance-rbi	critical	response	block	block
compliance-rbi	critical	response	redact	redact
compliance-rbi	critical	response	log	log
compliance-rbi	critical	response	warn	warn
compliance-rbi	critical	response	allow	allow
compliance-rbi	critical	response	require_approval	require_approval
compliance-rbi	high	request	NULL	log
compliance-rbi	high	request	EMPTY	log
compliance-rbi	high	request	block	block
compliance-rbi	high	request	redact	redact
compliance-rbi	high	request	log	log
compliance-rbi	high	request	warn	warn
compliance-rbi	high	request	allow	allow
compliance-rbi	high	request	require_approval	require_approval
compliance-rbi	high	response	NULL	log
compliance-rbi	high	response	EMPTY	log
compliance-rbi	high	response	block	block
compliance-rbi	high	response	redact	redact
compliance-rbi	high	response	log	log
compliance-rbi	high	response	warn	warn
compliance-rbi	high	response	allow	allow
compliance-rbi	high	response	require_approval	require_approval
compliance-rbi	medium	request	NULL	log
compliance-rbi	medium	request	EMPTY	log
compliance-rbi	medium	request	block	block
compliance-rbi	medium	request	redact	redact
compliance-rbi	medium	request	log	log
compliance-rbi	medium	request	warn	warn
compliance-rbi	medium	request	allow	allow
compliance-rbi	medium	request	require_approval	require_approval
compliance-rbi	medium	response	NULL	log
compliance-rbi	medium	response	EMPTY	log
compliance-rbi	medium	response	block	block
compliance-rbi	medium	response	redact	redact
compliance-rbi	medium	response	log	log
compliance-rbi	medium	response	warn	warn
compliance-rbi	medium	response	allow	allow
compliance-rbi	medium	response	require_approval	require_approval
compliance-rbi	low	request	NULL	log
compliance-rbi	low	request	EMPTY	log
compliance-rbi	low	request	block	block
compliance-rbi	low	request	redact	redact
compliance-rbi	low	request	log	log
compliance-rbi	low	request	warn	warn
compliance-rbi	low	request	allow	allow
compliance-rbi	low	request	require_approval	require_approval
compliance-rbi	low	response	NULL	log
compliance-rbi	low	response	EMPTY	log
compliance-rbi	low	response	block	block
compliance-rbi	low	response	redact	redact
compliance-rbi	low	response	log	log
compliance-rbi	low	response	warn	warn
compliance-rbi	low	response	allow	allow
compliance-rbi	low	response	require_approval	require_approval
compliance-rbi	-	request	NULL	log
compliance-rbi	-	request	EMPTY	log
compliance-rbi	-	request	block	block
compliance-rbi	-	request	redact	redact
compliance-rbi	-	request	log	log
compliance-rbi	-	request	warn	warn
compliance-rbi	-	request	allow	allow
compliance-rbi	-	request	require_approval	require_approval
compliance-rbi	-	response	NULL	log
compliance-rbi	-	response	EMPTY	log
compliance-rbi	-	response	block	block
compliance-rbi	-	response	redact	redact
compliance-rbi	-	response	log	log
compliance-rbi	-	response	warn	warn
compliance-rbi	-	response	allow	allow
compliance-rbi	-	response	require_approval	require_approval
compliance-sebi	critical	request	NULL	log
compliance-sebi	critical	request	EMPTY	log
compliance-sebi	critical	request	block	block
compliance-sebi	critical	request	redact	redact
compliance-sebi	critical	request	log	log
compliance-sebi	critical	request	warn	warn
compliance-sebi	critical	request	allow	allow
compliance-sebi	critical	request	require_approval	require_approval
compliance-sebi	critical	response	NULL	log
compliance-sebi	critical	response	EMPTY	log
compliance-sebi	critical	response	block	block
compliance-sebi	critical	response	redact	redact
compliance-sebi	critical	response	log	log
compliance-sebi	critical	response	warn	warn
compliance-sebi	critical	response	allow	allow
compliance-sebi	critical	response	require_approval	require_approval
compliance-sebi	high	request	NULL	log
compliance-sebi	high	request	EMPTY	log
compliance-sebi	high	request	block	block
compliance-sebi	high	request	redact	redact
compliance-sebi	high	request	log	log
compliance-sebi	high	request	warn	warn
compliance-sebi	high	request	allow	allow
compliance-sebi	high	request	require_approval	require_approval
compliance-sebi	high	response	NULL	log
compliance-sebi	high	response	EMPTY	log
compliance-sebi	high	response	block	block
compliance-sebi	high	response	redact	redact
compliance-sebi	high	response	log	log
compliance-sebi	high	response	warn	warn
compliance-sebi	high	response	allow	allow
compliance-sebi	high	response	require_approval	require_approval
compliance-sebi	medium	request	NULL	log
compliance-sebi	medium	request	EMPTY	log
compliance-sebi	medium	request	block	block
compliance-sebi	medium	request	redact	redact
compliance-sebi	medium	request	log	log
compliance-sebi	medium	request	warn	warn
compliance-sebi	medium	request	allow	allow
compliance-sebi	medium	request	require_approval	require_approval
compliance-sebi	medium	response	NULL	log
compliance-sebi	medium	response	EMPTY	log
compliance-sebi	medium	response	block	block
compliance-sebi	medium	response	redact	redact
compliance-sebi	medium	response	log	log
compliance-sebi	medium	response	warn	warn
compliance-sebi	medium	response	allow	allow
compliance-sebi	medium	response	require_approval	require_approval
compliance-sebi	low	request	NULL	log
compliance-sebi	low	request	EMPTY	log
compliance-sebi	low	request	block	block
compliance-sebi	low	request	redact	redact
compliance-sebi	low	request	log	log
compliance-sebi	low	request	warn	warn
compliance-sebi	low	request	allow	allow
compliance-sebi	low	request	require_approval	require_approval
compliance-sebi	low	response	NULL	log
compliance-sebi	low	response	EMPTY	log
compliance-sebi	low	response	block	block
compliance-sebi	low	response	redact	redact
compliance-sebi	low	response	log	log
compliance-sebi	low	response	warn	warn
compliance-sebi	low	response	allow	allow
compliance-sebi	low	response	require_approval	require_approval
compliance-sebi	-	request	NULL	log
compliance-sebi	-	request	EMPTY	log
compliance-sebi	-	request	block	block
compliance-sebi	-	request	redact	redact
compliance-sebi	-	request	log	log
compliance-sebi	-	request	warn	warn
compliance-sebi	-	request	allow	allow
compliance-sebi	-	request	require_approval	require_approval
compliance-sebi	-	response	NULL	log
compliance-sebi	-	response	EMPTY	log
compliance-sebi	-	response	block	block
compliance-sebi	-	response	redact	redact
compliance-sebi	-	response	log	log
compliance-sebi	-	response	warn	warn
compliance-sebi	-	response	allow	allow
compliance-sebi	-	response	require_approval	require_approval
data-exfiltration	critical	request	NULL	log
data-exfiltration	critical	request	EMPTY	log
data-exfiltration	critical	request	block	block
data-exfiltration	critical	request	redact	redact
data-exfiltration	critical	request	log	log
data-exfiltration	critical	request	warn	warn
data-exfiltration	critical	request	allow	allow
data-exfiltration	critical	request	require_approval	require_approval
data-exfiltration	critical	response	NULL	log
data-exfiltration	critical	response	EMPTY	log
data-exfiltration	critical	response	block	block
data-exfiltration	critical	response	redact	redact
data-exfiltration	critical	response	log	log
data-exfiltration	critical	response	warn	warn
data-exfiltration	critical	response	allow	allow
data-exfiltration	critical	response	require_approval	require_approval
data-exfiltration	high	request	NULL	log
data-exfiltration	high	request	EMPTY	log
data-exfiltration	high	request	block	block
data-exfiltration	high	request	redact	redact
data-exfiltration	high	request	log	log
data-exfiltration	high	request	warn	warn
data-exfiltration	high	request	allow	allow
data-exfiltration	high	request	require_approval	require_approval
data-exfiltration	high	response	NULL	log
data-exfiltration	high	response	EMPTY	log
data-exfiltration	high	response	block	block
data-exfiltration	high	response	redact	redact
data-exfiltration	high	response	log	log
data-exfiltration	high	response	warn	warn
data-exfiltration	high	response	allow	allow
data-exfiltration	high	response	require_approval	require_approval
data-exfiltration	medium	request	NULL	log
data-exfiltration	medium	request	EMPTY	log
data-exfiltration	medium	request	block	block
data-exfiltration	medium	request	redact	redact
data-exfiltration	medium	request	log	log
data-exfiltration	medium	request	warn	warn
data-exfiltration	medium	request	allow	allow
data-exfiltration	medium	request	require_approval	require_approval
data-exfiltration	medium	response	NULL	log
data-exfiltration	medium	response	EMPTY	log
data-exfiltration	medium	response	block	block
data-exfiltration	medium	response	redact	redact
data-exfiltration	medium	response	log	log
data-exfiltration	medium	response	warn	warn
data-exfiltration	medium	response	allow	allow
data-exfiltration	medium	response	require_approval	require_approval
data-exfiltration	low	request	NULL	log
data-exfiltration	low	request	EMPTY	log
data-exfiltration	low	request	block	block
data-exfiltration	low	request	redact	redact
data-exfiltration	low	request	log	log
data-exfiltration	low	request	warn	warn
data-exfiltration	low	request	allow	allow
data-exfiltration	low	request	require_approval	require_approval
data-exfiltration	low	response	NULL	log
data-exfiltration	low	response	EMPTY	log
data-exfiltration	low	response	block	block
data-exfiltration	low	response	redact	redact
data-exfiltration	low	response	log	log
data-exfiltration	low	response	warn	warn
data-exfiltration	low	response	allow	allow
data-exfiltration	low	response	require_approval	require_approval
data-exfiltration	-	request	NULL	log
data-exfiltration	-	request	EMPTY	log
data-exfiltration	-	request	block	block
data-exfiltration	-	request	redact	redact
data-exfiltration	-	request	log	log
data-exfiltration	-	request	warn	warn
data-exfiltration	-	request	allow	allow
data-exfiltration	-	request	require_approval	require_approval
data-exfiltration	-	response	NULL	log
data-exfiltration	-	response	EMPTY	log
data-exfiltration	-	response	block	block
data-exfiltration	-	response	redact	redact
data-exfiltration	-	response	log	log
data-exfiltration	-	response	warn	warn
data-exfiltration	-	response	allow	allow
data-exfiltration	-	response	require_approval	require_approval
dynamic-budget	critical	request	NULL	log
dynamic-budget	critical	request	EMPTY	log
dynamic-budget	critical	request	block	block
dynamic-budget	critical	request	redact	redact
dynamic-budget	critical	request	log	log
dynamic-budget	critical	request	warn	warn
dynamic-budget	critical	request	allow	allow
dynamic-budget	critical	request	require_approval	require_approval
dynamic-budget	critical	response	NULL	log
dynamic-budget	critical	response	EMPTY	log
dynamic-budget	critical	response	block	block
dynamic-budget	critical	response	redact	redact
dynamic-budget	critical	response	log	log
dynamic-budget	critical	response	warn	warn
dynamic-budget	critical	response	allow	allow
dynamic-budget	critical	response	require_approval	require_approval
dynamic-budget	high	request	NULL	log
dynamic-budget	high	request	EMPTY	log
dynamic-budget	high	request	block	block
dynamic-budget	high	request	redact	redact
dynamic-budget	high	request	log	log
dynamic-budget	high	request	warn	warn
dynamic-budget	high	request	allow	allow
dynamic-budget	high	request	require_approval	require_approval
dynamic-budget	high	response	NULL	log
dynamic-budget	high	response	EMPTY	log
dynamic-budget	high	response	block	block
dynamic-budget	high	response	redact	redact
dynamic-budget	high	response	log	log
dynamic-budget	high	response	warn	warn
dynamic-budget	high	response	allow	allow
dynamic-budget	high	response	require_approval	require_approval
dynamic-budget	medium	request	NULL	log
dynamic-budget	medium	request	EMPTY	log
dynamic-budget	medium	request	block	block
dynamic-budget	medium	request	redact	redact
dynamic-budget	medium	request	log	log
dynamic-budget	medium	request	warn	warn
dynamic-budget	medium	request	allow	allow
dynamic-budget	medium	request	require_approval	require_approval
dynamic-budget	medium	response	NULL	log
dynamic-budget	medium	response	EMPTY	log
dynamic-budget	medium	response	block	block
dynamic-budget	medium	response	redact	redact
dynamic-budget	medium	response	log	log
dynamic-budget	medium	response	warn	warn
dynamic-budget	medium	response	allow	allow
dynamic-budget	medium	response	require_approval	require_approval
dynamic-budget	low	request	NULL	log
dynamic-budget	low	request	EMPTY	log
dynamic-budget	low	request	block	block
dynamic-budget	low	request	redact	redact
dynamic-budget	low	request	log	log
dynamic-budget	low	request	warn	warn
dynamic-budget	low	request	allow	allow
dynamic-budget	low	request	require_approval	require_approval
dynamic-budget	low	response	NULL	log
dynamic-budget	low	response	EMPTY	log
dynamic-budget	low	response	block	block
dynamic-budget	low	response	redact	redact
dynamic-budget	low	response	log	log
dynamic-budget	low	response	warn	warn
dynamic-budget	low	response	allow	allow
dynamic-budget	low	response	require_approval	require_approval
dynamic-budget	-	request	NULL	log
dynamic-budget	-	request	EMPTY	log
dynamic-budget	-	request	block	block
dynamic-budget	-	request	redact	redact
dynamic-budget	-	request	log	log
dynamic-budget	-	request	warn	warn
dynamic-budget	-	request	allow	allow
dynamic-budget	-	request	require_approval	require_approval
dynamic-budget	-	response	NULL	log
dynamic-budget	-	response	EMPTY	log
dynamic-budget	-	response	block	block
dynamic-budget	-	response	redact	redact
dynamic-budget	-	response	log	log
dynamic-budget	-	response	warn	warn
dynamic-budget	-	response	allow	allow
dynamic-budget	-	response	require_approval	require_approval
dynamic-rate-limit	critical	request	NULL	log
dynamic-rate-limit	critical	request	EMPTY	log
dynamic-rate-limit	critical	request	block	block
dynamic-rate-limit	critical	request	redact	redact
dynamic-rate-limit	critical	request	log	log
dynamic-rate-limit	critical	request	warn	warn
dynamic-rate-limit	critical	request	allow	allow
dynamic-rate-limit	critical	request	require_approval	require_approval
dynamic-rate-limit	critical	response	NULL	log
dynamic-rate-limit	critical	response	EMPTY	log
dynamic-rate-limit	critical	response	block	block
dynamic-rate-limit	critical	response	redact	redact
dynamic-rate-limit	critical	response	log	log
dynamic-rate-limit	critical	response	warn	warn
dynamic-rate-limit	critical	response	allow	allow
dynamic-rate-limit	critical	response	require_approval	require_approval
dynamic-rate-limit	high	request	NULL	log
dynamic-rate-limit	high	request	EMPTY	log
dynamic-rate-limit	high	request	block	block
dynamic-rate-limit	high	request	redact	redact
dynamic-rate-limit	high	request	log	log
dynamic-rate-limit	high	request	warn	warn
dynamic-rate-limit	high	request	allow	allow
dynamic-rate-limit	high	request	require_approval	require_approval
dynamic-rate-limit	high	response	NULL	log
dynamic-rate-limit	high	response	EMPTY	log
dynamic-rate-limit	high	response	block	block
dynamic-rate-limit	high	response	redact	redact
dynamic-rate-limit	high	response	log	log
dynamic-rate-limit	high	response	warn	warn
dynamic-rate-limit	high	response	allow	allow
dynamic-rate-limit	high	response	require_approval	require_approval
dynamic-rate-limit	medium	request	NULL	log
dynamic-rate-limit	medium	request	EMPTY	log
dynamic-rate-limit	medium	request	block	block
dynamic-rate-limit	medium	request	redact	redact
dynamic-rate-limit	medium	request	log	log
dynamic-rate-limit	medium	request	warn	warn
dynamic-rate-limit	medium	request	allow	allow
dynamic-rate-limit	medium	request	require_approval	require_approval
dynamic-rate-limit	medium	response	NULL	log
dynamic-rate-limit	medium	response	EMPTY	log
dynamic-rate-limit	medium	response	block	block
dynamic-rate-limit	medium	response	redact	redact
dynamic-rate-limit	medium	response	log	log
dynamic-rate-limit	medium	response	warn	warn
dynamic-rate-limit	medium	response	allow	allow
dynamic-rate-limit	medium	response	require_approval	require_approval
dynamic-rate-limit	low	request	NULL	log
dynamic-rate-limit	low	request	EMPTY	log
dynamic-rate-limit	low	request	block	block
dynamic-rate-limit	low	request	redact	redact
dynamic-rate-limit	low	request	log	log
dynamic-rate-limit	low	request	warn	warn
dynamic-rate-limit	low	request	allow	allow
dynamic-rate-limit	low	request	require_approval	require_approval
dynamic-rate-limit	low	response	NULL	log
dynamic-rate-limit	low	response	EMPTY	log
dynamic-rate-limit	low	response	block	block
dynamic-rate-limit	low	response	redact	redact
dynamic-rate-limit	low	response	log	log
dynamic-rate-limit	low	response	warn	warn
dynamic-rate-limit	low	response	allow	allow
dynamic-rate-limit	low	response	require_approval	require_approval
dynamic-rate-limit	-	request	NULL	log
dynamic-rate-limit	-	request	EMPTY	log
dynamic-rate-limit	-	request	block	block
dynamic-rate-limit	-	request	redact	redact
dynamic-rate-limit	-	request	log	log
dynamic-rate-limit	-	request	warn	warn
dynamic-rate-limit	-	request	allow	allow
dynamic-rate-limit	-	request	require_approval	require_approval
dynamic-rate-limit	-	response	NULL	log
dynamic-rate-limit	-	response	EMPTY	log
dynamic-rate-limit	-	response	block	block
dynamic-rate-limit	-	response	redact	redact
dynamic-rate-limit	-	response	log	log
dynamic-rate-limit	-	response	warn	warn
dynamic-rate-limit	-	response	allow	allow
dynamic-rate-limit	-	response	require_approval	require_approval
dynamic-role-access	critical	request	NULL	log
dynamic-role-access	critical	request	EMPTY	log
dynamic-role-access	critical	request	block	block
dynamic-role-access	critical	request	redact	redact
dynamic-role-access	critical	request	log	log
dynamic-role-access	critical	request	warn	warn
dynamic-role-access	critical	request	allow	allow
dynamic-role-access	critical	request	require_approval	require_approval
dynamic-role-access	critical	response	NULL	log
dynamic-role-access	critical	response	EMPTY	log
dynamic-role-access	critical	response	block	block
dynamic-role-access	critical	response	redact	redact
dynamic-role-access	critical	response	log	log
dynamic-role-access	critical	response	warn	warn
dynamic-role-access	critical	response	allow	allow
dynamic-role-access	critical	response	require_approval	require_approval
dynamic-role-access	high	request	NULL	log
dynamic-role-access	high	request	EMPTY	log
dynamic-role-access	high	request	block	block
dynamic-role-access	high	request	redact	redact
dynamic-role-access	high	request	log	log
dynamic-role-access	high	request	warn	warn
dynamic-role-access	high	request	allow	allow
dynamic-role-access	high	request	require_approval	require_approval
dynamic-role-access	high	response	NULL	log
dynamic-role-access	high	response	EMPTY	log
dynamic-role-access	high	response	block	block
dynamic-role-access	high	response	redact	redact
dynamic-role-access	high	response	log	log
dynamic-role-access	high	response	warn	warn
dynamic-role-access	high	response	allow	allow
dynamic-role-access	high	response	require_approval	require_approval
dynamic-role-access	medium	request	NULL	log
dynamic-role-access	medium	request	EMPTY	log
dynamic-role-access	medium	request	block	block
dynamic-role-access	medium	request	redact	redact
dynamic-role-access	medium	request	log	log
dynamic-role-access	medium	request	warn	warn
dynamic-role-access	medium	request	allow	allow
dynamic-role-access	medium	request	require_approval	require_approval
dynamic-role-access	medium	response	NULL	log
dynamic-role-access	medium	response	EMPTY	log
dynamic-role-access	medium	response	block	block
dynamic-role-access	medium	response	redact	redact
dynamic-role-access	medium	response	log	log
dynamic-role-access	medium	response	warn	warn
dynamic-role-access	medium	response	allow	allow
dynamic-role-access	medium	response	require_approval	require_approval
dynamic-role-access	low	request	NULL	log
dynamic-role-access	low	request	EMPTY	log
dynamic-role-access	low	request	block	block
dynamic-role-access	low	request	redact	redact
dynamic-role-access	low	request	log	log
dynamic-role-access	low	request	warn	warn
dynamic-role-access	low	request	allow	allow
dynamic-role-access	low	request	require_approval	require_approval
dynamic-role-access	low	response	NULL	log
dynamic-role-access	low	response	EMPTY	log
dynamic-role-access	low	response	block	block
dynamic-role-access	low	response	redact	redact
dynamic-role-access	low	response	log	log
dynamic-role-access	low	response	warn	warn
dynamic-role-access	low	response	allow	allow
dynamic-role-access	low	response	require_approval	require_approval
dynamic-role-access	-	request	NULL	log
dynamic-role-access	-	request	EMPTY	log
dynamic-role-access	-	request	block	block
dynamic-role-access	-	request	redact	redact
dynamic-role-access	-	request	log	log
dynamic-role-access	-	request	warn	warn
dynamic-role-access	-	request	allow	allow
dynamic-role-access	-	request	require_approval	require_approval
dynamic-role-access	-	response	NULL	log
dynamic-role-access	-	response	EMPTY	log
dynamic-role-access	-	response	block	block
dynamic-role-access	-	response	redact	redact
dynamic-role-access	-	response	log	log
dynamic-role-access	-	response	warn	warn
dynamic-role-access	-	response	allow	allow
dynamic-role-access	-	response	require_approval	require_approval
dynamic-time-access	critical	request	NULL	log
dynamic-time-access	critical	request	EMPTY	log
dynamic-time-access	critical	request	block	block
dynamic-time-access	critical	request	redact	redact
dynamic-time-access	critical	request	log	log
dynamic-time-access	critical	request	warn	warn
dynamic-time-access	critical	request	allow	allow
dynamic-time-access	critical	request	require_approval	require_approval
dynamic-time-access	critical	response	NULL	log
dynamic-time-access	critical	response	EMPTY	log
dynamic-time-access	critical	response	block	block
dynamic-time-access	critical	response	redact	redact
dynamic-time-access	critical	response	log	log
dynamic-time-access	critical	response	warn	warn
dynamic-time-access	critical	response	allow	allow
dynamic-time-access	critical	response	require_approval	require_approval
dynamic-time-access	high	request	NULL	log
dynamic-time-access	high	request	EMPTY	log
dynamic-time-access	high	request	block	block
dynamic-time-access	high	request	redact	redact
dynamic-time-access	high	request	log	log
dynamic-time-access	high	request	warn	warn
dynamic-time-access	high	request	allow	allow
dynamic-time-access	high	request	require_approval	require_approval
dynamic-time-access	high	response	NULL	log
dynamic-time-access	high	response	EMPTY	log
dynamic-time-access	high	response	block	block
dynamic-time-access	high	response	redact	redact
dynamic-time-access	high	response	log	log
dynamic-time-access	high	response	warn	warn
dynamic-time-access	high	response	allow	allow
dynamic-time-access	high	response	require_approval	require_approval
dynamic-time-access	medium	request	NULL	log
dynamic-time-access	medium	request	EMPTY	log
dynamic-time-access	medium	request	block	block
dynamic-time-access	medium	request	redact	redact
dynamic-time-access	medium	request	log	log
dynamic-time-access	medium	request	warn	warn
dynamic-time-access	medium	request	allow	allow
dynamic-time-access	medium	request	require_approval	require_approval
dynamic-time-access	medium	response	NULL	log
dynamic-time-access	medium	response	EMPTY	log
dynamic-time-access	medium	response	block	block
dynamic-time-access	medium	response	redact	redact
dynamic-time-access	medium	response	log	log
dynamic-time-access	medium	response	warn	warn
dynamic-time-access	medium	response	allow	allow
dynamic-time-access	medium	response	require_approval	require_approval
dynamic-time-access	low	request	NULL	log
dynamic-time-access	low	request	EMPTY	log
dynamic-time-access	low	request	block	block
dynamic-time-access	low	request	redact	redact
dynamic-time-access	low	request	log	log
dynamic-time-access	low	request	warn	warn
dynamic-time-access	low	request	allow	allow
dynamic-time-access	low	request	require_approval	require_approval
dynamic-time-access	low	response	NULL	log
dynamic-time-access	low	response	EMPTY	log
dynamic-time-access	low	response	block	block
dynamic-time-access	low	response	redact	redact
dynamic-time-access	low	response	log	log
dynamic-time-access	low	response	warn	warn
dynamic-time-access	low	response	allow	allow
dynamic-time-access	low	response	require_approval	require_approval
dynamic-time-access	-	request	NULL	log
dynamic-time-access	-	request	EMPTY	log
dynamic-time-access	-	request	block	block
dynamic-time-access	-	request	redact	redact
dynamic-time-access	-	request	log	log
dynamic-time-access	-	request	warn	warn
dynamic-time-access	-	request	allow	allow
dynamic-time-access	-	request	require_approval	require_approval
dynamic-time-access	-	response	NULL	log
dynamic-time-access	-	response	EMPTY	log
dynamic-time-access	-	response	block	block
dynamic-time-access	-	response	redact	redact
dynamic-time-access	-	response	log	log
dynamic-time-access	-	response	warn	warn
dynamic-time-access	-	response	allow	allow
dynamic-time-access	-	response	require_approval	require_approval
fincrime	critical	request	NULL	log
fincrime	critical	request	EMPTY	log
fincrime	critical	request	block	block
fincrime	critical	request	redact	redact
fincrime	critical	request	log	log
fincrime	critical	request	warn	warn
fincrime	critical	request	allow	allow
fincrime	critical	request	require_approval	require_approval
fincrime	critical	response	NULL	log
fincrime	critical	response	EMPTY	log
fincrime	critical	response	block	block
fincrime	critical	response	redact	redact
fincrime	critical	response	log	log
fincrime	critical	response	warn	warn
fincrime	critical	response	allow	allow
fincrime	critical	response	require_approval	require_approval
fincrime	high	request	NULL	log
fincrime	high	request	EMPTY	log
fincrime	high	request	block	block
fincrime	high	request	redact	redact
fincrime	high	request	log	log
fincrime	high	request	warn	warn
fincrime	high	request	allow	allow
fincrime	high	request	require_approval	require_approval
fincrime	high	response	NULL	log
fincrime	high	response	EMPTY	log
fincrime	high	response	block	block
fincrime	high	response	redact	redact
fincrime	high	response	log	log
fincrime	high	response	warn	warn
fincrime	high	response	allow	allow
fincrime	high	response	require_approval	require_approval
fincrime	medium	request	NULL	log
fincrime	medium	request	EMPTY	log
fincrime	medium	request	block	block
fincrime	medium	request	redact	redact
fincrime	medium	request	log	log
fincrime	medium	request	warn	warn
fincrime	medium	request	allow	allow
fincrime	medium	request	require_approval	require_approval
fincrime	medium	response	NULL	log
fincrime	medium	response	EMPTY	log
fincrime	medium	response	block	block
fincrime	medium	response	redact	redact
fincrime	medium	response	log	log
fincrime	medium	response	warn	warn
fincrime	medium	response	allow	allow
fincrime	medium	response	require_approval	require_approval
fincrime	low	request	NULL	log
fincrime	low	request	EMPTY	log
fincrime	low	request	block	block
fincrime	low	request	redact	redact
fincrime	low	request	log	log
fincrime	low	request	warn	warn
fincrime	low	request	allow	allow
fincrime	low	request	require_approval	require_approval
fincrime	low	response	NULL	log
fincrime	low	response	EMPTY	log
fincrime	low	response	block	block
fincrime	low	response	redact	redact
fincrime	low	response	log	log
fincrime	low	response	warn	warn
fincrime	low	response	allow	allow
fincrime	low	response	require_approval	require_approval
fincrime	-	request	NULL	log
fincrime	-	request	EMPTY	log
fincrime	-	request	block	block
fincrime	-	request	redact	redact
fincrime	-	request	log	log
fincrime	-	request	warn	warn
fincrime	-	request	allow	allow
fincrime	-	request	require_approval	require_approval
fincrime	-	response	NULL	log
fincrime	-	response	EMPTY	log
fincrime	-	response	block	block
fincrime	-	response	redact	redact
fincrime	-	response	log	log
fincrime	-	response	warn	warn
fincrime	-	response	allow	allow
fincrime	-	response	require_approval	require_approval
media-biometric	critical	request	NULL	log
media-biometric	critical	request	EMPTY	log
media-biometric	critical	request	block	block
media-biometric	critical	request	redact	redact
media-biometric	critical	request	log	log
media-biometric	critical	request	warn	warn
media-biometric	critical	request	allow	allow
media-biometric	critical	request	require_approval	require_approval
media-biometric	critical	response	NULL	log
media-biometric	critical	response	EMPTY	log
media-biometric	critical	response	block	block
media-biometric	critical	response	redact	redact
media-biometric	critical	response	log	log
media-biometric	critical	response	warn	warn
media-biometric	critical	response	allow	allow
media-biometric	critical	response	require_approval	require_approval
media-biometric	high	request	NULL	log
media-biometric	high	request	EMPTY	log
media-biometric	high	request	block	block
media-biometric	high	request	redact	redact
media-biometric	high	request	log	log
media-biometric	high	request	warn	warn
media-biometric	high	request	allow	allow
media-biometric	high	request	require_approval	require_approval
media-biometric	high	response	NULL	log
media-biometric	high	response	EMPTY	log
media-biometric	high	response	block	block
media-biometric	high	response	redact	redact
media-biometric	high	response	log	log
media-biometric	high	response	warn	warn
media-biometric	high	response	allow	allow
media-biometric	high	response	require_approval	require_approval
media-biometric	medium	request	NULL	log
media-biometric	medium	request	EMPTY	log
media-biometric	medium	request	block	block
media-biometric	medium	request	redact	redact
media-biometric	medium	request	log	log
media-biometric	medium	request	warn	warn
media-biometric	medium	request	allow	allow
media-biometric	medium	request	require_approval	require_approval
media-biometric	medium	response	NULL	log
media-biometric	medium	response	EMPTY	log
media-biometric	medium	response	block	block
media-biometric	medium	response	redact	redact
media-biometric	medium	response	log	log
media-biometric	medium	response	warn	warn
media-biometric	medium	response	allow	allow
media-biometric	medium	response	require_approval	require_approval
media-biometric	low	request	NULL	log
media-biometric	low	request	EMPTY	log
media-biometric	low	request	block	block
media-biometric	low	request	redact	redact
media-biometric	low	request	log	log
media-biometric	low	request	warn	warn
media-biometric	low	request	allow	allow
media-biometric	low	request	require_approval	require_approval
media-biometric	low	response	NULL	log
media-biometric	low	response	EMPTY	log
media-biometric	low	response	block	block
media-biometric	low	response	redact	redact
media-biometric	low	response	log	log
media-biometric	low	response	warn	warn
media-biometric	low	response	allow	allow
media-biometric	low	response	require_approval	require_approval
media-biometric	-	request	NULL	log
media-biometric	-	request	EMPTY	log
media-biometric	-	request	block	block
media-biometric	-	request	redact	redact
media-biometric	-	request	log	log
media-biometric	-	request	warn	warn
media-biometric	-	request	allow	allow
media-biometric	-	request	require_approval	require_approval
media-biometric	-	response	NULL	log
media-biometric	-	response	EMPTY	log
media-biometric	-	response	block	block
media-biometric	-	response	redact	redact
media-biometric	-	response	log	log
media-biometric	-	response	warn	warn
media-biometric	-	response	allow	allow
media-biometric	-	response	require_approval	require_approval
media-document	critical	request	NULL	log
media-document	critical	request	EMPTY	log
media-document	critical	request	block	block
media-document	critical	request	redact	redact
media-document	critical	request	log	log
media-document	critical	request	warn	warn
media-document	critical	request	allow	allow
media-document	critical	request	require_approval	require_approval
media-document	critical	response	NULL	log
media-document	critical	response	EMPTY	log
media-document	critical	response	block	block
media-document	critical	response	redact	redact
media-document	critical	response	log	log
media-document	critical	response	warn	warn
media-document	critical	response	allow	allow
media-document	critical	response	require_approval	require_approval
media-document	high	request	NULL	log
media-document	high	request	EMPTY	log
media-document	high	request	block	block
media-document	high	request	redact	redact
media-document	high	request	log	log
media-document	high	request	warn	warn
media-document	high	request	allow	allow
media-document	high	request	require_approval	require_approval
media-document	high	response	NULL	log
media-document	high	response	EMPTY	log
media-document	high	response	block	block
media-document	high	response	redact	redact
media-document	high	response	log	log
media-document	high	response	warn	warn
media-document	high	response	allow	allow
media-document	high	response	require_approval	require_approval
media-document	medium	request	NULL	log
media-document	medium	request	EMPTY	log
media-document	medium	request	block	block
media-document	medium	request	redact	redact
media-document	medium	request	log	log
media-document	medium	request	warn	warn
media-document	medium	request	allow	allow
media-document	medium	request	require_approval	require_approval
media-document	medium	response	NULL	log
media-document	medium	response	EMPTY	log
media-document	medium	response	block	block
media-document	medium	response	redact	redact
media-document	medium	response	log	log
media-document	medium	response	warn	warn
media-document	medium	response	allow	allow
media-document	medium	response	require_approval	require_approval
media-document	low	request	NULL	log
media-document	low	request	EMPTY	log
media-document	low	request	block	block
media-document	low	request	redact	redact
media-document	low	request	log	log
media-document	low	request	warn	warn
media-document	low	request	allow	allow
media-document	low	request	require_approval	require_approval
media-document	low	response	NULL	log
media-document	low	response	EMPTY	log
media-document	low	response	block	block
media-document	low	response	redact	redact
media-document	low	response	log	log
media-document	low	response	warn	warn
media-document	low	response	allow	allow
media-document	low	response	require_approval	require_approval
media-document	-	request	NULL	log
media-document	-	request	EMPTY	log
media-document	-	request	block	block
media-document	-	request	redact	redact
media-document	-	request	log	log
media-document	-	request	warn	warn
media-document	-	request	allow	allow
media-document	-	request	require_approval	require_approval
media-document	-	response	NULL	log
media-document	-	response	EMPTY	log
media-document	-	response	block	block
media-document	-	response	redact	redact
media-document	-	response	log	log
media-document	-	response	warn	warn
media-document	-	response	allow	allow
media-document	-	response	require_approval	require_approval
media-pii	critical	request	NULL	log
media-pii	critical	request	EMPTY	log
media-pii	critical	request	block	block
media-pii	critical	request	redact	redact
media-pii	critical	request	log	log
media-pii	critical	request	warn	warn
media-pii	critical	request	allow	allow
media-pii	critical	request	require_approval	require_approval
media-pii	critical	response	NULL	log
media-pii	critical	response	EMPTY	log
media-pii	critical	response	block	block
media-pii	critical	response	redact	redact
media-pii	critical	response	log	log
media-pii	critical	response	warn	warn
media-pii	critical	response	allow	allow
media-pii	critical	response	require_approval	require_approval
media-pii	high	request	NULL	log
media-pii	high	request	EMPTY	log
media-pii	high	request	block	block
media-pii	high	request	redact	redact
media-pii	high	request	log	log
media-pii	high	request	warn	warn
media-pii	high	request	allow	allow
media-pii	high	request	require_approval	require_approval
media-pii	high	response	NULL	log
media-pii	high	response	EMPTY	log
media-pii	high	response	block	block
media-pii	high	response	redact	redact
media-pii	high	response	log	log
media-pii	high	response	warn	warn
media-pii	high	response	allow	allow
media-pii	high	response	require_approval	require_approval
media-pii	medium	request	NULL	log
media-pii	medium	request	EMPTY	log
media-pii	medium	request	block	block
media-pii	medium	request	redact	redact
media-pii	medium	request	log	log
media-pii	medium	request	warn	warn
media-pii	medium	request	allow	allow
media-pii	medium	request	require_approval	require_approval
media-pii	medium	response	NULL	log
media-pii	medium	response	EMPTY	log
media-pii	medium	response	block	block
media-pii	medium	response	redact	redact
media-pii	medium	response	log	log
media-pii	medium	response	warn	warn
media-pii	medium	response	allow	allow
media-pii	medium	response	require_approval	require_approval
media-pii	low	request	NULL	log
media-pii	low	request	EMPTY	log
media-pii	low	request	block	block
media-pii	low	request	redact	redact
media-pii	low	request	log	log
media-pii	low	request	warn	warn
media-pii	low	request	allow	allow
media-pii	low	request	require_approval	require_approval
media-pii	low	response	NULL	log
media-pii	low	response	EMPTY	log
media-pii	low	response	block	block
media-pii	low	response	redact	redact
media-pii	low	response	log	log
media-pii	low	response	warn	warn
media-pii	low	response	allow	allow
media-pii	low	response	require_approval	require_approval
media-pii	-	request	NULL	log
media-pii	-	request	EMPTY	log
media-pii	-	request	block	block
media-pii	-	request	redact	redact
media-pii	-	request	log	log
media-pii	-	request	warn	warn
media-pii	-	request	allow	allow
media-pii	-	request	require_approval	require_approval
media-pii	-	response	NULL	log
media-pii	-	response	EMPTY	log
media-pii	-	response	block	block
media-pii	-	response	redact	redact
media-pii	-	response	log	log
media-pii	-	response	warn	warn
media-pii	-	response	allow	allow
media-pii	-	response	require_approval	require_approval
media-safety	critical	request	NULL	log
media-safety	critical	request	EMPTY	log
media-safety	critical	request	block	block
media-safety	critical	request	redact	redact
media-safety	critical	request	log	log
media-safety	critical	request	warn	warn
media-safety	critical	request	allow	allow
media-safety	critical	request	require_approval	require_approval
media-safety	critical	response	NULL	log
media-safety	critical	response	EMPTY	log
media-safety	critical	response	block	block
media-safety	critical	response	redact	redact
media-safety	critical	response	log	log
media-safety	critical	response	warn	warn
media-safety	critical	response	allow	allow
media-safety	critical	response	require_approval	require_approval
media-safety	high	request	NULL	log
media-safety	high	request	EMPTY	log
media-safety	high	request	block	block
media-safety	high	request	redact	redact
media-safety	high	request	log	log
media-safety	high	request	warn	warn
media-safety	high	request	allow	allow
media-safety	high	request	require_approval	require_approval
media-safety	high	response	NULL	log
media-safety	high	response	EMPTY	log
media-safety	high	response	block	block
media-safety	high	response	redact	redact
media-safety	high	response	log	log
media-safety	high	response	warn	warn
media-safety	high	response	allow	allow
media-safety	high	response	require_approval	require_approval
media-safety	medium	request	NULL	log
media-safety	medium	request	EMPTY	log
media-safety	medium	request	block	block
media-safety	medium	request	redact	redact
media-safety	medium	request	log	log
media-safety	medium	request	warn	warn
media-safety	medium	request	allow	allow
media-safety	medium	request	require_approval	require_approval
media-safety	medium	response	NULL	log
media-safety	medium	response	EMPTY	log
media-safety	medium	response	block	block
media-safety	medium	response	redact	redact
media-safety	medium	response	log	log
media-safety	medium	response	warn	warn
media-safety	medium	response	allow	allow
media-safety	medium	response	require_approval	require_approval
media-safety	low	request	NULL	log
media-safety	low	request	EMPTY	log
media-safety	low	request	block	block
media-safety	low	request	redact	redact
media-safety	low	request	log	log
media-safety	low	request	warn	warn
media-safety	low	request	allow	allow
media-safety	low	request	require_approval	require_approval
media-safety	low	response	NULL	log
media-safety	low	response	EMPTY	log
media-safety	low	response	block	block
media-safety	low	response	redact	redact
media-safety	low	response	log	log
media-safety	low	response	warn	warn
media-safety	low	response	allow	allow
media-safety	low	response	require_approval	require_approval
media-safety	-	request	NULL	log
media-safety	-	request	EMPTY	log
media-safety	-	request	block	block
media-safety	-	request	redact	redact
media-safety	-	request	log	log
media-safety	-	request	warn	warn
media-safety	-	request	allow	allow
media-safety	-	request	require_approval	require_approval
media-safety	-	response	NULL	log
media-safety	-	response	EMPTY	log
media-safety	-	response	block	block
media-safety	-	response	redact	redact
media-safety	-	response	log	log
media-safety	-	response	warn	warn
media-safety	-	response	allow	allow
media-safety	-	response	require_approval	require_approval
pii-eu	critical	request	NULL	redact
pii-eu	critical	request	EMPTY	redact
pii-eu	critical	request	block	block
pii-eu	critical	request	redact	redact
pii-eu	critical	request	log	log
pii-eu	critical	request	warn	warn
pii-eu	critical	request	allow	allow
pii-eu	critical	request	require_approval	require_approval
pii-eu	critical	response	NULL	redact
pii-eu	critical	response	EMPTY	redact
pii-eu	critical	response	block	block
pii-eu	critical	response	redact	redact
pii-eu	critical	response	log	log
pii-eu	critical	response	warn	warn
pii-eu	critical	response	allow	allow
pii-eu	critical	response	require_approval	require_approval
pii-eu	high	request	NULL	redact
pii-eu	high	request	EMPTY	redact
pii-eu	high	request	block	block
pii-eu	high	request	redact	redact
pii-eu	high	request	log	log
pii-eu	high	request	warn	warn
pii-eu	high	request	allow	allow
pii-eu	high	request	require_approval	require_approval
pii-eu	high	response	NULL	redact
pii-eu	high	response	EMPTY	redact
pii-eu	high	response	block	block
pii-eu	high	response	redact	redact
pii-eu	high	response	log	log
pii-eu	high	response	warn	warn
pii-eu	high	response	allow	allow
pii-eu	high	response	require_approval	require_approval
pii-eu	medium	request	NULL	redact
pii-eu	medium	request	EMPTY	redact
pii-eu	medium	request	block	block
pii-eu	medium	request	redact	redact
pii-eu	medium	request	log	log
pii-eu	medium	request	warn	warn
pii-eu	medium	request	allow	allow
pii-eu	medium	request	require_approval	require_approval
pii-eu	medium	response	NULL	redact
pii-eu	medium	response	EMPTY	redact
pii-eu	medium	response	block	block
pii-eu	medium	response	redact	redact
pii-eu	medium	response	log	log
pii-eu	medium	response	warn	warn
pii-eu	medium	response	allow	allow
pii-eu	medium	response	require_approval	require_approval
pii-eu	low	request	NULL	redact
pii-eu	low	request	EMPTY	redact
pii-eu	low	request	block	block
pii-eu	low	request	redact	redact
pii-eu	low	request	log	log
pii-eu	low	request	warn	warn
pii-eu	low	request	allow	allow
pii-eu	low	request	require_approval	require_approval
pii-eu	low	response	NULL	redact
pii-eu	low	response	EMPTY	redact
pii-eu	low	response	block	block
pii-eu	low	response	redact	redact
pii-eu	low	response	log	log
pii-eu	low	response	warn	warn
pii-eu	low	response	allow	allow
pii-eu	low	response	require_approval	require_approval
pii-eu	-	request	NULL	redact
pii-eu	-	request	EMPTY	redact
pii-eu	-	request	block	block
pii-eu	-	request	redact	redact
pii-eu	-	request	log	log
pii-eu	-	request	warn	warn
pii-eu	-	request	allow	allow
pii-eu	-	request	require_approval	require_approval
pii-eu	-	response	NULL	redact
pii-eu	-	response	EMPTY	redact
pii-eu	-	response	block	block
pii-eu	-	response	redact	redact
pii-eu	-	response	log	log
pii-eu	-	response	warn	warn
pii-eu	-	response	allow	allow
pii-eu	-	response	require_approval	require_approval
pii-global	critical	request	NULL	redact
pii-global	critical	request	EMPTY	redact
pii-global	critical	request	block	block
pii-global	critical	request	redact	redact
pii-global	critical	request	log	log
pii-global	critical	request	warn	warn
pii-global	critical	request	allow	allow
pii-global	critical	request	require_approval	require_approval
pii-global	critical	response	NULL	redact
pii-global	critical	response	EMPTY	redact
pii-global	critical	response	block	block
pii-global	critical	response	redact	redact
pii-global	critical	response	log	log
pii-global	critical	response	warn	warn
pii-global	critical	response	allow	allow
pii-global	critical	response	require_approval	require_approval
pii-global	high	request	NULL	redact
pii-global	high	request	EMPTY	redact
pii-global	high	request	block	block
pii-global	high	request	redact	redact
pii-global	high	request	log	log
pii-global	high	request	warn	warn
pii-global	high	request	allow	allow
pii-global	high	request	require_approval	require_approval
pii-global	high	response	NULL	redact
pii-global	high	response	EMPTY	redact
pii-global	high	response	block	block
pii-global	high	response	redact	redact
pii-global	high	response	log	log
pii-global	high	response	warn	warn
pii-global	high	response	allow	allow
pii-global	high	response	require_approval	require_approval
pii-global	medium	request	NULL	redact
pii-global	medium	request	EMPTY	redact
pii-global	medium	request	block	block
pii-global	medium	request	redact	redact
pii-global	medium	request	log	log
pii-global	medium	request	warn	warn
pii-global	medium	request	allow	allow
pii-global	medium	request	require_approval	require_approval
pii-global	medium	response	NULL	redact
pii-global	medium	response	EMPTY	redact
pii-global	medium	response	block	block
pii-global	medium	response	redact	redact
pii-global	medium	response	log	log
pii-global	medium	response	warn	warn
pii-global	medium	response	allow	allow
pii-global	medium	response	require_approval	require_approval
pii-global	low	request	NULL	redact
pii-global	low	request	EMPTY	redact
pii-global	low	request	block	block
pii-global	low	request	redact	redact
pii-global	low	request	log	log
pii-global	low	request	warn	warn
pii-global	low	request	allow	allow
pii-global	low	request	require_approval	require_approval
pii-global	low	response	NULL	redact
pii-global	low	response	EMPTY	redact
pii-global	low	response	block	block
pii-global	low	response	redact	redact
pii-global	low	response	log	log
pii-global	low	response	warn	warn
pii-global	low	response	allow	allow
pii-global	low	response	require_approval	require_approval
pii-global	-	request	NULL	redact
pii-global	-	request	EMPTY	redact
pii-global	-	request	block	block
pii-global	-	request	redact	redact
pii-global	-	request	log	log
pii-global	-	request	warn	warn
pii-global	-	request	allow	allow
pii-global	-	request	require_approval	require_approval
pii-global	-	response	NULL	redact
pii-global	-	response	EMPTY	redact
pii-global	-	response	block	block
pii-global	-	response	redact	redact
pii-global	-	response	log	log
pii-global	-	response	warn	warn
pii-global	-	response	allow	allow
pii-global	-	response	require_approval	require_approval
pii-india	critical	request	NULL	redact
pii-india	critical	request	EMPTY	redact
pii-india	critical	request	block	block
pii-india	critical	request	redact	redact
pii-india	critical	request	log	log
pii-india	critical	request	warn	warn
pii-india	critical	request	allow	allow
pii-india	critical	request	require_approval	require_approval
pii-india	critical	response	NULL	redact
pii-india	critical	response	EMPTY	redact
pii-india	critical	response	block	block
pii-india	critical	response	redact	redact
pii-india	critical	response	log	log
pii-india	critical	response	warn	warn
pii-india	critical	response	allow	allow
pii-india	critical	response	require_approval	require_approval
pii-india	high	request	NULL	redact
pii-india	high	request	EMPTY	redact
pii-india	high	request	block	block
pii-india	high	request	redact	redact
pii-india	high	request	log	log
pii-india	high	request	warn	warn
pii-india	high	request	allow	allow
pii-india	high	request	require_approval	require_approval
pii-india	high	response	NULL	redact
pii-india	high	response	EMPTY	redact
pii-india	high	response	block	block
pii-india	high	response	redact	redact
pii-india	high	response	log	log
pii-india	high	response	warn	warn
pii-india	high	response	allow	allow
pii-india	high	response	require_approval	require_approval
pii-india	medium	request	NULL	redact
pii-india	medium	request	EMPTY	redact
pii-india	medium	request	block	block
pii-india	medium	request	redact	redact
pii-india	medium	request	log	log
pii-india	medium	request	warn	warn
pii-india	medium	request	allow	allow
pii-india	medium	request	require_approval	require_approval
pii-india	medium	response	NULL	redact
pii-india	medium	response	EMPTY	redact
pii-india	medium	response	block	block
pii-india	medium	response	redact	redact
pii-india	medium	response	log	log
pii-india	medium	response	warn	warn
pii-india	medium	response	allow	allow
pii-india	medium	response	require_approval	require_approval
pii-india	low	request	NULL	redact
pii-india	low	request	EMPTY	redact
pii-india	low	request	block	block
pii-india	low	request	redact	redact
pii-india	low	request	log	log
pii-india	low	request	warn	warn
pii-india	low	request	allow	allow
pii-india	low	request	require_approval	require_approval
pii-india	low	response	NULL	redact
pii-india	low	response	EMPTY	redact
pii-india	low	response	block	block
pii-india	low	response	redact	redact
pii-india	low	response	log	log
pii-india	low	response	warn	warn
pii-india	low	response	allow	allow
pii-india	low	response	require_approval	require_approval
pii-india	-	request	NULL	redact
pii-india	-	request	EMPTY	redact
pii-india	-	request	block	block
pii-india	-	request	redact	redact
pii-india	-	request	log	log
pii-india	-	request	warn	warn
pii-india	-	request	allow	allow
pii-india	-	request	require_approval	require_approval
pii-india	-	response	NULL	redact
pii-india	-	response	EMPTY	redact
pii-india	-	response	block	block
pii-india	-	response	redact	redact
pii-india	-	response	log	log
pii-india	-	response	warn	warn
pii-india	-	response	allow	allow
pii-india	-	response	require_approval	require_approval
pii-indonesia	critical	request	NULL	redact
pii-indonesia	critical	request	EMPTY	redact
pii-indonesia	critical	request	block	block
pii-indonesia	critical	request	redact	redact
pii-indonesia	critical	request	log	log
pii-indonesia	critical	request	warn	warn
pii-indonesia	critical	request	allow	allow
pii-indonesia	critical	request	require_approval	require_approval
pii-indonesia	critical	response	NULL	redact
pii-indonesia	critical	response	EMPTY	redact
pii-indonesia	critical	response	block	block
pii-indonesia	critical	response	redact	redact
pii-indonesia	critical	response	log	log
pii-indonesia	critical	response	warn	warn
pii-indonesia	critical	response	allow	allow
pii-indonesia	critical	response	require_approval	require_approval
pii-indonesia	high	request	NULL	redact
pii-indonesia	high	request	EMPTY	redact
pii-indonesia	high	request	block	block
pii-indonesia	high	request	redact	redact
pii-indonesia	high	request	log	log
pii-indonesia	high	request	warn	warn
pii-indonesia	high	request	allow	allow
pii-indonesia	high	request	require_approval	require_approval
pii-indonesia	high	response	NULL	redact
pii-indonesia	high	response	EMPTY	redact
pii-indonesia	high	response	block	block
pii-indonesia	high	response	redact	redact
pii-indonesia	high	response	log	log
pii-indonesia	high	response	warn	warn
pii-indonesia	high	response	allow	allow
pii-indonesia	high	response	require_approval	require_approval
pii-indonesia	medium	request	NULL	redact
pii-indonesia	medium	request	EMPTY	redact
pii-indonesia	medium	request	block	block
pii-indonesia	medium	request	redact	redact
pii-indonesia	medium	request	log	log
pii-indonesia	medium	request	warn	warn
pii-indonesia	medium	request	allow	allow
pii-indonesia	medium	request	require_approval	require_approval
pii-indonesia	medium	response	NULL	redact
pii-indonesia	medium	response	EMPTY	redact
pii-indonesia	medium	response	block	block
pii-indonesia	medium	response	redact	redact
pii-indonesia	medium	response	log	log
pii-indonesia	medium	response	warn	warn
pii-indonesia	medium	response	allow	allow
pii-indonesia	medium	response	require_approval	require_approval
pii-indonesia	low	request	NULL	redact
pii-indonesia	low	request	EMPTY	redact
pii-indonesia	low	request	block	block
pii-indonesia	low	request	redact	redact
pii-indonesia	low	request	log	log
pii-indonesia	low	request	warn	warn
pii-indonesia	low	request	allow	allow
pii-indonesia	low	request	require_approval	require_approval
pii-indonesia	low	response	NULL	redact
pii-indonesia	low	response	EMPTY	redact
pii-indonesia	low	response	block	block
pii-indonesia	low	response	redact	redact
pii-indonesia	low	response	log	log
pii-indonesia	low	response	warn	warn
pii-indonesia	low	response	allow	allow
pii-indonesia	low	response	require_approval	require_approval
pii-indonesia	-	request	NULL	redact
pii-indonesia	-	request	EMPTY	redact
pii-indonesia	-	request	block	block
pii-indonesia	-	request	redact	redact
pii-indonesia	-	request	log	log
pii-indonesia	-	request	warn	warn
pii-indonesia	-	request	allow	allow
pii-indonesia	-	request	require_approval	require_approval
pii-indonesia	-	response	NULL	redact
pii-indonesia	-	response	EMPTY	redact
pii-indonesia	-	response	block	block
pii-indonesia	-	response	redact	redact
pii-indonesia	-	response	log	log
pii-indonesia	-	response	warn	warn
pii-indonesia	-	response	allow	allow
pii-indonesia	-	response	require_approval	require_approval
pii-singapore	critical	request	NULL	redact
pii-singapore	critical	request	EMPTY	redact
pii-singapore	critical	request	block	block
pii-singapore	critical	request	redact	redact
pii-singapore	critical	request	log	log
pii-singapore	critical	request	warn	warn
pii-singapore	critical	request	allow	allow
pii-singapore	critical	request	require_approval	require_approval
pii-singapore	critical	response	NULL	redact
pii-singapore	critical	response	EMPTY	redact
pii-singapore	critical	response	block	block
pii-singapore	critical	response	redact	redact
pii-singapore	critical	response	log	log
pii-singapore	critical	response	warn	warn
pii-singapore	critical	response	allow	allow
pii-singapore	critical	response	require_approval	require_approval
pii-singapore	high	request	NULL	redact
pii-singapore	high	request	EMPTY	redact
pii-singapore	high	request	block	block
pii-singapore	high	request	redact	redact
pii-singapore	high	request	log	log
pii-singapore	high	request	warn	warn
pii-singapore	high	request	allow	allow
pii-singapore	high	request	require_approval	require_approval
pii-singapore	high	response	NULL	redact
pii-singapore	high	response	EMPTY	redact
pii-singapore	high	response	block	block
pii-singapore	high	response	redact	redact
pii-singapore	high	response	log	log
pii-singapore	high	response	warn	warn
pii-singapore	high	response	allow	allow
pii-singapore	high	response	require_approval	require_approval
pii-singapore	medium	request	NULL	redact
pii-singapore	medium	request	EMPTY	redact
pii-singapore	medium	request	block	block
pii-singapore	medium	request	redact	redact
pii-singapore	medium	request	log	log
pii-singapore	medium	request	warn	warn
pii-singapore	medium	request	allow	allow
pii-singapore	medium	request	require_approval	require_approval
pii-singapore	medium	response	NULL	redact
pii-singapore	medium	response	EMPTY	redact
pii-singapore	medium	response	block	block
pii-singapore	medium	response	redact	redact
pii-singapore	medium	response	log	log
pii-singapore	medium	response	warn	warn
pii-singapore	medium	response	allow	allow
pii-singapore	medium	response	require_approval	require_approval
pii-singapore	low	request	NULL	redact
pii-singapore	low	request	EMPTY	redact
pii-singapore	low	request	block	block
pii-singapore	low	request	redact	redact
pii-singapore	low	request	log	log
pii-singapore	low	request	warn	warn
pii-singapore	low	request	allow	allow
pii-singapore	low	request	require_approval	require_approval
pii-singapore	low	response	NULL	redact
pii-singapore	low	response	EMPTY	redact
pii-singapore	low	response	block	block
pii-singapore	low	response	redact	redact
pii-singapore	low	response	log	log
pii-singapore	low	response	warn	warn
pii-singapore	low	response	allow	allow
pii-singapore	low	response	require_approval	require_approval
pii-singapore	-	request	NULL	redact
pii-singapore	-	request	EMPTY	redact
pii-singapore	-	request	block	block
pii-singapore	-	request	redact	redact
pii-singapore	-	request	log	log
pii-singapore	-	request	warn	warn
pii-singapore	-	request	allow	allow
pii-singapore	-	request	require_approval	require_approval
pii-singapore	-	response	NULL	redact
pii-singapore	-	response	EMPTY	redact
pii-singapore	-	response	block	block
pii-singapore	-	response	redact	redact
pii-singapore	-	response	log	log
pii-singapore	-	response	warn	warn
pii-singapore	-	response	allow	allow
pii-singapore	-	response	require_approval	require_approval
pii-us	critical	request	NULL	redact
pii-us	critical	request	EMPTY	redact
pii-us	critical	request	block	block
pii-us	critical	request	redact	redact
pii-us	critical	request	log	log
pii-us	critical	request	warn	warn
pii-us	critical	request	allow	allow
pii-us	critical	request	require_approval	require_approval
pii-us	critical	response	NULL	redact
pii-us	critical	response	EMPTY	redact
pii-us	critical	response	block	block
pii-us	critical	response	redact	redact
pii-us	critical	response	log	log
pii-us	critical	response	warn	warn
pii-us	critical	response	allow	allow
pii-us	critical	response	require_approval	require_approval
pii-us	high	request	NULL	redact
pii-us	high	request	EMPTY	redact
pii-us	high	request	block	block
pii-us	high	request	redact	redact
pii-us	high	request	log	log
pii-us	high	request	warn	warn
pii-us	high	request	allow	allow
pii-us	high	request	require_approval	require_approval
pii-us	high	response	NULL	redact
pii-us	high	response	EMPTY	redact
pii-us	high	response	block	block
pii-us	high	response	redact	redact
pii-us	high	response	log	log
pii-us	high	response	warn	warn
pii-us	high	response	allow	allow
pii-us	high	response	require_approval	require_approval
pii-us	medium	request	NULL	redact
pii-us	medium	request	EMPTY	redact
pii-us	medium	request	block	block
pii-us	medium	request	redact	redact
pii-us	medium	request	log	log
pii-us	medium	request	warn	warn
pii-us	medium	request	allow	allow
pii-us	medium	request	require_approval	require_approval
pii-us	medium	response	NULL	redact
pii-us	medium	response	EMPTY	redact
pii-us	medium	response	block	block
pii-us	medium	response	redact	redact
pii-us	medium	response	log	log
pii-us	medium	response	warn	warn
pii-us	medium	response	allow	allow
pii-us	medium	response	require_approval	require_approval
pii-us	low	request	NULL	redact
pii-us	low	request	EMPTY	redact
pii-us	low	request	block	block
pii-us	low	request	redact	redact
pii-us	low	request	log	log
pii-us	low	request	warn	warn
pii-us	low	request	allow	allow
pii-us	low	request	require_approval	require_approval
pii-us	low	response	NULL	redact
pii-us	low	response	EMPTY	redact
pii-us	low	response	block	block
pii-us	low	response	redact	redact
pii-us	low	response	log	log
pii-us	low	response	warn	warn
pii-us	low	response	allow	allow
pii-us	low	response	require_approval	require_approval
pii-us	-	request	NULL	redact
pii-us	-	request	EMPTY	redact
pii-us	-	request	block	block
pii-us	-	request	redact	redact
pii-us	-	request	log	log
pii-us	-	request	warn	warn
pii-us	-	request	allow	allow
pii-us	-	request	require_approval	require_approval
pii-us	-	response	NULL	redact
pii-us	-	response	EMPTY	redact
pii-us	-	response	block	block
pii-us	-	response	redact	redact
pii-us	-	response	log	log
pii-us	-	response	warn	warn
pii-us	-	response	allow	allow
pii-us	-	response	require_approval	require_approval
security-dangerous	critical	request	NULL	block
security-dangerous	critical	request	EMPTY	block
security-dangerous	critical	request	block	block
security-dangerous	critical	request	redact	redact
security-dangerous	critical	request	log	log
security-dangerous	critical	request	warn	warn
security-dangerous	critical	request	allow	allow
security-dangerous	critical	request	require_approval	require_approval
security-dangerous	critical	response	NULL	block
security-dangerous	critical	response	EMPTY	block
security-dangerous	critical	response	block	block
security-dangerous	critical	response	redact	redact
security-dangerous	critical	response	log	log
security-dangerous	critical	response	warn	warn
security-dangerous	critical	response	allow	allow
security-dangerous	critical	response	require_approval	require_approval
security-dangerous	high	request	NULL	log
security-dangerous	high	request	EMPTY	log
security-dangerous	high	request	block	block
security-dangerous	high	request	redact	redact
security-dangerous	high	request	log	log
security-dangerous	high	request	warn	warn
security-dangerous	high	request	allow	allow
security-dangerous	high	request	require_approval	require_approval
security-dangerous	high	response	NULL	log
security-dangerous	high	response	EMPTY	log
security-dangerous	high	response	block	block
security-dangerous	high	response	redact	redact
security-dangerous	high	response	log	log
security-dangerous	high	response	warn	warn
security-dangerous	high	response	allow	allow
security-dangerous	high	response	require_approval	require_approval
security-dangerous	medium	request	NULL	log
security-dangerous	medium	request	EMPTY	log
security-dangerous	medium	request	block	block
security-dangerous	medium	request	redact	redact
security-dangerous	medium	request	log	log
security-dangerous	medium	request	warn	warn
security-dangerous	medium	request	allow	allow
security-dangerous	medium	request	require_approval	require_approval
security-dangerous	medium	response	NULL	log
security-dangerous	medium	response	EMPTY	log
security-dangerous	medium	response	block	block
security-dangerous	medium	response	redact	redact
security-dangerous	medium	response	log	log
security-dangerous	medium	response	warn	warn
security-dangerous	medium	response	allow	allow
security-dangerous	medium	response	require_approval	require_approval
security-dangerous	low	request	NULL	log
security-dangerous	low	request	EMPTY	log
security-dangerous	low	request	block	block
security-dangerous	low	request	redact	redact
security-dangerous	low	request	log	log
security-dangerous	low	request	warn	warn
security-dangerous	low	request	allow	allow
security-dangerous	low	request	require_approval	require_approval
security-dangerous	low	response	NULL	log
security-dangerous	low	response	EMPTY	log
security-dangerous	low	response	block	block
security-dangerous	low	response	redact	redact
security-dangerous	low	response	log	log
security-dangerous	low	response	warn	warn
security-dangerous	low	response	allow	allow
security-dangerous	low	response	require_approval	require_approval
security-dangerous	-	request	NULL	log
security-dangerous	-	request	EMPTY	log
security-dangerous	-	request	block	block
security-dangerous	-	request	redact	redact
security-dangerous	-	request	log	log
security-dangerous	-	request	warn	warn
security-dangerous	-	request	allow	allow
security-dangerous	-	request	require_approval	require_approval
security-dangerous	-	response	NULL	log
security-dangerous	-	response	EMPTY	log
security-dangerous	-	response	block	block
security-dangerous	-	response	redact	redact
security-dangerous	-	response	log	log
security-dangerous	-	response	warn	warn
security-dangerous	-	response	allow	allow
security-dangerous	-	response	require_approval	require_approval
security-sqli	critical	request	NULL	block
security-sqli	critical	request	EMPTY	block
security-sqli	critical	request	block	block
security-sqli	critical	request	redact	redact
security-sqli	critical	request	log	log
security-sqli	critical	request	warn	warn
security-sqli	critical	request	allow	allow
security-sqli	critical	request	require_approval	require_approval
security-sqli	critical	response	NULL	block
security-sqli	critical	response	EMPTY	block
security-sqli	critical	response	block	block
security-sqli	critical	response	redact	redact
security-sqli	critical	response	log	log
security-sqli	critical	response	warn	warn
security-sqli	critical	response	allow	allow
security-sqli	critical	response	require_approval	require_approval
security-sqli	high	request	NULL	log
security-sqli	high	request	EMPTY	log
security-sqli	high	request	block	block
security-sqli	high	request	redact	redact
security-sqli	high	request	log	log
security-sqli	high	request	warn	warn
security-sqli	high	request	allow	allow
security-sqli	high	request	require_approval	require_approval
security-sqli	high	response	NULL	log
security-sqli	high	response	EMPTY	log
security-sqli	high	response	block	block
security-sqli	high	response	redact	redact
security-sqli	high	response	log	log
security-sqli	high	response	warn	warn
security-sqli	high	response	allow	allow
security-sqli	high	response	require_approval	require_approval
security-sqli	medium	request	NULL	log
security-sqli	medium	request	EMPTY	log
security-sqli	medium	request	block	block
security-sqli	medium	request	redact	redact
security-sqli	medium	request	log	log
security-sqli	medium	request	warn	warn
security-sqli	medium	request	allow	allow
security-sqli	medium	request	require_approval	require_approval
security-sqli	medium	response	NULL	log
security-sqli	medium	response	EMPTY	log
security-sqli	medium	response	block	block
security-sqli	medium	response	redact	redact
security-sqli	medium	response	log	log
security-sqli	medium	response	warn	warn
security-sqli	medium	response	allow	allow
security-sqli	medium	response	require_approval	require_approval
security-sqli	low	request	NULL	log
security-sqli	low	request	EMPTY	log
security-sqli	low	request	block	block
security-sqli	low	request	redact	redact
security-sqli	low	request	log	log
security-sqli	low	request	warn	warn
security-sqli	low	request	allow	allow
security-sqli	low	request	require_approval	require_approval
security-sqli	low	response	NULL	log
security-sqli	low	response	EMPTY	log
security-sqli	low	response	block	block
security-sqli	low	response	redact	redact
security-sqli	low	response	log	log
security-sqli	low	response	warn	warn
security-sqli	low	response	allow	allow
security-sqli	low	response	require_approval	require_approval
security-sqli	-	request	NULL	log
security-sqli	-	request	EMPTY	log
security-sqli	-	request	block	block
security-sqli	-	request	redact	redact
security-sqli	-	request	log	log
security-sqli	-	request	warn	warn
security-sqli	-	request	allow	allow
security-sqli	-	request	require_approval	require_approval
security-sqli	-	response	NULL	log
security-sqli	-	response	EMPTY	log
security-sqli	-	response	block	block
security-sqli	-	response	redact	redact
security-sqli	-	response	log	log
security-sqli	-	response	warn	warn
security-sqli	-	response	allow	allow
security-sqli	-	response	require_approval	require_approval
sensitive-data	critical	request	NULL	log
sensitive-data	critical	request	EMPTY	log
sensitive-data	critical	request	block	block
sensitive-data	critical	request	redact	redact
sensitive-data	critical	request	log	log
sensitive-data	critical	request	warn	warn
sensitive-data	critical	request	allow	allow
sensitive-data	critical	request	require_approval	require_approval
sensitive-data	critical	response	NULL	log
sensitive-data	critical	response	EMPTY	log
sensitive-data	critical	response	block	block
sensitive-data	critical	response	redact	redact
sensitive-data	critical	response	log	log
sensitive-data	critical	response	warn	warn
sensitive-data	critical	response	allow	allow
sensitive-data	critical	response	require_approval	require_approval
sensitive-data	high	request	NULL	log
sensitive-data	high	request	EMPTY	log
sensitive-data	high	request	block	block
sensitive-data	high	request	redact	redact
sensitive-data	high	request	log	log
sensitive-data	high	request	warn	warn
sensitive-data	high	request	allow	allow
sensitive-data	high	request	require_approval	require_approval
sensitive-data	high	response	NULL	log
sensitive-data	high	response	EMPTY	log
sensitive-data	high	response	block	block
sensitive-data	high	response	redact	redact
sensitive-data	high	response	log	log
sensitive-data	high	response	warn	warn
sensitive-data	high	response	allow	allow
sensitive-data	high	response	require_approval	require_approval
sensitive-data	medium	request	NULL	log
sensitive-data	medium	request	EMPTY	log
sensitive-data	medium	request	block	block
sensitive-data	medium	request	redact	redact
sensitive-data	medium	request	log	log
sensitive-data	medium	request	warn	warn
sensitive-data	medium	request	allow	allow
sensitive-data	medium	request	require_approval	require_approval
sensitive-data	medium	response	NULL	log
sensitive-data	medium	response	EMPTY	log
sensitive-data	medium	response	block	block
sensitive-data	medium	response	redact	redact
sensitive-data	medium	response	log	log
sensitive-data	medium	response	warn	warn
sensitive-data	medium	response	allow	allow
sensitive-data	medium	response	require_approval	require_approval
sensitive-data	low	request	NULL	log
sensitive-data	low	request	EMPTY	log
sensitive-data	low	request	block	block
sensitive-data	low	request	redact	redact
sensitive-data	low	request	log	log
sensitive-data	low	request	warn	warn
sensitive-data	low	request	allow	allow
sensitive-data	low	request	require_approval	require_approval
sensitive-data	low	response	NULL	log
sensitive-data	low	response	EMPTY	log
sensitive-data	low	response	block	block
sensitive-data	low	response	redact	redact
sensitive-data	low	response	log	log
sensitive-data	low	response	warn	warn
sensitive-data	low	response	allow	allow
sensitive-data	low	response	require_approval	require_approval
sensitive-data	-	request	NULL	log
sensitive-data	-	request	EMPTY	log
sensitive-data	-	request	block	block
sensitive-data	-	request	redact	redact
sensitive-data	-	request	log	log
sensitive-data	-	request	warn	warn
sensitive-data	-	request	allow	allow
sensitive-data	-	request	require_approval	require_approval
sensitive-data	-	response	NULL	log
sensitive-data	-	response	EMPTY	log
sensitive-data	-	response	block	block
sensitive-data	-	response	redact	redact
sensitive-data	-	response	log	log
sensitive-data	-	response	warn	warn
sensitive-data	-	response	allow	allow
sensitive-data	-	response	require_approval	require_approval
an-unregistered-category	critical	request	NULL	log
an-unregistered-category	critical	request	EMPTY	log
an-unregistered-category	critical	request	block	block
an-unregistered-category	critical	request	redact	redact
an-unregistered-category	critical	request	log	log
an-unregistered-category	critical	request	warn	warn
an-unregistered-category	critical	request	allow	allow
an-unregistered-category	critical	request	require_approval	require_approval
an-unregistered-category	critical	response	NULL	log
an-unregistered-category	critical	response	EMPTY	log
an-unregistered-category	critical	response	block	block
an-unregistered-category	critical	response	redact	redact
an-unregistered-category	critical	response	log	log
an-unregistered-category	critical	response	warn	warn
an-unregistered-category	critical	response	allow	allow
an-unregistered-category	critical	response	require_approval	require_approval
an-unregistered-category	high	request	NULL	log
an-unregistered-category	high	request	EMPTY	log
an-unregistered-category	high	request	block	block
an-unregistered-category	high	request	redact	redact
an-unregistered-category	high	request	log	log
an-unregistered-category	high	request	warn	warn
an-unregistered-category	high	request	allow	allow
an-unregistered-category	high	request	require_approval	require_approval
an-unregistered-category	high	response	NULL	log
an-unregistered-category	high	response	EMPTY	log
an-unregistered-category	high	response	block	block
an-unregistered-category	high	response	redact	redact
an-unregistered-category	high	response	log	log
an-unregistered-category	high	response	warn	warn
an-unregistered-category	high	response	allow	allow
an-unregistered-category	high	response	require_approval	require_approval
an-unregistered-category	medium	request	NULL	log
an-unregistered-category	medium	request	EMPTY	log
an-unregistered-category	medium	request	block	block
an-unregistered-category	medium	request	redact	redact
an-unregistered-category	medium	request	log	log
an-unregistered-category	medium	request	warn	warn
an-unregistered-category	medium	request	allow	allow
an-unregistered-category	medium	request	require_approval	require_approval
an-unregistered-category	medium	response	NULL	log
an-unregistered-category	medium	response	EMPTY	log
an-unregistered-category	medium	response	block	block
an-unregistered-category	medium	response	redact	redact
an-unregistered-category	medium	response	log	log
an-unregistered-category	medium	response	warn	warn
an-unregistered-category	medium	response	allow	allow
an-unregistered-category	medium	response	require_approval	require_approval
an-unregistered-category	low	request	NULL	log
an-unregistered-category	low	request	EMPTY	log
an-unregistered-category	low	request	block	block
an-unregistered-category	low	request	redact	redact
an-unregistered-category	low	request	log	log
an-unregistered-category	low	request	warn	warn
an-unregistered-category	low	request	allow	allow
an-unregistered-category	low	request	require_approval	require_approval
an-unregistered-category	low	response	NULL	log
an-unregistered-category	low	response	EMPTY	log
an-unregistered-category	low	response	block	block
an-unregistered-category	low	response	redact	redact
an-unregistered-category	low	response	log	log
an-unregistered-category	low	response	warn	warn
an-unregistered-category	low	response	allow	allow
an-unregistered-category	low	response	require_approval	require_approval
an-unregistered-category	-	request	NULL	log
an-unregistered-category	-	request	EMPTY	log
an-unregistered-category	-	request	block	block
an-unregistered-category	-	request	redact	redact
an-unregistered-category	-	request	log	log
an-unregistered-category	-	request	warn	warn
an-unregistered-category	-	request	allow	allow
an-unregistered-category	-	request	require_approval	require_approval
an-unregistered-category	-	response	NULL	log
an-unregistered-category	-	response	EMPTY	log
an-unregistered-category	-	response	block	block
an-unregistered-category	-	response	redact	redact
an-unregistered-category	-	response	log	log
an-unregistered-category	-	response	warn	warn
an-unregistered-category	-	response	allow	allow
an-unregistered-category	-	response	require_approval	require_approval
