mode: set
axonflow/platform/orchestrator/agent_config.go:135.61,137.16 2 0
axonflow/platform/orchestrator/agent_config.go:137.16,139.3 1 0
axonflow/platform/orchestrator/agent_config.go:141.2,141.31 1 0
axonflow/platform/orchestrator/agent_config.go:145.62,147.54 2 0
axonflow/platform/orchestrator/agent_config.go:147.54,149.3 1 0
axonflow/platform/orchestrator/agent_config.go:152.2,152.53 1 0
axonflow/platform/orchestrator/agent_config.go:152.53,154.3 1 0
axonflow/platform/orchestrator/agent_config.go:156.2,156.21 1 0
axonflow/platform/orchestrator/agent_config.go:160.57,161.19 1 0
axonflow/platform/orchestrator/agent_config.go:161.19,163.3 1 0
axonflow/platform/orchestrator/agent_config.go:166.2,166.59 1 0
axonflow/platform/orchestrator/agent_config.go:166.59,168.3 1 0
axonflow/platform/orchestrator/agent_config.go:170.2,170.34 1 0
axonflow/platform/orchestrator/agent_config.go:170.34,172.3 1 0
axonflow/platform/orchestrator/agent_config.go:175.2,175.59 1 0
axonflow/platform/orchestrator/agent_config.go:175.59,177.3 1 0
axonflow/platform/orchestrator/agent_config.go:180.2,180.51 1 0
axonflow/platform/orchestrator/agent_config.go:180.51,182.3 1 0
axonflow/platform/orchestrator/agent_config.go:184.2,184.12 1 0
axonflow/platform/orchestrator/agent_config.go:188.54,189.25 1 0
axonflow/platform/orchestrator/agent_config.go:189.25,191.3 1 0
axonflow/platform/orchestrator/agent_config.go:193.2,193.27 1 0
axonflow/platform/orchestrator/agent_config.go:193.27,195.3 1 0
axonflow/platform/orchestrator/agent_config.go:198.2,198.39 1 0
axonflow/platform/orchestrator/agent_config.go:198.39,200.3 1 0
axonflow/platform/orchestrator/agent_config.go:202.2,202.12 1 0
axonflow/platform/orchestrator/agent_config.go:206.48,208.65 1 0
axonflow/platform/orchestrator/agent_config.go:208.65,210.3 1 0
axonflow/platform/orchestrator/agent_config.go:213.2,213.27 1 0
axonflow/platform/orchestrator/agent_config.go:213.27,215.3 1 0
axonflow/platform/orchestrator/agent_config.go:217.2,218.36 2 0
axonflow/platform/orchestrator/agent_config.go:218.36,219.50 1 0
axonflow/platform/orchestrator/agent_config.go:219.50,221.4 1 0
axonflow/platform/orchestrator/agent_config.go:223.3,223.29 1 0
axonflow/platform/orchestrator/agent_config.go:223.29,225.4 1 0
axonflow/platform/orchestrator/agent_config.go:226.3,226.32 1 0
axonflow/platform/orchestrator/agent_config.go:230.2,230.36 1 0
axonflow/platform/orchestrator/agent_config.go:230.36,231.67 1 0
axonflow/platform/orchestrator/agent_config.go:231.67,233.4 1 0
axonflow/platform/orchestrator/agent_config.go:236.2,236.12 1 0
axonflow/platform/orchestrator/agent_config.go:240.61,242.74 1 0
axonflow/platform/orchestrator/agent_config.go:242.74,244.3 1 0
axonflow/platform/orchestrator/agent_config.go:247.2,247.33 1 0
axonflow/platform/orchestrator/agent_config.go:247.33,249.3 1 0
axonflow/platform/orchestrator/agent_config.go:252.2,252.31 1 0
axonflow/platform/orchestrator/agent_config.go:252.31,254.3 1 0
axonflow/platform/orchestrator/agent_config.go:256.2,256.12 1 0
axonflow/platform/orchestrator/agent_config.go:260.54,261.22 1 0
axonflow/platform/orchestrator/agent_config.go:261.22,263.3 1 0
axonflow/platform/orchestrator/agent_config.go:265.2,265.36 1 0
axonflow/platform/orchestrator/agent_config.go:265.36,267.3 1 0
axonflow/platform/orchestrator/agent_config.go:269.2,269.22 1 0
axonflow/platform/orchestrator/agent_config.go:269.22,271.3 1 0
axonflow/platform/orchestrator/agent_config.go:273.2,273.34 1 0
axonflow/platform/orchestrator/agent_config.go:273.34,275.3 1 0
axonflow/platform/orchestrator/agent_config.go:278.2,278.20 1 0
axonflow/platform/orchestrator/agent_config.go:279.18,280.53 1 0
axonflow/platform/orchestrator/agent_config.go:280.53,282.4 1 0
axonflow/platform/orchestrator/agent_config.go:283.3,283.23 1 0
axonflow/platform/orchestrator/agent_config.go:283.23,284.55 1 0
axonflow/platform/orchestrator/agent_config.go:284.55,286.5 1 0
axonflow/platform/orchestrator/agent_config.go:288.24,289.29 1 0
axonflow/platform/orchestrator/agent_config.go:289.29,291.4 1 0
axonflow/platform/orchestrator/agent_config.go:292.3,292.63 1 0
axonflow/platform/orchestrator/agent_config.go:292.63,294.4 1 0
axonflow/platform/orchestrator/agent_config.go:297.2,297.12 1 0
axonflow/platform/orchestrator/agent_config.go:301.51,302.24 1 0
axonflow/platform/orchestrator/agent_config.go:302.24,304.3 1 0
axonflow/platform/orchestrator/agent_config.go:306.2,306.21 1 0
axonflow/platform/orchestrator/agent_config.go:306.21,308.3 1 0
axonflow/platform/orchestrator/agent_config.go:311.2,311.64 1 0
axonflow/platform/orchestrator/agent_config.go:311.64,313.3 1 0
axonflow/platform/orchestrator/agent_config.go:316.2,316.23 1 0
axonflow/platform/orchestrator/agent_config.go:316.23,318.3 1 0
axonflow/platform/orchestrator/agent_config.go:320.2,320.12 1 0
axonflow/platform/orchestrator/agent_config.go:324.53,325.21 1 0
axonflow/platform/orchestrator/agent_config.go:325.21,327.3 1 0
axonflow/platform/orchestrator/agent_config.go:329.2,329.26 1 0
axonflow/platform/orchestrator/agent_config.go:329.26,331.3 1 0
axonflow/platform/orchestrator/agent_config.go:333.2,333.12 1 0
axonflow/platform/orchestrator/agent_config.go:337.91,338.24 1 0
axonflow/platform/orchestrator/agent_config.go:338.24,340.3 1 0
axonflow/platform/orchestrator/agent_config.go:343.2,343.59 1 0
axonflow/platform/orchestrator/agent_config.go:343.59,345.3 1 0
axonflow/platform/orchestrator/agent_config.go:347.2,347.22 1 0
axonflow/platform/orchestrator/agent_config.go:347.22,349.3 1 0
axonflow/platform/orchestrator/agent_config.go:352.2,352.30 1 0
axonflow/platform/orchestrator/agent_config.go:352.30,354.3 1 0
axonflow/platform/orchestrator/agent_config.go:356.2,356.12 1 0
axonflow/platform/orchestrator/agent_config.go:360.49,367.46 2 0
axonflow/platform/orchestrator/agent_config.go:367.46,369.30 2 0
axonflow/platform/orchestrator/agent_config.go:369.30,371.4 1 0
axonflow/platform/orchestrator/agent_config.go:375.2,376.16 2 0
axonflow/platform/orchestrator/agent_config.go:376.16,378.3 1 0
axonflow/platform/orchestrator/agent_config.go:381.2,381.37 1 0
axonflow/platform/orchestrator/agent_config.go:381.37,383.3 1 0
axonflow/platform/orchestrator/agent_config.go:385.2,385.12 1 0
axonflow/platform/orchestrator/agent_config.go:390.39,391.13 1 0
axonflow/platform/orchestrator/agent_config.go:391.13,393.3 1 0
axonflow/platform/orchestrator/agent_config.go:395.2,395.22 1 0
axonflow/platform/orchestrator/agent_config.go:395.22,396.27 1 0
axonflow/platform/orchestrator/agent_config.go:396.27,397.12 1 0
axonflow/platform/orchestrator/agent_config.go:399.3,399.27 1 0
axonflow/platform/orchestrator/agent_config.go:399.27,400.12 1 0
axonflow/platform/orchestrator/agent_config.go:402.3,402.27 1 0
axonflow/platform/orchestrator/agent_config.go:402.27,404.14 1 0
axonflow/platform/orchestrator/agent_config.go:404.14,406.5 1 0
axonflow/platform/orchestrator/agent_config.go:407.4,407.12 1 0
axonflow/platform/orchestrator/agent_config.go:409.3,409.15 1 0
axonflow/platform/orchestrator/agent_config.go:412.2,412.13 1 0
axonflow/platform/orchestrator/agent_config.go:416.82,417.19 1 0
axonflow/platform/orchestrator/agent_config.go:417.19,419.3 1 0
axonflow/platform/orchestrator/agent_config.go:421.2,423.43 2 0
axonflow/platform/orchestrator/agent_config.go:423.43,425.17 2 0
axonflow/platform/orchestrator/agent_config.go:425.17,427.4 1 0
axonflow/platform/orchestrator/agent_config.go:429.3,432.5 1 0
axonflow/platform/orchestrator/agent_config.go:436.2,436.40 1 0
axonflow/platform/orchestrator/agent_config.go:436.40,438.3 1 0
axonflow/platform/orchestrator/agent_config.go:440.2,440.19 1 0
axonflow/platform/orchestrator/agent_config.go:444.50,451.2 1 0
axonflow/platform/orchestrator/agent_config.go:454.61,455.27 1 0
axonflow/platform/orchestrator/agent_config.go:455.27,457.3 1 0
axonflow/platform/orchestrator/agent_config.go:458.2,458.54 1 0
axonflow/platform/orchestrator/agent_config.go:462.45,464.2 1 0
axonflow/platform/orchestrator/agent_config.go:467.47,469.2 1 0
axonflow/platform/orchestrator/agent_config.go:473.62,475.38 2 0
axonflow/platform/orchestrator/agent_config.go:475.38,477.3 1 0
axonflow/platform/orchestrator/agent_config.go:479.2,483.3 1 0
axonflow/platform/orchestrator/agent_config.go:487.67,488.31 1 0
axonflow/platform/orchestrator/agent_config.go:488.31,489.36 1 0
axonflow/platform/orchestrator/agent_config.go:489.36,491.4 1 0
axonflow/platform/orchestrator/agent_config.go:493.2,493.19 1 0
axonflow/platform/orchestrator/agent_config.go:497.55,498.71 1 0
axonflow/platform/orchestrator/agent_config.go:498.71,500.3 1 0
axonflow/platform/orchestrator/agent_config.go:501.2,501.11 1 0
axonflow/platform/orchestrator/agent_registry.go:60.40,69.2 1 0
axonflow/platform/orchestrator/agent_registry.go:72.61,74.2 1 0
axonflow/platform/orchestrator/agent_registry.go:77.93,79.9 1 0
axonflow/platform/orchestrator/agent_registry.go:80.20,81.19 1 0
axonflow/platform/orchestrator/agent_registry.go:82.10,82.10 0 0
axonflow/platform/orchestrator/agent_registry.go:85.2,85.15 1 0
axonflow/platform/orchestrator/agent_registry.go:85.15,87.3 1 0
axonflow/platform/orchestrator/agent_registry.go:90.2,91.16 2 0
axonflow/platform/orchestrator/agent_registry.go:91.16,92.25 1 0
axonflow/platform/orchestrator/agent_registry.go:92.25,94.4 1 0
axonflow/platform/orchestrator/agent_registry.go:95.3,95.67 1 0
axonflow/platform/orchestrator/agent_registry.go:98.2,98.19 1 0
axonflow/platform/orchestrator/agent_registry.go:98.19,100.3 1 0
axonflow/platform/orchestrator/agent_registry.go:103.2,104.16 2 0
axonflow/platform/orchestrator/agent_registry.go:104.16,106.3 1 0
axonflow/platform/orchestrator/agent_registry.go:108.2,108.21 1 0
axonflow/platform/orchestrator/agent_registry.go:108.21,119.3 9 0
axonflow/platform/orchestrator/agent_registry.go:122.2,126.29 4 0
axonflow/platform/orchestrator/agent_registry.go:126.29,128.10 1 0
axonflow/platform/orchestrator/agent_registry.go:129.21,130.20 1 0
axonflow/platform/orchestrator/agent_registry.go:131.11,131.11 0 0
axonflow/platform/orchestrator/agent_registry.go:134.3,135.17 2 0
axonflow/platform/orchestrator/agent_registry.go:135.17,137.4 1 0
axonflow/platform/orchestrator/agent_registry.go:139.3,140.46 2 0
axonflow/platform/orchestrator/agent_registry.go:140.46,142.4 1 0
axonflow/platform/orchestrator/agent_registry.go:144.3,147.37 2 0
axonflow/platform/orchestrator/agent_registry.go:147.37,153.51 4 0
axonflow/platform/orchestrator/agent_registry.go:153.51,155.5 1 0
axonflow/platform/orchestrator/agent_registry.go:159.3,160.17 2 0
axonflow/platform/orchestrator/agent_registry.go:160.17,162.4 1 0
axonflow/platform/orchestrator/agent_registry.go:165.3,165.24 1 0
axonflow/platform/orchestrator/agent_registry.go:165.24,167.4 1 0
axonflow/platform/orchestrator/agent_registry.go:169.3,169.40 1 0
axonflow/platform/orchestrator/agent_registry.go:173.2,173.43 1 0
axonflow/platform/orchestrator/agent_registry.go:173.43,175.3 1 0
axonflow/platform/orchestrator/agent_registry.go:178.2,187.12 9 0
axonflow/platform/orchestrator/agent_registry.go:191.69,194.81 2 0
axonflow/platform/orchestrator/agent_registry.go:194.81,195.17 1 0
axonflow/platform/orchestrator/agent_registry.go:195.17,197.4 1 0
axonflow/platform/orchestrator/agent_registry.go:200.3,200.34 1 0
axonflow/platform/orchestrator/agent_registry.go:200.34,202.4 1 0
axonflow/platform/orchestrator/agent_registry.go:205.3,205.20 1 0
axonflow/platform/orchestrator/agent_registry.go:205.20,207.39 2 0
axonflow/platform/orchestrator/agent_registry.go:207.39,209.5 1 0
axonflow/platform/orchestrator/agent_registry.go:212.3,212.13 1 0
axonflow/platform/orchestrator/agent_registry.go:215.2,215.19 1 0
axonflow/platform/orchestrator/agent_registry.go:219.76,224.13 4 0
axonflow/platform/orchestrator/agent_registry.go:224.13,226.3 1 0
axonflow/platform/orchestrator/agent_registry.go:228.2,228.20 1 0
axonflow/platform/orchestrator/agent_registry.go:232.76,236.49 3 0
axonflow/platform/orchestrator/agent_registry.go:236.49,238.3 1 0
axonflow/platform/orchestrator/agent_registry.go:240.2,240.58 1 0
axonflow/platform/orchestrator/agent_registry.go:240.58,242.3 1 0
axonflow/platform/orchestrator/agent_registry.go:244.2,244.12 1 0
axonflow/platform/orchestrator/agent_registry.go:249.66,254.13 4 0
axonflow/platform/orchestrator/agent_registry.go:254.13,256.3 1 0
axonflow/platform/orchestrator/agent_registry.go:258.2,258.19 1 0
axonflow/platform/orchestrator/agent_registry.go:262.89,267.13 4 0
axonflow/platform/orchestrator/agent_registry.go:267.13,269.3 1 0
axonflow/platform/orchestrator/agent_registry.go:271.2,272.12 2 0
axonflow/platform/orchestrator/agent_registry.go:272.12,274.3 1 0
axonflow/platform/orchestrator/agent_registry.go:276.2,276.19 1 0
axonflow/platform/orchestrator/agent_registry.go:281.86,287.33 4 0
axonflow/platform/orchestrator/agent_registry.go:287.33,288.42 1 0
axonflow/platform/orchestrator/agent_registry.go:288.42,294.56 3 0
axonflow/platform/orchestrator/agent_registry.go:294.56,296.5 1 0
axonflow/platform/orchestrator/agent_registry.go:299.4,299.58 1 0
axonflow/platform/orchestrator/agent_registry.go:299.58,301.5 1 0
axonflow/platform/orchestrator/agent_registry.go:305.2,305.81 1 0
axonflow/platform/orchestrator/agent_registry.go:309.121,311.16 2 0
axonflow/platform/orchestrator/agent_registry.go:311.16,313.3 1 0
axonflow/platform/orchestrator/agent_registry.go:316.2,320.13 4 0
axonflow/platform/orchestrator/agent_registry.go:320.13,322.3 1 0
axonflow/platform/orchestrator/agent_registry.go:324.2,324.45 1 0
axonflow/platform/orchestrator/agent_registry.go:324.45,326.3 1 0
axonflow/platform/orchestrator/agent_registry.go:329.2,329.60 1 0
axonflow/platform/orchestrator/agent_registry.go:333.48,338.32 4 0
axonflow/platform/orchestrator/agent_registry.go:338.32,340.3 1 0
axonflow/platform/orchestrator/agent_registry.go:342.2,343.16 2 0
axonflow/platform/orchestrator/agent_registry.go:347.47,352.29 4 0
axonflow/platform/orchestrator/agent_registry.go:352.29,354.3 1 0
axonflow/platform/orchestrator/agent_registry.go:356.2,357.15 2 0
axonflow/platform/orchestrator/agent_registry.go:361.77,366.13 4 0
axonflow/platform/orchestrator/agent_registry.go:366.13,368.3 1 0
axonflow/platform/orchestrator/agent_registry.go:370.2,371.43 2 0
axonflow/platform/orchestrator/agent_registry.go:371.43,373.3 1 0
axonflow/platform/orchestrator/agent_registry.go:375.2,375.20 1 0
axonflow/platform/orchestrator/agent_registry.go:380.40,382.2 1 0
axonflow/platform/orchestrator/agent_registry.go:385.70,387.9 1 0
axonflow/platform/orchestrator/agent_registry.go:388.20,389.19 1 0
axonflow/platform/orchestrator/agent_registry.go:390.10,390.10 0 0
axonflow/platform/orchestrator/agent_registry.go:393.2,397.21 4 0
axonflow/platform/orchestrator/agent_registry.go:397.21,399.3 1 0
axonflow/platform/orchestrator/agent_registry.go:401.2,401.55 1 0
axonflow/platform/orchestrator/agent_registry.go:405.57,409.2 3 0
axonflow/platform/orchestrator/agent_registry.go:412.51,416.2 3 0
axonflow/platform/orchestrator/agent_registry.go:419.47,432.2 3 0
axonflow/platform/orchestrator/agent_registry.go:435.55,440.2 4 0
axonflow/platform/orchestrator/agent_registry.go:443.52,448.2 4 0
axonflow/platform/orchestrator/agent_registry.go:451.83,453.16 2 0
axonflow/platform/orchestrator/agent_registry.go:453.16,455.3 1 0
axonflow/platform/orchestrator/agent_registry.go:456.2,456.39 1 0
axonflow/platform/orchestrator/agent_registry.go:460.83,462.19 2 0
axonflow/platform/orchestrator/agent_registry.go:462.19,469.3 1 0
axonflow/platform/orchestrator/agent_registry.go:470.2,470.34 1 0
axonflow/platform/orchestrator/agent_registry.go:474.66,476.19 2 0
axonflow/platform/orchestrator/agent_registry.go:476.19,478.3 1 0
axonflow/platform/orchestrator/agent_registry.go:479.2,479.36 1 0
axonflow/platform/orchestrator/agent_registry.go:483.76,485.19 2 0
axonflow/platform/orchestrator/agent_registry.go:485.19,488.3 2 0
axonflow/platform/orchestrator/agent_registry.go:489.2,489.31 1 0
axonflow/platform/orchestrator/agent_registry.go:493.40,497.2 3 0
axonflow/platform/orchestrator/agent_registry.go:500.33,508.2 6 0
axonflow/platform/orchestrator/agent_registry.go:511.71,512.19 1 0
axonflow/platform/orchestrator/agent_registry.go:512.19,514.3 1 0
axonflow/platform/orchestrator/agent_registry.go:516.2,516.52 1 0
axonflow/platform/orchestrator/agent_registry.go:516.52,518.3 1 0
axonflow/platform/orchestrator/agent_registry.go:520.2,527.36 5 0
axonflow/platform/orchestrator/agent_registry.go:527.36,531.49 4 0
axonflow/platform/orchestrator/agent_registry.go:531.49,533.4 1 0
axonflow/platform/orchestrator/agent_registry.go:537.2,538.16 2 0
axonflow/platform/orchestrator/agent_registry.go:538.16,540.3 1 0
axonflow/platform/orchestrator/agent_registry.go:542.2,542.23 1 0
axonflow/platform/orchestrator/agent_registry.go:542.23,544.3 1 0
axonflow/platform/orchestrator/agent_registry.go:546.2,549.44 2 0
axonflow/platform/orchestrator/agent_registry.go:549.44,551.3 1 0
axonflow/platform/orchestrator/agent_registry.go:553.2,556.12 3 0
axonflow/platform/orchestrator/agent_registry.go:560.63,565.13 4 0
axonflow/platform/orchestrator/agent_registry.go:565.13,567.3 1 0
axonflow/platform/orchestrator/agent_registry.go:570.2,570.36 1 0
axonflow/platform/orchestrator/agent_registry.go:570.36,575.78 4 0
axonflow/platform/orchestrator/agent_registry.go:575.78,577.4 1 0
axonflow/platform/orchestrator/agent_registry.go:581.2,582.33 2 0
axonflow/platform/orchestrator/agent_registry.go:582.33,583.28 1 0
axonflow/platform/orchestrator/agent_registry.go:583.28,585.4 1 0
axonflow/platform/orchestrator/agent_registry.go:587.2,592.12 3 0
axonflow/platform/orchestrator/agent_registry_db.go:52.85,58.2 5 0
axonflow/platform/orchestrator/agent_registry_db.go:61.52,65.2 3 0
axonflow/platform/orchestrator/agent_registry_db.go:68.48,71.18 3 0
axonflow/platform/orchestrator/agent_registry_db.go:71.18,73.3 1 0
axonflow/platform/orchestrator/agent_registry_db.go:74.2,74.15 1 0
axonflow/platform/orchestrator/agent_registry_db.go:80.69,82.9 1 0
axonflow/platform/orchestrator/agent_registry_db.go:83.20,84.19 1 0
axonflow/platform/orchestrator/agent_registry_db.go:85.10,85.10 0 0
axonflow/platform/orchestrator/agent_registry_db.go:88.2,93.21 5 0
axonflow/platform/orchestrator/agent_registry_db.go:93.21,95.3 1 0
axonflow/platform/orchestrator/agent_registry_db.go:97.2,97.17 1 0
axonflow/platform/orchestrator/agent_registry_db.go:97.17,99.3 1 0
axonflow/platform/orchestrator/agent_registry_db.go:102.2,103.16 2 0
axonflow/platform/orchestrator/agent_registry_db.go:103.16,105.3 1 0
axonflow/platform/orchestrator/agent_registry_db.go:108.2,114.48 3 0
axonflow/platform/orchestrator/agent_registry_db.go:114.48,116.3 1 0
axonflow/platform/orchestrator/agent_registry_db.go:118.2,118.25 1 0
axonflow/platform/orchestrator/agent_registry_db.go:118.25,123.3 3 0
axonflow/platform/orchestrator/agent_registry_db.go:126.2,130.35 3 0
axonflow/platform/orchestrator/agent_registry_db.go:130.35,131.53 1 0
axonflow/platform/orchestrator/agent_registry_db.go:131.53,133.12 2 0
axonflow/platform/orchestrator/agent_registry_db.go:136.3,139.89 2 0
axonflow/platform/orchestrator/agent_registry_db.go:139.89,141.4 1 0
axonflow/platform/orchestrator/agent_registry_db.go:144.3,149.16 4 0
axonflow/platform/orchestrator/agent_registry_db.go:153.2,153.50 1 0
axonflow/platform/orchestrator/agent_registry_db.go:153.50,155.3 1 0
axonflow/platform/orchestrator/agent_registry_db.go:157.2,161.12 4 0
axonflow/platform/orchestrator/agent_registry_db.go:166.49,167.41 1 0
axonflow/platform/orchestrator/agent_registry_db.go:167.41,168.50 1 0
axonflow/platform/orchestrator/agent_registry_db.go:168.50,171.4 2 0
axonflow/platform/orchestrator/agent_registry_db.go:173.2,173.44 1 0
axonflow/platform/orchestrator/agent_registry_db.go:178.87,179.36 1 0
axonflow/platform/orchestrator/agent_registry_db.go:179.36,185.78 4 0
axonflow/platform/orchestrator/agent_registry_db.go:185.78,187.4 1 0
axonflow/platform/orchestrator/agent_registry_db.go:193.86,194.36 1 0
axonflow/platform/orchestrator/agent_registry_db.go:194.36,201.49 4 0
axonflow/platform/orchestrator/agent_registry_db.go:201.49,203.4 1 0
axonflow/platform/orchestrator/agent_registry_db.go:208.81,210.21 1 0
axonflow/platform/orchestrator/agent_registry_db.go:210.21,211.72 1 0
axonflow/platform/orchestrator/agent_registry_db.go:211.72,214.4 1 0
axonflow/platform/orchestrator/agent_registry_db.go:218.2,222.21 4 0
axonflow/platform/orchestrator/agent_registry_db.go:222.21,223.49 1 0
axonflow/platform/orchestrator/agent_registry_db.go:223.49,226.4 1 0
axonflow/platform/orchestrator/agent_registry_db.go:229.2,229.12 1 0
axonflow/platform/orchestrator/agent_registry_db.go:234.55,237.40 2 0
axonflow/platform/orchestrator/agent_registry_db.go:237.40,239.17 2 0
axonflow/platform/orchestrator/agent_registry_db.go:239.17,241.4 1 0
axonflow/platform/orchestrator/agent_registry_db.go:243.3,243.24 1 0
axonflow/platform/orchestrator/agent_registry_db.go:243.24,245.4 1 0
axonflow/platform/orchestrator/agent_registry_db.go:247.3,247.40 1 0
axonflow/platform/orchestrator/agent_registry_db.go:251.2,251.43 1 0
axonflow/platform/orchestrator/agent_registry_db.go:251.43,253.3 1 0
axonflow/platform/orchestrator/agent_registry_db.go:255.2,256.12 2 0
axonflow/platform/orchestrator/agent_registry_db.go:261.71,266.14 4 0
axonflow/platform/orchestrator/agent_registry_db.go:267.28,268.33 1 0
axonflow/platform/orchestrator/agent_registry_db.go:269.26,273.38 4 0
axonflow/platform/orchestrator/agent_registry_db.go:274.10,276.13 1 0
axonflow/platform/orchestrator/agent_registry_db.go:281.57,285.2 3 0
axonflow/platform/orchestrator/agent_registry_db.go:288.63,291.32 3 0
axonflow/platform/orchestrator/agent_registry_db.go:291.32,293.3 1 0
axonflow/platform/orchestrator/agent_registry_db.go:294.2,294.44 1 0
axonflow/platform/orchestrator/agent_registry_db.go:294.44,296.3 1 0
axonflow/platform/orchestrator/agent_registry_db.go:297.2,297.11 1 0
axonflow/platform/orchestrator/agent_registry_db.go:315.51,337.2 5 0
axonflow/platform/orchestrator/agents_api_handler.go:31.69,33.2 1 0
axonflow/platform/orchestrator/agents_api_handler.go:41.63,46.2 4 0
axonflow/platform/orchestrator/agents_api_handler.go:49.81,50.18 1 0
axonflow/platform/orchestrator/agents_api_handler.go:51.22,52.21 1 0
axonflow/platform/orchestrator/agents_api_handler.go:53.26,54.21 1 0
axonflow/platform/orchestrator/agents_api_handler.go:55.10,56.91 1 0
axonflow/platform/orchestrator/agents_api_handler.go:61.84,66.62 2 0
axonflow/platform/orchestrator/agents_api_handler.go:66.62,69.3 1 0
axonflow/platform/orchestrator/agents_api_handler.go:71.2,71.18 1 0
axonflow/platform/orchestrator/agents_api_handler.go:72.22,73.19 1 0
axonflow/platform/orchestrator/agents_api_handler.go:74.26,75.21 1 0
axonflow/platform/orchestrator/agents_api_handler.go:76.10,77.91 1 0
axonflow/platform/orchestrator/agents_api_handler.go:82.89,83.18 1 0
axonflow/platform/orchestrator/agents_api_handler.go:84.22,85.29 1 0
axonflow/platform/orchestrator/agents_api_handler.go:86.26,87.21 1 0
axonflow/platform/orchestrator/agents_api_handler.go:88.10,89.91 1 0
axonflow/platform/orchestrator/agents_api_handler.go:94.83,95.18 1 0
axonflow/platform/orchestrator/agents_api_handler.go:96.23,97.25 1 0
axonflow/platform/orchestrator/agents_api_handler.go:98.26,99.21 1 0
axonflow/platform/orchestrator/agents_api_handler.go:100.10,101.91 1 0
axonflow/platform/orchestrator/agents_api_handler.go:106.79,118.19 6 0
axonflow/platform/orchestrator/agents_api_handler.go:118.19,120.3 1 0
axonflow/platform/orchestrator/agents_api_handler.go:121.2,121.17 1 0
axonflow/platform/orchestrator/agents_api_handler.go:121.17,123.3 1 0
axonflow/platform/orchestrator/agents_api_handler.go:125.2,129.25 3 0
axonflow/platform/orchestrator/agents_api_handler.go:129.25,131.32 2 0
axonflow/platform/orchestrator/agents_api_handler.go:131.32,133.4 1 0
axonflow/platform/orchestrator/agents_api_handler.go:136.2,146.41 2 0
axonflow/platform/orchestrator/agents_api_handler.go:150.77,154.39 3 0
axonflow/platform/orchestrator/agents_api_handler.go:154.39,157.3 2 0
axonflow/platform/orchestrator/agents_api_handler.go:159.2,163.16 3 0
axonflow/platform/orchestrator/agents_api_handler.go:163.16,166.19 2 0
axonflow/platform/orchestrator/agents_api_handler.go:166.19,169.4 2 0
axonflow/platform/orchestrator/agents_api_handler.go:173.2,177.18 3 0
axonflow/platform/orchestrator/agents_api_handler.go:177.18,179.3 1 0
axonflow/platform/orchestrator/agents_api_handler.go:181.2,190.63 2 0
axonflow/platform/orchestrator/agents_api_handler.go:194.87,197.16 2 0
axonflow/platform/orchestrator/agents_api_handler.go:197.16,200.3 2 0
axonflow/platform/orchestrator/agents_api_handler.go:202.2,206.16 3 0
axonflow/platform/orchestrator/agents_api_handler.go:206.16,209.3 2 0
axonflow/platform/orchestrator/agents_api_handler.go:212.2,213.43 2 0
axonflow/platform/orchestrator/agents_api_handler.go:213.43,222.3 1 0
axonflow/platform/orchestrator/agents_api_handler.go:224.2,234.41 2 0
axonflow/platform/orchestrator/agents_api_handler.go:238.83,243.61 3 0
axonflow/platform/orchestrator/agents_api_handler.go:243.61,246.3 2 0
axonflow/platform/orchestrator/agents_api_handler.go:248.2,249.41 2 0
axonflow/platform/orchestrator/agents_api_handler.go:253.108,260.57 2 0
axonflow/platform/orchestrator/agents_api_handler.go:260.57,266.3 2 0
axonflow/platform/orchestrator/agents_api_handler.go:269.2,269.61 1 0
axonflow/platform/orchestrator/agents_api_handler.go:269.61,275.3 2 0
axonflow/platform/orchestrator/agents_api_handler.go:278.2,279.25 2 0
axonflow/platform/orchestrator/agents_api_handler.go:279.25,282.3 2 0
axonflow/platform/orchestrator/agents_api_handler.go:284.2,284.20 1 0
axonflow/platform/orchestrator/agents_api_handler.go:284.20,286.3 1 0
axonflow/platform/orchestrator/agents_api_handler.go:286.8,288.3 1 0
axonflow/platform/orchestrator/agents_api_handler.go:290.2,290.17 1 0
axonflow/platform/orchestrator/agents_api_handler.go:294.93,298.90 2 0
axonflow/platform/orchestrator/agents_api_handler.go:298.90,303.3 1 0
axonflow/platform/orchestrator/agents_api_handler.go:305.2,305.41 1 0
axonflow/platform/orchestrator/agents_api_handler.go:305.41,310.3 1 0
axonflow/platform/orchestrator/agents_api_handler.go:312.2,312.39 1 0
axonflow/platform/orchestrator/agents_api_handler.go:312.39,317.3 1 0
axonflow/platform/orchestrator/agents_api_handler.go:320.2,320.27 1 0
axonflow/platform/orchestrator/agents_api_handler.go:320.27,325.3 1 0
axonflow/platform/orchestrator/agents_api_handler.go:327.2,328.36 2 0
axonflow/platform/orchestrator/agents_api_handler.go:328.36,331.23 2 0
axonflow/platform/orchestrator/agents_api_handler.go:331.23,336.4 1 0
axonflow/platform/orchestrator/agents_api_handler.go:336.9,337.30 1 0
axonflow/platform/orchestrator/agents_api_handler.go:337.30,342.5 1 0
axonflow/platform/orchestrator/agents_api_handler.go:343.4,345.43 2 0
axonflow/platform/orchestrator/agents_api_handler.go:345.43,350.5 1 0
axonflow/platform/orchestrator/agents_api_handler.go:353.3,353.23 1 0
axonflow/platform/orchestrator/agents_api_handler.go:353.23,358.4 1 0
axonflow/platform/orchestrator/agents_api_handler.go:358.9,358.42 1 0
axonflow/platform/orchestrator/agents_api_handler.go:358.42,363.4 1 0
axonflow/platform/orchestrator/agents_api_handler.go:366.3,366.31 1 0
axonflow/platform/orchestrator/agents_api_handler.go:366.31,367.54 1 0
axonflow/platform/orchestrator/agents_api_handler.go:367.54,372.5 1 0
axonflow/platform/orchestrator/agents_api_handler.go:373.4,373.24 1 0
axonflow/platform/orchestrator/agents_api_handler.go:373.24,374.33 1 0
axonflow/platform/orchestrator/agents_api_handler.go:374.33,379.6 1 0
axonflow/platform/orchestrator/agents_api_handler.go:380.5,380.30 1 0
axonflow/platform/orchestrator/agents_api_handler.go:380.30,385.6 1 0
axonflow/platform/orchestrator/agents_api_handler.go:386.5,386.79 1 0
axonflow/platform/orchestrator/agents_api_handler.go:386.79,391.6 1 0
axonflow/platform/orchestrator/agents_api_handler.go:395.3,395.37 1 0
axonflow/platform/orchestrator/agents_api_handler.go:395.37,396.30 1 0
axonflow/platform/orchestrator/agents_api_handler.go:396.30,401.5 1 0
axonflow/platform/orchestrator/agents_api_handler.go:401.10,402.35 1 0
axonflow/platform/orchestrator/agents_api_handler.go:402.35,407.6 1 0
axonflow/platform/orchestrator/agents_api_handler.go:408.5,408.40 1 0
axonflow/platform/orchestrator/agents_api_handler.go:408.40,413.6 1 0
axonflow/platform/orchestrator/agents_api_handler.go:419.2,419.36 1 0
axonflow/platform/orchestrator/agents_api_handler.go:419.36,422.25 2 0
axonflow/platform/orchestrator/agents_api_handler.go:422.25,427.4 1 0
axonflow/platform/orchestrator/agents_api_handler.go:427.9,428.44 1 0
axonflow/platform/orchestrator/agents_api_handler.go:428.44,433.5 1 0
axonflow/platform/orchestrator/agents_api_handler.go:435.4,435.58 1 0
axonflow/platform/orchestrator/agents_api_handler.go:435.58,440.5 1 0
axonflow/platform/orchestrator/agents_api_handler.go:443.3,443.23 1 0
axonflow/platform/orchestrator/agents_api_handler.go:443.23,448.4 1 0
axonflow/platform/orchestrator/agents_api_handler.go:448.9,448.37 1 0
axonflow/platform/orchestrator/agents_api_handler.go:448.37,453.4 1 0
axonflow/platform/orchestrator/agents_api_handler.go:456.2,456.15 1 0
axonflow/platform/orchestrator/agents_api_handler.go:460.97,463.18 2 0
axonflow/platform/orchestrator/agents_api_handler.go:463.18,466.17 2 0
axonflow/platform/orchestrator/agents_api_handler.go:466.17,468.4 1 0
axonflow/platform/orchestrator/agents_api_handler.go:469.3,469.44 1 0
axonflow/platform/orchestrator/agents_api_handler.go:469.44,478.4 1 0
axonflow/platform/orchestrator/agents_api_handler.go:479.8,482.29 2 0
axonflow/platform/orchestrator/agents_api_handler.go:482.29,484.18 2 0
axonflow/platform/orchestrator/agents_api_handler.go:484.18,485.13 1 0
axonflow/platform/orchestrator/agents_api_handler.go:487.4,487.45 1 0
axonflow/platform/orchestrator/agents_api_handler.go:487.45,496.5 1 0
axonflow/platform/orchestrator/agents_api_handler.go:501.2,501.21 1 0
axonflow/platform/orchestrator/agents_api_handler.go:501.21,503.28 2 0
axonflow/platform/orchestrator/agents_api_handler.go:503.28,504.31 1 0
axonflow/platform/orchestrator/agents_api_handler.go:504.31,506.5 1 0
axonflow/platform/orchestrator/agents_api_handler.go:508.3,508.18 1 0
axonflow/platform/orchestrator/agents_api_handler.go:511.2,511.15 1 0
axonflow/platform/orchestrator/agents_api_handler.go:515.68,517.33 2 0
axonflow/platform/orchestrator/agents_api_handler.go:517.33,519.17 2 0
axonflow/platform/orchestrator/agents_api_handler.go:519.17,520.12 1 0
axonflow/platform/orchestrator/agents_api_handler.go:522.3,522.37 1 0
axonflow/platform/orchestrator/agents_api_handler.go:522.37,524.29 2 0
axonflow/platform/orchestrator/agents_api_handler.go:524.29,526.5 1 0
axonflow/platform/orchestrator/agents_api_handler.go:529.2,529.12 1 0
axonflow/platform/orchestrator/agents_api_handler.go:533.72,535.33 2 0
axonflow/platform/orchestrator/agents_api_handler.go:535.33,537.17 2 0
axonflow/platform/orchestrator/agents_api_handler.go:537.17,538.12 1 0
axonflow/platform/orchestrator/agents_api_handler.go:540.3,540.44 1 0
axonflow/platform/orchestrator/agents_api_handler.go:540.44,541.31 1 0
axonflow/platform/orchestrator/agents_api_handler.go:541.31,543.5 1 0
axonflow/platform/orchestrator/agents_api_handler.go:546.2,546.11 1 0
axonflow/platform/orchestrator/agents_api_handler.go:550.78,557.57 2 0
axonflow/platform/orchestrator/agents_api_handler.go:557.57,558.65 1 0
axonflow/platform/orchestrator/agents_api_handler.go:558.65,560.4 1 0
axonflow/platform/orchestrator/agents_api_handler.go:563.2,563.70 1 0
axonflow/platform/orchestrator/agents_api_handler.go:563.70,564.109 1 0
axonflow/platform/orchestrator/agents_api_handler.go:564.109,566.4 1 0
axonflow/platform/orchestrator/agents_api_handler.go:569.2,569.66 1 0
axonflow/platform/orchestrator/agents_api_handler.go:569.66,572.3 2 0
axonflow/platform/orchestrator/agents_api_handler.go:574.2,574.15 1 0
axonflow/platform/orchestrator/agents_api_handler.go:578.79,580.44 2 0
axonflow/platform/orchestrator/agents_api_handler.go:580.44,582.3 1 0
axonflow/platform/orchestrator/agents_api_handler.go:583.2,586.30 4 0
axonflow/platform/orchestrator/agents_api_handler.go:590.91,593.56 3 0
axonflow/platform/orchestrator/agents_api_handler.go:593.56,595.3 1 0
axonflow/platform/orchestrator/agents_api_handler.go:599.96,606.2 1 0
axonflow/platform/orchestrator/agents_api_handler.go:609.44,610.13 1 0
axonflow/platform/orchestrator/agents_api_handler.go:610.13,612.3 1 0
axonflow/platform/orchestrator/agents_api_handler.go:613.2,613.22 1 0
axonflow/platform/orchestrator/agents_api_handler.go:613.22,614.27 1 0
axonflow/platform/orchestrator/agents_api_handler.go:614.27,615.12 1 0
axonflow/platform/orchestrator/agents_api_handler.go:617.3,617.27 1 0
axonflow/platform/orchestrator/agents_api_handler.go:617.27,618.12 1 0
axonflow/platform/orchestrator/agents_api_handler.go:620.3,620.27 1 0
axonflow/platform/orchestrator/agents_api_handler.go:620.27,621.14 1 0
axonflow/platform/orchestrator/agents_api_handler.go:621.14,623.5 1 0
axonflow/platform/orchestrator/agents_api_handler.go:624.4,624.12 1 0
axonflow/platform/orchestrator/agents_api_handler.go:626.3,626.15 1 0
axonflow/platform/orchestrator/agents_api_handler.go:628.2,628.13 1 0
axonflow/platform/orchestrator/agents_api_types.go:117.81,118.19 1 0
axonflow/platform/orchestrator/agents_api_types.go:118.19,120.3 1 0
axonflow/platform/orchestrator/agents_api_types.go:122.2,130.3 1 0
axonflow/platform/orchestrator/amadeus_client.go:77.40,82.15 4 0
axonflow/platform/orchestrator/amadeus_client.go:82.15,84.3 1 0
axonflow/platform/orchestrator/amadeus_client.go:86.2,87.25 2 0
axonflow/platform/orchestrator/amadeus_client.go:87.25,89.3 1 0
axonflow/platform/orchestrator/amadeus_client.go:91.2,96.3 1 0
axonflow/platform/orchestrator/amadeus_client.go:100.45,102.2 1 0
axonflow/platform/orchestrator/amadeus_client.go:105.77,110.61 3 0
axonflow/platform/orchestrator/amadeus_client.go:110.61,112.3 1 0
axonflow/platform/orchestrator/amadeus_client.go:115.2,128.16 10 0
axonflow/platform/orchestrator/amadeus_client.go:128.16,130.3 1 0
axonflow/platform/orchestrator/amadeus_client.go:132.2,135.16 3 0
axonflow/platform/orchestrator/amadeus_client.go:135.16,137.3 1 0
axonflow/platform/orchestrator/amadeus_client.go:138.2,138.15 1 0
axonflow/platform/orchestrator/amadeus_client.go:138.15,139.43 1 0
axonflow/platform/orchestrator/amadeus_client.go:139.43,141.4 1 0
axonflow/platform/orchestrator/amadeus_client.go:144.2,144.38 1 0
axonflow/platform/orchestrator/amadeus_client.go:144.38,147.3 2 0
axonflow/platform/orchestrator/amadeus_client.go:149.2,150.70 2 0
axonflow/platform/orchestrator/amadeus_client.go:150.70,152.3 1 0
axonflow/platform/orchestrator/amadeus_client.go:155.2,160.27 4 0
axonflow/platform/orchestrator/amadeus_client.go:164.118,165.23 1 0
axonflow/platform/orchestrator/amadeus_client.go:165.23,167.3 1 0
axonflow/platform/orchestrator/amadeus_client.go:170.2,171.16 2 0
axonflow/platform/orchestrator/amadeus_client.go:171.16,173.3 1 0
axonflow/platform/orchestrator/amadeus_client.go:176.2,184.20 2 0
axonflow/platform/orchestrator/amadeus_client.go:184.20,186.3 1 0
axonflow/platform/orchestrator/amadeus_client.go:188.2,188.31 1 0
axonflow/platform/orchestrator/amadeus_client.go:188.31,190.3 1 0
axonflow/platform/orchestrator/amadeus_client.go:193.2,194.16 2 0
axonflow/platform/orchestrator/amadeus_client.go:194.16,196.3 1 0
axonflow/platform/orchestrator/amadeus_client.go:198.2,202.16 3 0
axonflow/platform/orchestrator/amadeus_client.go:202.16,204.3 1 0
axonflow/platform/orchestrator/amadeus_client.go:205.2,205.15 1 0
axonflow/platform/orchestrator/amadeus_client.go:205.15,206.43 1 0
axonflow/platform/orchestrator/amadeus_client.go:206.43,208.4 1 0
axonflow/platform/orchestrator/amadeus_client.go:211.2,211.38 1 0
axonflow/platform/orchestrator/amadeus_client.go:211.38,214.3 2 0
axonflow/platform/orchestrator/amadeus_client.go:217.2,218.71 2 0
axonflow/platform/orchestrator/amadeus_client.go:218.71,220.3 1 0
axonflow/platform/orchestrator/amadeus_client.go:222.2,224.25 2 0
axonflow/platform/orchestrator/amadeus_client.go:229.51,265.32 3 0
axonflow/platform/orchestrator/amadeus_client.go:265.32,266.67 1 0
axonflow/platform/orchestrator/amadeus_client.go:266.67,267.28 1 0
axonflow/platform/orchestrator/amadeus_client.go:267.28,269.5 1 0
axonflow/platform/orchestrator/amadeus_client.go:269.10,271.5 1 0
axonflow/platform/orchestrator/amadeus_client.go:275.2,275.49 1 0
axonflow/platform/orchestrator/amadeus_client.go:275.49,277.3 1 0
axonflow/platform/orchestrator/amadeus_client.go:280.2,280.26 1 0
axonflow/platform/orchestrator/amadeus_client.go:280.26,282.49 2 0
axonflow/platform/orchestrator/amadeus_client.go:282.49,284.28 2 0
axonflow/platform/orchestrator/amadeus_client.go:284.28,286.5 1 0
axonflow/platform/orchestrator/amadeus_client.go:286.10,286.35 1 0
axonflow/platform/orchestrator/amadeus_client.go:286.35,288.5 1 0
axonflow/platform/orchestrator/amadeus_client.go:290.3,290.23 1 0
axonflow/platform/orchestrator/amadeus_client.go:290.23,292.4 1 0
axonflow/platform/orchestrator/amadeus_client.go:295.2,295.14 1 0
axonflow/platform/orchestrator/amadeus_connector.go:36.46,42.2 1 0
axonflow/platform/orchestrator/amadeus_connector.go:45.93,54.18 4 0
axonflow/platform/orchestrator/amadeus_connector.go:54.18,56.3 1 0
axonflow/platform/orchestrator/amadeus_connector.go:57.2,57.21 1 0
axonflow/platform/orchestrator/amadeus_connector.go:57.21,59.3 1 0
axonflow/platform/orchestrator/amadeus_connector.go:61.2,61.37 1 0
axonflow/platform/orchestrator/amadeus_connector.go:61.37,63.3 1 0
axonflow/platform/orchestrator/amadeus_connector.go:66.2,67.62 2 0
axonflow/platform/orchestrator/amadeus_connector.go:67.62,69.3 1 0
axonflow/platform/orchestrator/amadeus_connector.go:72.2,72.61 1 0
axonflow/platform/orchestrator/amadeus_connector.go:72.61,74.3 1 0
axonflow/platform/orchestrator/amadeus_connector.go:75.2,75.67 1 0
axonflow/platform/orchestrator/amadeus_connector.go:75.67,77.3 1 0
axonflow/platform/orchestrator/amadeus_connector.go:78.2,78.54 1 0
axonflow/platform/orchestrator/amadeus_connector.go:78.54,80.3 1 0
axonflow/platform/orchestrator/amadeus_connector.go:82.2,84.30 2 0
axonflow/platform/orchestrator/amadeus_connector.go:84.30,86.3 1 0
axonflow/platform/orchestrator/amadeus_connector.go:89.2,90.16 2 0
axonflow/platform/orchestrator/amadeus_connector.go:90.16,92.3 1 0
axonflow/platform/orchestrator/amadeus_connector.go:94.2,96.12 2 0
axonflow/platform/orchestrator/amadeus_connector.go:100.66,103.2 2 0
axonflow/platform/orchestrator/amadeus_connector.go:106.89,107.21 1 0
axonflow/platform/orchestrator/amadeus_connector.go:107.21,112.3 1 0
axonflow/platform/orchestrator/amadeus_connector.go:114.2,118.16 4 0
axonflow/platform/orchestrator/amadeus_connector.go:118.16,125.3 1 0
axonflow/platform/orchestrator/amadeus_connector.go:127.2,138.8 2 0
axonflow/platform/orchestrator/amadeus_connector.go:142.101,143.21 1 0
axonflow/platform/orchestrator/amadeus_connector.go:143.21,145.3 1 0
axonflow/platform/orchestrator/amadeus_connector.go:148.2,154.9 5 0
axonflow/platform/orchestrator/amadeus_connector.go:155.54,156.53 1 0
axonflow/platform/orchestrator/amadeus_connector.go:157.53,158.52 1 0
axonflow/platform/orchestrator/amadeus_connector.go:159.54,160.53 1 0
axonflow/platform/orchestrator/amadeus_connector.go:161.10,163.61 1 0
axonflow/platform/orchestrator/amadeus_connector.go:166.2,168.16 2 0
axonflow/platform/orchestrator/amadeus_connector.go:168.16,170.3 1 0
axonflow/platform/orchestrator/amadeus_connector.go:172.2,180.8 2 0
axonflow/platform/orchestrator/amadeus_connector.go:184.105,187.2 1 0
axonflow/platform/orchestrator/amadeus_connector.go:190.42,191.21 1 0
axonflow/platform/orchestrator/amadeus_connector.go:191.21,193.3 1 0
axonflow/platform/orchestrator/amadeus_connector.go:194.2,194.28 1 0
axonflow/platform/orchestrator/amadeus_connector.go:198.42,200.2 1 0
axonflow/platform/orchestrator/amadeus_connector.go:203.45,205.2 1 0
axonflow/platform/orchestrator/amadeus_connector.go:208.52,210.2 1 0
axonflow/platform/orchestrator/amadeus_connector.go:213.128,220.45 5 0
axonflow/platform/orchestrator/amadeus_connector.go:220.45,222.3 1 0
axonflow/platform/orchestrator/amadeus_connector.go:222.8,222.48 1 0
axonflow/platform/orchestrator/amadeus_connector.go:222.48,224.3 1 0
axonflow/platform/orchestrator/amadeus_connector.go:226.2,227.42 2 0
axonflow/platform/orchestrator/amadeus_connector.go:227.42,229.3 1 0
axonflow/platform/orchestrator/amadeus_connector.go:229.8,229.45 1 0
axonflow/platform/orchestrator/amadeus_connector.go:229.45,231.3 1 0
axonflow/platform/orchestrator/amadeus_connector.go:234.2,248.16 5 0
axonflow/platform/orchestrator/amadeus_connector.go:248.16,250.3 1 0
axonflow/platform/orchestrator/amadeus_connector.go:252.2,254.27 2 0
axonflow/platform/orchestrator/amadeus_connector.go:258.127,275.2 5 0
axonflow/platform/orchestrator/amadeus_connector.go:278.128,293.2 4 0
axonflow/platform/orchestrator/amadeus_connector.go:296.66,331.49 3 0
axonflow/platform/orchestrator/amadeus_connector.go:331.49,333.3 1 0
axonflow/platform/orchestrator/amadeus_connector.go:336.2,336.27 1 0
axonflow/platform/orchestrator/amadeus_connector.go:336.27,338.3 1 0
axonflow/platform/orchestrator/amadeus_connector.go:340.2,340.14 1 0
axonflow/platform/orchestrator/amadeus_connector.go:343.52,344.48 1 0
axonflow/platform/orchestrator/amadeus_connector.go:344.48,346.3 1 0
axonflow/platform/orchestrator/amadeus_connector.go:347.2,347.21 1 0
axonflow/platform/orchestrator/api_call_processor.go:28.74,32.2 1 0
axonflow/platform/orchestrator/api_call_processor.go:35.172,37.20 2 0
axonflow/platform/orchestrator/api_call_processor.go:37.20,39.3 1 0
axonflow/platform/orchestrator/api_call_processor.go:41.2,44.18 2 0
axonflow/platform/orchestrator/api_call_processor.go:45.17,46.59 1 0
axonflow/platform/orchestrator/api_call_processor.go:47.10,48.67 1 0
axonflow/platform/orchestrator/api_call_processor.go:53.179,55.63 1 0
axonflow/platform/orchestrator/api_call_processor.go:55.63,58.3 2 0
axonflow/platform/orchestrator/api_call_processor.go:61.2,62.20 2 0
axonflow/platform/orchestrator/api_call_processor.go:62.20,64.3 1 0
axonflow/platform/orchestrator/api_call_processor.go:67.2,67.18 1 0
axonflow/platform/orchestrator/api_call_processor.go:68.41,69.60 1 0
axonflow/platform/orchestrator/api_call_processor.go:70.10,71.71 1 0
axonflow/platform/orchestrator/api_call_processor.go:76.180,81.16 3 0
axonflow/platform/orchestrator/api_call_processor.go:81.16,83.3 1 0
axonflow/platform/orchestrator/api_call_processor.go:85.2,93.16 3 0
axonflow/platform/orchestrator/api_call_processor.go:93.16,95.3 1 0
axonflow/platform/orchestrator/api_call_processor.go:97.2,112.28 4 0
axonflow/platform/orchestrator/api_call_processor.go:112.28,115.37 3 0
axonflow/platform/orchestrator/api_call_processor.go:115.37,117.4 1 0
axonflow/platform/orchestrator/api_call_processor.go:119.3,119.34 1 0
axonflow/platform/orchestrator/api_call_processor.go:119.34,126.4 2 0
axonflow/platform/orchestrator/api_call_processor.go:127.3,127.35 1 0
axonflow/platform/orchestrator/api_call_processor.go:130.2,130.20 1 0
axonflow/platform/orchestrator/api_call_processor.go:134.143,143.8 3 0
axonflow/platform/orchestrator/api_call_processor.go:143.8,144.46 1 0
axonflow/platform/orchestrator/api_call_processor.go:144.46,146.4 1 0
axonflow/platform/orchestrator/api_call_processor.go:150.2,151.8 2 0
axonflow/platform/orchestrator/api_call_processor.go:151.8,152.43 1 0
axonflow/platform/orchestrator/api_call_processor.go:152.43,154.4 1 0
axonflow/platform/orchestrator/api_call_processor.go:155.8,158.3 1 0
axonflow/platform/orchestrator/api_call_processor.go:161.2,162.8 2 0
axonflow/platform/orchestrator/api_call_processor.go:162.8,163.48 1 0
axonflow/platform/orchestrator/api_call_processor.go:163.48,165.4 1 0
axonflow/platform/orchestrator/api_call_processor.go:166.8,169.3 1 0
axonflow/platform/orchestrator/api_call_processor.go:172.2,172.52 1 0
axonflow/platform/orchestrator/api_call_processor.go:172.52,173.32 1 0
axonflow/platform/orchestrator/api_call_processor.go:174.12,175.21 1 0
axonflow/platform/orchestrator/api_call_processor.go:176.16,177.26 1 0
axonflow/platform/orchestrator/api_call_processor.go:178.15,180.46 1 0
axonflow/platform/orchestrator/api_call_processor.go:185.2,185.37 1 0
axonflow/platform/orchestrator/api_call_processor.go:185.37,187.3 1 0
axonflow/platform/orchestrator/api_call_processor.go:188.2,188.42 1 0
axonflow/platform/orchestrator/api_call_processor.go:188.42,190.3 1 0
axonflow/platform/orchestrator/api_call_processor.go:191.2,191.32 1 0
axonflow/platform/orchestrator/api_call_processor.go:191.32,193.3 1 0
axonflow/platform/orchestrator/api_call_processor.go:195.2,195.20 1 0
axonflow/platform/orchestrator/api_call_processor.go:199.90,210.2 1 0
axonflow/platform/orchestrator/api_call_processor.go:215.132,219.32 2 0
axonflow/platform/orchestrator/api_call_processor.go:219.32,221.36 2 0
axonflow/platform/orchestrator/api_call_processor.go:221.36,223.4 1 0
axonflow/platform/orchestrator/api_call_processor.go:227.2,227.42 1 0
axonflow/platform/orchestrator/api_call_processor.go:227.42,229.36 2 0
axonflow/platform/orchestrator/api_call_processor.go:229.36,231.4 1 0
axonflow/platform/orchestrator/api_call_processor.go:235.2,235.43 1 0
axonflow/platform/orchestrator/api_call_processor.go:235.43,236.37 1 0
axonflow/platform/orchestrator/api_call_processor.go:236.37,237.44 1 0
axonflow/platform/orchestrator/api_call_processor.go:237.44,239.38 2 0
axonflow/platform/orchestrator/api_call_processor.go:239.38,241.6 1 0
axonflow/platform/orchestrator/api_call_processor.go:246.2,246.15 1 0
axonflow/platform/orchestrator/api_call_processor.go:250.45,253.2 1 0
axonflow/platform/orchestrator/audit_logger.go:73.54,75.16 2 0
axonflow/platform/orchestrator/audit_logger.go:75.16,82.3 2 0
axonflow/platform/orchestrator/audit_logger.go:85.2,85.46 1 0
axonflow/platform/orchestrator/audit_logger.go:85.46,87.3 1 0
axonflow/platform/orchestrator/audit_logger.go:89.2,100.15 4 0
axonflow/platform/orchestrator/audit_logger.go:105.102,136.99 2 0
axonflow/platform/orchestrator/audit_logger.go:136.99,138.34 2 0
axonflow/platform/orchestrator/audit_logger.go:138.34,140.4 1 0
axonflow/platform/orchestrator/audit_logger.go:143.2,144.14 2 0
axonflow/platform/orchestrator/audit_logger.go:149.40,175.2 2 0
axonflow/platform/orchestrator/audit_logger.go:178.97,197.2 2 0
axonflow/platform/orchestrator/audit_logger.go:200.84,201.17 1 0
axonflow/platform/orchestrator/audit_logger.go:201.17,203.3 1 0
axonflow/platform/orchestrator/audit_logger.go:206.2,226.9 4 0
axonflow/platform/orchestrator/audit_logger.go:226.9,227.32 1 0
axonflow/platform/orchestrator/audit_logger.go:227.32,231.4 3 0
axonflow/platform/orchestrator/audit_logger.go:232.3,232.31 1 0
axonflow/platform/orchestrator/audit_logger.go:232.31,236.4 3 0
axonflow/platform/orchestrator/audit_logger.go:237.3,237.36 1 0
axonflow/platform/orchestrator/audit_logger.go:237.36,241.4 3 0
axonflow/platform/orchestrator/audit_logger.go:242.3,242.34 1 0
axonflow/platform/orchestrator/audit_logger.go:242.34,246.4 3 0
axonflow/platform/orchestrator/audit_logger.go:247.3,247.34 1 0
axonflow/platform/orchestrator/audit_logger.go:247.34,250.4 2 0
axonflow/platform/orchestrator/audit_logger.go:252.3,254.26 2 0
axonflow/platform/orchestrator/audit_logger.go:254.26,256.4 1 0
axonflow/platform/orchestrator/audit_logger.go:259.2,260.16 2 0
axonflow/platform/orchestrator/audit_logger.go:260.16,262.3 1 0
axonflow/platform/orchestrator/audit_logger.go:263.2,263.15 1 0
axonflow/platform/orchestrator/audit_logger.go:263.15,263.35 1 0
axonflow/platform/orchestrator/audit_logger.go:265.2,266.18 2 0
axonflow/platform/orchestrator/audit_logger.go:266.18,292.17 4 0
axonflow/platform/orchestrator/audit_logger.go:292.17,294.12 2 0
axonflow/platform/orchestrator/audit_logger.go:298.3,302.35 4 0
axonflow/platform/orchestrator/audit_logger.go:305.2,305.21 1 0
axonflow/platform/orchestrator/audit_logger.go:309.40,310.17 1 0
axonflow/platform/orchestrator/audit_logger.go:310.17,312.3 1 0
axonflow/platform/orchestrator/audit_logger.go:314.2,318.19 4 0
axonflow/platform/orchestrator/audit_logger.go:322.55,323.9 1 0
axonflow/platform/orchestrator/audit_logger.go:324.29,324.29 0 0
axonflow/platform/orchestrator/audit_logger.go:326.10,329.27 2 0
axonflow/platform/orchestrator/audit_logger.go:329.27,331.4 1 0
axonflow/platform/orchestrator/audit_logger.go:336.43,342.6 4 0
axonflow/platform/orchestrator/audit_logger.go:342.6,343.10 1 0
axonflow/platform/orchestrator/audit_logger.go:344.32,345.28 1 0
axonflow/platform/orchestrator/audit_logger.go:345.28,347.5 1 0
axonflow/platform/orchestrator/audit_logger.go:348.19,349.28 1 0
axonflow/platform/orchestrator/audit_logger.go:349.28,351.5 1 0
axonflow/platform/orchestrator/audit_logger.go:352.25,354.28 1 0
axonflow/platform/orchestrator/audit_logger.go:354.28,356.5 1 0
axonflow/platform/orchestrator/audit_logger.go:357.4,357.10 1 0
axonflow/platform/orchestrator/audit_logger.go:363.101,368.59 2 0
axonflow/platform/orchestrator/audit_logger.go:368.59,370.3 1 0
axonflow/platform/orchestrator/audit_logger.go:373.2,373.76 1 0
axonflow/platform/orchestrator/audit_logger.go:373.76,375.3 1 0
axonflow/platform/orchestrator/audit_logger.go:378.2,379.63 1 0
axonflow/platform/orchestrator/audit_logger.go:379.63,381.3 1 0
axonflow/platform/orchestrator/audit_logger.go:384.2,385.38 2 0
axonflow/platform/orchestrator/audit_logger.go:385.38,386.60 1 0
axonflow/platform/orchestrator/audit_logger.go:386.60,388.9 2 0
axonflow/platform/orchestrator/audit_logger.go:392.2,392.14 1 0
axonflow/platform/orchestrator/audit_logger.go:396.134,405.2 2 0
axonflow/platform/orchestrator/audit_logger.go:409.31,411.2 1 0
axonflow/platform/orchestrator/audit_logger.go:413.37,417.2 1 0
axonflow/platform/orchestrator/audit_logger.go:419.52,421.24 2 0
axonflow/platform/orchestrator/audit_logger.go:421.24,423.3 1 0
axonflow/platform/orchestrator/audit_logger.go:424.2,424.16 1 0
axonflow/platform/orchestrator/audit_logger.go:427.52,429.55 1 0
axonflow/platform/orchestrator/audit_logger.go:429.55,431.3 1 0
axonflow/platform/orchestrator/audit_logger.go:432.2,432.54 1 0
axonflow/platform/orchestrator/audit_logger.go:432.54,434.3 1 0
axonflow/platform/orchestrator/audit_logger.go:435.2,435.14 1 0
axonflow/platform/orchestrator/audit_logger.go:438.49,445.44 3 0
axonflow/platform/orchestrator/audit_logger.go:445.44,446.44 1 0
axonflow/platform/orchestrator/audit_logger.go:446.44,448.4 1 0
axonflow/platform/orchestrator/audit_logger.go:450.2,450.14 1 0
axonflow/platform/orchestrator/audit_logger.go:455.61,466.2 3 0
axonflow/platform/orchestrator/audit_logger.go:468.46,474.35 4 0
axonflow/platform/orchestrator/audit_logger.go:474.35,476.3 1 0
axonflow/platform/orchestrator/audit_logger.go:479.31,483.2 3 0
axonflow/platform/orchestrator/audit_logger.go:485.31,486.25 1 0
axonflow/platform/orchestrator/audit_logger.go:486.25,488.3 1 0
axonflow/platform/orchestrator/audit_logger.go:490.2,490.43 1 0
axonflow/platform/orchestrator/audit_logger.go:490.43,492.3 1 0
axonflow/platform/orchestrator/audit_logger.go:494.2,494.27 1 0
axonflow/platform/orchestrator/audit_logger.go:497.58,498.17 1 0
axonflow/platform/orchestrator/audit_logger.go:498.17,500.3 1 0
axonflow/platform/orchestrator/audit_logger.go:502.2,503.16 2 0
axonflow/platform/orchestrator/audit_logger.go:503.16,505.3 1 0
axonflow/platform/orchestrator/audit_logger.go:506.2,506.15 1 0
axonflow/platform/orchestrator/audit_logger.go:506.15,506.36 1 0
axonflow/platform/orchestrator/audit_logger.go:508.2,517.16 2 0
axonflow/platform/orchestrator/audit_logger.go:517.16,519.3 1 0
axonflow/platform/orchestrator/audit_logger.go:520.2,520.15 1 0
axonflow/platform/orchestrator/audit_logger.go:520.15,520.35 1 0
axonflow/platform/orchestrator/audit_logger.go:522.2,522.32 1 0
axonflow/platform/orchestrator/audit_logger.go:522.32,553.17 6 0
axonflow/platform/orchestrator/audit_logger.go:553.17,555.4 1 0
axonflow/platform/orchestrator/audit_logger.go:558.2,558.20 1 0
axonflow/platform/orchestrator/audit_logger.go:561.39,562.28 1 0
axonflow/platform/orchestrator/audit_logger.go:562.28,564.3 1 0
axonflow/platform/orchestrator/audit_logger.go:568.42,606.2 3 0
axonflow/platform/orchestrator/connector_marketplace_handlers.go:66.117,68.76 1 0
axonflow/platform/orchestrator/connector_marketplace_handlers.go:68.76,70.3 1 0
axonflow/platform/orchestrator/connector_marketplace_handlers.go:73.2,78.24 4 0
axonflow/platform/orchestrator/connector_marketplace_handlers.go:78.24,81.3 2 0
axonflow/platform/orchestrator/connector_marketplace_handlers.go:83.2,83.23 1 0
axonflow/platform/orchestrator/connector_marketplace_handlers.go:84.18,88.20 3 0
axonflow/platform/orchestrator/connector_marketplace_handlers.go:88.20,90.4 1 0
axonflow/platform/orchestrator/connector_marketplace_handlers.go:91.3,91.77 1 0
axonflow/platform/orchestrator/connector_marketplace_handlers.go:93.15,95.65 2 0
axonflow/platform/orchestrator/connector_marketplace_handlers.go:97.17,100.79 3 0
axonflow/platform/orchestrator/connector_marketplace_handlers.go:102.15,105.49 3 0
axonflow/platform/orchestrator/connector_marketplace_handlers.go:107.19,110.69 3 0
axonflow/platform/orchestrator/connector_marketplace_handlers.go:112.10,114.54 1 0
axonflow/platform/orchestrator/connector_marketplace_handlers.go:114.54,116.4 1 0
axonflow/platform/orchestrator/connector_marketplace_handlers.go:117.3,117.12 1 0
axonflow/platform/orchestrator/connector_marketplace_handlers.go:122.99,128.38 2 0
axonflow/platform/orchestrator/connector_marketplace_handlers.go:128.38,130.3 1 0
axonflow/platform/orchestrator/connector_marketplace_handlers.go:130.8,130.27 1 0
axonflow/platform/orchestrator/connector_marketplace_handlers.go:130.27,132.3 1 0
axonflow/platform/orchestrator/connector_marketplace_handlers.go:133.2,136.19 4 0
axonflow/platform/orchestrator/connector_marketplace_handlers.go:141.87,144.38 1 0
axonflow/platform/orchestrator/connector_marketplace_handlers.go:144.38,149.3 1 0
axonflow/platform/orchestrator/connector_marketplace_handlers.go:150.2,150.20 1 0
axonflow/platform/orchestrator/connector_marketplace_handlers.go:150.20,152.3 1 0
axonflow/platform/orchestrator/connector_marketplace_handlers.go:153.2,153.59 1 0
axonflow/platform/orchestrator/connector_marketplace_handlers.go:157.101,163.38 2 0
axonflow/platform/orchestrator/connector_marketplace_handlers.go:163.38,165.3 1 0
axonflow/platform/orchestrator/connector_marketplace_handlers.go:165.8,165.27 1 0
axonflow/platform/orchestrator/connector_marketplace_handlers.go:165.27,167.3 1 0
axonflow/platform/orchestrator/connector_marketplace_handlers.go:168.2,168.22 1 0
axonflow/platform/orchestrator/connector_marketplace_handlers.go:168.22,172.3 3 0
axonflow/platform/orchestrator/connector_marketplace_handlers.go:173.2,173.19 1 0
axonflow/platform/orchestrator/connector_marketplace_handlers.go:177.71,183.20 2 0
axonflow/platform/orchestrator/connector_marketplace_handlers.go:183.20,186.3 1 0
axonflow/platform/orchestrator/connector_marketplace_handlers.go:187.2,187.19 1 0
axonflow/platform/orchestrator/connector_marketplace_handlers.go:192.91,198.38 2 0
axonflow/platform/orchestrator/connector_marketplace_handlers.go:198.38,200.3 1 0
axonflow/platform/orchestrator/connector_marketplace_handlers.go:200.8,200.27 1 0
axonflow/platform/orchestrator/connector_marketplace_handlers.go:200.27,202.3 1 0
axonflow/platform/orchestrator/connector_marketplace_handlers.go:203.2,203.19 1 0
axonflow/platform/orchestrator/connector_marketplace_handlers.go:207.85,208.20 1 0
axonflow/platform/orchestrator/connector_marketplace_handlers.go:208.20,210.3 1 0
axonflow/platform/orchestrator/connector_marketplace_handlers.go:211.2,211.42 1 0
axonflow/platform/orchestrator/connector_marketplace_handlers.go:211.42,213.3 1 0
axonflow/platform/orchestrator/connector_marketplace_handlers.go:214.2,214.19 1 0
axonflow/platform/orchestrator/connector_marketplace_handlers.go:218.83,219.20 1 0
axonflow/platform/orchestrator/connector_marketplace_handlers.go:219.20,221.3 1 0
axonflow/platform/orchestrator/connector_marketplace_handlers.go:222.2,222.43 1 0
axonflow/platform/orchestrator/connector_marketplace_handlers.go:222.43,224.3 1 0
axonflow/platform/orchestrator/connector_marketplace_handlers.go:225.2,225.39 1 0
axonflow/platform/orchestrator/connector_marketplace_handlers.go:225.39,227.3 1 0
axonflow/platform/orchestrator/connector_marketplace_handlers.go:228.2,228.19 1 0
axonflow/platform/orchestrator/connector_marketplace_handlers.go:232.76,233.23 1 0
axonflow/platform/orchestrator/connector_marketplace_handlers.go:234.17,235.36 1 0
axonflow/platform/orchestrator/connector_marketplace_handlers.go:236.15,237.40 1 0
axonflow/platform/orchestrator/connector_marketplace_handlers.go:238.14,239.47 1 0
axonflow/platform/orchestrator/connector_marketplace_handlers.go:240.18,241.46 1 0
axonflow/platform/orchestrator/connector_marketplace_handlers.go:242.15,243.40 1 0
axonflow/platform/orchestrator/connector_marketplace_handlers.go:244.17,245.44 1 0
axonflow/platform/orchestrator/connector_marketplace_handlers.go:246.10,247.74 1 0
axonflow/platform/orchestrator/connector_marketplace_handlers.go:252.36,255.17 2 0
axonflow/platform/orchestrator/connector_marketplace_handlers.go:255.17,258.17 3 0
axonflow/platform/orchestrator/connector_marketplace_handlers.go:258.17,261.4 2 0
axonflow/platform/orchestrator/connector_marketplace_handlers.go:261.9,271.4 5 0
axonflow/platform/orchestrator/connector_marketplace_handlers.go:272.8,275.3 2 0
axonflow/platform/orchestrator/connector_marketplace_handlers.go:279.49,451.2 1 0
axonflow/platform/orchestrator/connector_marketplace_handlers.go:454.68,460.26 3 0
axonflow/platform/orchestrator/connector_marketplace_handlers.go:460.26,464.16 3 0
axonflow/platform/orchestrator/connector_marketplace_handlers.go:464.16,470.35 4 0
axonflow/platform/orchestrator/connector_marketplace_handlers.go:470.35,473.5 2 0
axonflow/platform/orchestrator/connector_marketplace_handlers.go:477.2,481.17 2 0
axonflow/platform/orchestrator/connector_marketplace_handlers.go:481.17,483.3 1 0
axonflow/platform/orchestrator/connector_marketplace_handlers.go:487.73,494.26 5 0
axonflow/platform/orchestrator/connector_marketplace_handlers.go:494.26,495.36 1 0
axonflow/platform/orchestrator/connector_marketplace_handlers.go:495.36,497.9 2 0
axonflow/platform/orchestrator/connector_marketplace_handlers.go:501.2,501.18 1 0
axonflow/platform/orchestrator/connector_marketplace_handlers.go:501.18,504.3 2 0
axonflow/platform/orchestrator/connector_marketplace_handlers.go:507.2,511.15 4 0
axonflow/platform/orchestrator/connector_marketplace_handlers.go:511.15,517.34 4 0
axonflow/platform/orchestrator/connector_marketplace_handlers.go:517.34,520.4 2 0
axonflow/platform/orchestrator/connector_marketplace_handlers.go:523.2,524.57 2 0
axonflow/platform/orchestrator/connector_marketplace_handlers.go:524.57,526.3 1 0
axonflow/platform/orchestrator/connector_marketplace_handlers.go:530.70,535.61 4 0
axonflow/platform/orchestrator/connector_marketplace_handlers.go:535.61,538.3 2 0
axonflow/platform/orchestrator/connector_marketplace_handlers.go:541.2,543.26 3 0
axonflow/platform/orchestrator/connector_marketplace_handlers.go:543.26,544.36 1 0
axonflow/platform/orchestrator/connector_marketplace_handlers.go:544.36,546.9 2 0
axonflow/platform/orchestrator/connector_marketplace_handlers.go:550.2,550.25 1 0
axonflow/platform/orchestrator/connector_marketplace_handlers.go:550.25,553.3 2 0
axonflow/platform/orchestrator/connector_marketplace_handlers.go:556.2,557.23 2 0
axonflow/platform/orchestrator/connector_marketplace_handlers.go:558.17,559.36 1 0
axonflow/platform/orchestrator/connector_marketplace_handlers.go:560.15,561.40 1 0
axonflow/platform/orchestrator/connector_marketplace_handlers.go:562.14,563.47 1 0
axonflow/platform/orchestrator/connector_marketplace_handlers.go:564.18,565.46 1 0
axonflow/platform/orchestrator/connector_marketplace_handlers.go:566.10,568.9 2 0
axonflow/platform/orchestrator/connector_marketplace_handlers.go:572.2,583.83 2 0
axonflow/platform/orchestrator/connector_marketplace_handlers.go:583.83,586.3 2 0
axonflow/platform/orchestrator/connector_marketplace_handlers.go:588.2,594.17 2 0
axonflow/platform/orchestrator/connector_marketplace_handlers.go:594.17,596.3 1 0
axonflow/platform/orchestrator/connector_marketplace_handlers.go:600.72,604.66 3 0
axonflow/platform/orchestrator/connector_marketplace_handlers.go:604.66,607.3 2 0
axonflow/platform/orchestrator/connector_marketplace_handlers.go:609.2,613.17 2 0
axonflow/platform/orchestrator/connector_marketplace_handlers.go:613.17,615.3 1 0
axonflow/platform/orchestrator/connector_marketplace_handlers.go:619.74,627.16 6 0
axonflow/platform/orchestrator/connector_marketplace_handlers.go:627.16,630.3 2 0
axonflow/platform/orchestrator/connector_marketplace_handlers.go:632.2,633.58 2 0
axonflow/platform/orchestrator/connector_marketplace_handlers.go:633.58,635.3 1 0
axonflow/platform/orchestrator/db_dynamic_policies.go:41.77,43.17 2 0
axonflow/platform/orchestrator/db_dynamic_policies.go:43.17,45.3 1 0
axonflow/platform/orchestrator/db_dynamic_policies.go:48.2,49.16 2 0
axonflow/platform/orchestrator/db_dynamic_policies.go:49.16,51.3 1 0
axonflow/platform/orchestrator/db_dynamic_policies.go:54.2,59.34 4 0
axonflow/platform/orchestrator/db_dynamic_policies.go:59.34,61.3 1 0
axonflow/platform/orchestrator/db_dynamic_policies.go:64.2,65.16 2 0
axonflow/platform/orchestrator/db_dynamic_policies.go:65.16,67.3 1 0
axonflow/platform/orchestrator/db_dynamic_policies.go:68.2,80.50 4 0
axonflow/platform/orchestrator/db_dynamic_policies.go:80.50,82.3 1 0
axonflow/platform/orchestrator/db_dynamic_policies.go:85.2,85.49 1 0
axonflow/platform/orchestrator/db_dynamic_policies.go:85.49,89.3 2 0
axonflow/platform/orchestrator/db_dynamic_policies.go:92.2,97.20 3 0
axonflow/platform/orchestrator/db_dynamic_policies.go:100.64,135.16 3 0
axonflow/platform/orchestrator/db_dynamic_policies.go:135.16,137.3 1 0
axonflow/platform/orchestrator/db_dynamic_policies.go:140.2,142.16 3 0
axonflow/platform/orchestrator/db_dynamic_policies.go:142.16,144.3 1 0
axonflow/platform/orchestrator/db_dynamic_policies.go:146.2,146.16 1 0
axonflow/platform/orchestrator/db_dynamic_policies.go:146.16,148.3 1 0
axonflow/platform/orchestrator/db_dynamic_policies.go:150.2,150.12 1 0
axonflow/platform/orchestrator/db_dynamic_policies.go:153.68,218.35 2 0
axonflow/platform/orchestrator/db_dynamic_policies.go:218.35,234.17 6 0
axonflow/platform/orchestrator/db_dynamic_policies.go:234.17,236.4 1 0
axonflow/platform/orchestrator/db_dynamic_policies.go:239.2,239.12 1 0
axonflow/platform/orchestrator/db_dynamic_policies.go:242.63,251.16 3 0
axonflow/platform/orchestrator/db_dynamic_policies.go:251.16,253.3 1 0
axonflow/platform/orchestrator/db_dynamic_policies.go:254.2,254.15 1 0
axonflow/platform/orchestrator/db_dynamic_policies.go:254.15,254.35 1 0
axonflow/platform/orchestrator/db_dynamic_policies.go:256.2,258.18 2 0
axonflow/platform/orchestrator/db_dynamic_policies.go:258.18,264.17 5 0
axonflow/platform/orchestrator/db_dynamic_policies.go:264.17,266.12 2 0
axonflow/platform/orchestrator/db_dynamic_policies.go:270.3,271.21 2 0
axonflow/platform/orchestrator/db_dynamic_policies.go:271.21,273.4 1 0
axonflow/platform/orchestrator/db_dynamic_policies.go:276.3,293.33 3 0
axonflow/platform/orchestrator/db_dynamic_policies.go:296.2,296.34 1 0
axonflow/platform/orchestrator/db_dynamic_policies.go:296.34,298.3 1 0
axonflow/platform/orchestrator/db_dynamic_policies.go:301.2,307.12 6 0
axonflow/platform/orchestrator/db_dynamic_policies.go:310.59,314.21 3 0
axonflow/platform/orchestrator/db_dynamic_policies.go:314.21,317.20 2 0
axonflow/platform/orchestrator/db_dynamic_policies.go:317.20,321.14 3 0
axonflow/platform/orchestrator/db_dynamic_policies.go:321.14,322.47 1 0
axonflow/platform/orchestrator/db_dynamic_policies.go:322.47,324.6 1 0
axonflow/platform/orchestrator/db_dynamic_policies.go:325.5,327.25 3 0
axonflow/platform/orchestrator/db_dynamic_policies.go:329.9,331.4 1 0
axonflow/platform/orchestrator/db_dynamic_policies.go:335.55,339.21 3 0
axonflow/platform/orchestrator/db_dynamic_policies.go:339.21,348.27 7 0
axonflow/platform/orchestrator/db_dynamic_policies.go:348.27,351.4 2 0
axonflow/platform/orchestrator/db_dynamic_policies.go:351.9,355.39 3 0
axonflow/platform/orchestrator/db_dynamic_policies.go:355.39,357.5 1 0
axonflow/platform/orchestrator/db_dynamic_policies.go:361.3,366.17 2 0
axonflow/platform/orchestrator/db_dynamic_policies.go:366.17,368.4 1 0
axonflow/platform/orchestrator/db_dynamic_policies.go:371.3,371.27 1 0
axonflow/platform/orchestrator/db_dynamic_policies.go:371.27,373.4 1 0
axonflow/platform/orchestrator/db_dynamic_policies.go:373.9,376.4 1 0
axonflow/platform/orchestrator/db_dynamic_policies.go:380.93,385.13 4 0
axonflow/platform/orchestrator/db_dynamic_policies.go:385.13,387.3 1 0
axonflow/platform/orchestrator/db_dynamic_policies.go:389.2,390.9 2 0
axonflow/platform/orchestrator/db_dynamic_policies.go:390.9,392.3 1 0
axonflow/platform/orchestrator/db_dynamic_policies.go:395.2,397.24 2 0
axonflow/platform/orchestrator/db_dynamic_policies.go:400.79,406.31 4 0
axonflow/platform/orchestrator/db_dynamic_policies.go:406.31,408.3 1 0
axonflow/platform/orchestrator/db_dynamic_policies.go:411.2,413.15 2 0
axonflow/platform/orchestrator/db_dynamic_policies.go:416.61,431.2 3 0
axonflow/platform/orchestrator/db_dynamic_policies.go:433.133,453.31 8 0
axonflow/platform/orchestrator/db_dynamic_policies.go:453.31,455.3 1 0
axonflow/platform/orchestrator/db_dynamic_policies.go:456.2,456.47 1 0
axonflow/platform/orchestrator/db_dynamic_policies.go:456.47,458.3 1 0
axonflow/platform/orchestrator/db_dynamic_policies.go:461.2,461.37 1 0
axonflow/platform/orchestrator/db_dynamic_policies.go:461.37,463.10 2 0
axonflow/platform/orchestrator/db_dynamic_policies.go:463.10,464.12 1 0
axonflow/platform/orchestrator/db_dynamic_policies.go:468.3,469.9 2 0
axonflow/platform/orchestrator/db_dynamic_policies.go:469.9,471.60 2 0
axonflow/platform/orchestrator/db_dynamic_policies.go:471.60,472.13 1 0
axonflow/platform/orchestrator/db_dynamic_policies.go:478.3,479.52 2 0
axonflow/platform/orchestrator/db_dynamic_policies.go:480.24,481.63 1 0
axonflow/platform/orchestrator/db_dynamic_policies.go:481.63,483.13 2 0
axonflow/platform/orchestrator/db_dynamic_policies.go:485.15,486.63 1 0
axonflow/platform/orchestrator/db_dynamic_policies.go:486.63,488.13 2 0
axonflow/platform/orchestrator/db_dynamic_policies.go:490.22,491.30 1 0
axonflow/platform/orchestrator/db_dynamic_policies.go:491.30,492.49 1 0
axonflow/platform/orchestrator/db_dynamic_policies.go:492.49,494.6 1 0
axonflow/platform/orchestrator/db_dynamic_policies.go:499.3,499.26 1 0
axonflow/platform/orchestrator/db_dynamic_policies.go:499.26,501.36 2 0
axonflow/platform/orchestrator/db_dynamic_policies.go:501.36,502.40 1 0
axonflow/platform/orchestrator/db_dynamic_policies.go:502.40,504.11 2 0
axonflow/platform/orchestrator/db_dynamic_policies.go:507.4,507.17 1 0
axonflow/platform/orchestrator/db_dynamic_policies.go:507.17,508.13 1 0
axonflow/platform/orchestrator/db_dynamic_policies.go:513.3,513.67 1 0
axonflow/platform/orchestrator/db_dynamic_policies.go:513.67,515.68 1 0
axonflow/platform/orchestrator/db_dynamic_policies.go:515.68,516.36 1 0
axonflow/platform/orchestrator/db_dynamic_policies.go:516.36,517.46 1 0
axonflow/platform/orchestrator/db_dynamic_policies.go:517.46,519.7 1 0
axonflow/platform/orchestrator/db_dynamic_policies.go:524.4,524.58 1 0
axonflow/platform/orchestrator/db_dynamic_policies.go:524.58,525.37 1 0
axonflow/platform/orchestrator/db_dynamic_policies.go:525.37,527.6 1 0
axonflow/platform/orchestrator/db_dynamic_policies.go:533.3,534.52 2 0
axonflow/platform/orchestrator/db_dynamic_policies.go:535.24,536.63 1 0
axonflow/platform/orchestrator/db_dynamic_policies.go:536.63,538.5 1 0
axonflow/platform/orchestrator/db_dynamic_policies.go:539.15,540.63 1 0
axonflow/platform/orchestrator/db_dynamic_policies.go:540.63,542.5 1 0
axonflow/platform/orchestrator/db_dynamic_policies.go:543.22,544.24 1 0
axonflow/platform/orchestrator/db_dynamic_policies.go:547.3,547.34 1 0
axonflow/platform/orchestrator/db_dynamic_policies.go:547.34,549.11 2 0
axonflow/platform/orchestrator/db_dynamic_policies.go:549.11,550.13 1 0
axonflow/platform/orchestrator/db_dynamic_policies.go:553.4,556.22 3 0
axonflow/platform/orchestrator/db_dynamic_policies.go:557.17,559.92 1 0
axonflow/platform/orchestrator/db_dynamic_policies.go:559.92,561.6 1 0
axonflow/platform/orchestrator/db_dynamic_policies.go:562.5,562.58 1 0
axonflow/platform/orchestrator/db_dynamic_policies.go:562.58,564.6 1 0
axonflow/platform/orchestrator/db_dynamic_policies.go:568.5,568.64 1 0
axonflow/platform/orchestrator/db_dynamic_policies.go:568.64,570.36 2 0
axonflow/platform/orchestrator/db_dynamic_policies.go:571.25,572.27 1 0
axonflow/platform/orchestrator/db_dynamic_policies.go:572.27,573.36 1 0
axonflow/platform/orchestrator/db_dynamic_policies.go:573.36,575.9 1 0
axonflow/platform/orchestrator/db_dynamic_policies.go:577.20,578.24 1 0
axonflow/platform/orchestrator/db_dynamic_policies.go:581.6,581.32 1 0
axonflow/platform/orchestrator/db_dynamic_policies.go:581.32,582.44 1 0
axonflow/platform/orchestrator/db_dynamic_policies.go:582.44,585.8 1 0
axonflow/platform/orchestrator/db_dynamic_policies.go:585.13,588.50 2 0
axonflow/platform/orchestrator/db_dynamic_policies.go:588.50,589.42 1 0
axonflow/platform/orchestrator/db_dynamic_policies.go:589.42,590.21 1 0
axonflow/platform/orchestrator/db_dynamic_policies.go:590.21,592.16 2 0
axonflow/platform/orchestrator/db_dynamic_policies.go:596.8,596.46 1 0
axonflow/platform/orchestrator/db_dynamic_policies.go:600.5,601.78 1 0
axonflow/platform/orchestrator/db_dynamic_policies.go:603.17,605.58 2 0
axonflow/platform/orchestrator/db_dynamic_policies.go:605.58,607.6 1 0
axonflow/platform/orchestrator/db_dynamic_policies.go:609.23,610.53 1 0
axonflow/platform/orchestrator/db_dynamic_policies.go:610.53,612.6 1 0
axonflow/platform/orchestrator/db_dynamic_policies.go:616.3,616.64 1 0
axonflow/platform/orchestrator/db_dynamic_policies.go:620.2,620.12 1 0
axonflow/platform/orchestrator/db_dynamic_policies.go:620.12,626.17 2 0
axonflow/platform/orchestrator/db_dynamic_policies.go:626.17,628.4 1 0
axonflow/platform/orchestrator/db_dynamic_policies.go:631.2,636.15 3 0
axonflow/platform/orchestrator/db_dynamic_policies.go:641.116,649.18 5 0
axonflow/platform/orchestrator/db_dynamic_policies.go:650.16,651.67 1 0
axonflow/platform/orchestrator/db_dynamic_policies.go:653.20,654.67 1 0
axonflow/platform/orchestrator/db_dynamic_policies.go:656.18,658.10 2 0
axonflow/platform/orchestrator/db_dynamic_policies.go:658.10,660.4 1 0
axonflow/platform/orchestrator/db_dynamic_policies.go:661.3,662.10 2 0
axonflow/platform/orchestrator/db_dynamic_policies.go:662.10,664.4 1 0
axonflow/platform/orchestrator/db_dynamic_policies.go:665.3,665.80 1 0
axonflow/platform/orchestrator/db_dynamic_policies.go:667.22,669.10 2 0
axonflow/platform/orchestrator/db_dynamic_policies.go:669.10,671.4 1 0
axonflow/platform/orchestrator/db_dynamic_policies.go:672.3,673.10 2 0
axonflow/platform/orchestrator/db_dynamic_policies.go:673.10,675.4 1 0
axonflow/platform/orchestrator/db_dynamic_policies.go:676.3,676.81 1 0
axonflow/platform/orchestrator/db_dynamic_policies.go:678.22,680.10 2 0
axonflow/platform/orchestrator/db_dynamic_policies.go:680.10,682.4 1 0
axonflow/platform/orchestrator/db_dynamic_policies.go:683.3,685.28 2 0
axonflow/platform/orchestrator/db_dynamic_policies.go:686.22,687.27 1 0
axonflow/platform/orchestrator/db_dynamic_policies.go:687.27,688.41 1 0
axonflow/platform/orchestrator/db_dynamic_policies.go:688.41,689.64 1 0
axonflow/platform/orchestrator/db_dynamic_policies.go:689.64,691.7 1 0
axonflow/platform/orchestrator/db_dynamic_policies.go:694.17,695.27 1 0
axonflow/platform/orchestrator/db_dynamic_policies.go:695.27,696.60 1 0
axonflow/platform/orchestrator/db_dynamic_policies.go:696.60,698.6 1 0
axonflow/platform/orchestrator/db_dynamic_policies.go:701.3,701.15 1 0
axonflow/platform/orchestrator/db_dynamic_policies.go:703.15,705.10 2 0
axonflow/platform/orchestrator/db_dynamic_policies.go:705.10,707.4 1 0
axonflow/platform/orchestrator/db_dynamic_policies.go:708.3,709.10 2 0
axonflow/platform/orchestrator/db_dynamic_policies.go:709.10,711.4 1 0
axonflow/platform/orchestrator/db_dynamic_policies.go:712.3,713.17 2 0
axonflow/platform/orchestrator/db_dynamic_policies.go:713.17,716.4 2 0
axonflow/platform/orchestrator/db_dynamic_policies.go:717.3,717.17 1 0
axonflow/platform/orchestrator/db_dynamic_policies.go:719.22,722.33 3 0
axonflow/platform/orchestrator/db_dynamic_policies.go:724.19,727.33 3 0
axonflow/platform/orchestrator/db_dynamic_policies.go:729.12,731.28 2 0
axonflow/platform/orchestrator/db_dynamic_policies.go:732.22,733.27 1 0
axonflow/platform/orchestrator/db_dynamic_policies.go:733.27,734.44 1 0
axonflow/platform/orchestrator/db_dynamic_policies.go:734.44,736.6 1 0
axonflow/platform/orchestrator/db_dynamic_policies.go:738.17,739.27 1 0
axonflow/platform/orchestrator/db_dynamic_policies.go:739.27,740.25 1 0
axonflow/platform/orchestrator/db_dynamic_policies.go:740.25,742.6 1 0
axonflow/platform/orchestrator/db_dynamic_policies.go:745.3,745.15 1 0
axonflow/platform/orchestrator/db_dynamic_policies.go:747.16,749.28 2 0
axonflow/platform/orchestrator/db_dynamic_policies.go:750.22,751.27 1 0
axonflow/platform/orchestrator/db_dynamic_policies.go:751.27,752.44 1 0
axonflow/platform/orchestrator/db_dynamic_policies.go:752.44,754.6 1 0
axonflow/platform/orchestrator/db_dynamic_policies.go:756.17,757.27 1 0
axonflow/platform/orchestrator/db_dynamic_policies.go:757.27,758.25 1 0
axonflow/platform/orchestrator/db_dynamic_policies.go:758.25,760.6 1 0
axonflow/platform/orchestrator/db_dynamic_policies.go:763.3,763.14 1 0
axonflow/platform/orchestrator/db_dynamic_policies.go:765.10,767.15 2 0
axonflow/platform/orchestrator/db_dynamic_policies.go:773.104,774.15 1 0
axonflow/platform/orchestrator/db_dynamic_policies.go:776.15,777.19 1 0
axonflow/platform/orchestrator/db_dynamic_policies.go:778.22,779.25 1 0
axonflow/platform/orchestrator/db_dynamic_policies.go:780.20,781.23 1 0
axonflow/platform/orchestrator/db_dynamic_policies.go:784.28,785.21 1 0
axonflow/platform/orchestrator/db_dynamic_policies.go:786.34,787.24 1 0
axonflow/platform/orchestrator/db_dynamic_policies.go:788.32,789.23 1 0
axonflow/platform/orchestrator/db_dynamic_policies.go:790.46,791.25 1 0
axonflow/platform/orchestrator/db_dynamic_policies.go:792.24,793.27 1 0
axonflow/platform/orchestrator/db_dynamic_policies.go:796.44,797.23 1 0
axonflow/platform/orchestrator/db_dynamic_policies.go:798.33,799.26 1 0
axonflow/platform/orchestrator/db_dynamic_policies.go:800.39,801.29 1 0
axonflow/platform/orchestrator/db_dynamic_policies.go:804.28,805.25 1 0
axonflow/platform/orchestrator/db_dynamic_policies.go:805.25,806.58 1 0
axonflow/platform/orchestrator/db_dynamic_policies.go:806.58,808.5 1 0
axonflow/platform/orchestrator/db_dynamic_policies.go:811.3,811.34 1 0
axonflow/platform/orchestrator/db_dynamic_policies.go:813.20,814.25 1 0
axonflow/platform/orchestrator/db_dynamic_policies.go:814.25,815.57 1 0
axonflow/platform/orchestrator/db_dynamic_policies.go:815.57,817.5 1 0
axonflow/platform/orchestrator/db_dynamic_policies.go:819.3,819.13 1 0
axonflow/platform/orchestrator/db_dynamic_policies.go:821.23,822.25 1 0
axonflow/platform/orchestrator/db_dynamic_policies.go:822.25,823.60 1 0
axonflow/platform/orchestrator/db_dynamic_policies.go:823.60,825.5 1 0
axonflow/platform/orchestrator/db_dynamic_policies.go:827.3,827.13 1 0
axonflow/platform/orchestrator/db_dynamic_policies.go:829.10,831.25 1 0
axonflow/platform/orchestrator/db_dynamic_policies.go:831.25,834.48 2 0
axonflow/platform/orchestrator/db_dynamic_policies.go:834.48,835.45 1 0
axonflow/platform/orchestrator/db_dynamic_policies.go:835.45,837.6 1 0
axonflow/platform/orchestrator/db_dynamic_policies.go:840.4,840.41 1 0
axonflow/platform/orchestrator/db_dynamic_policies.go:840.41,842.5 1 0
axonflow/platform/orchestrator/db_dynamic_policies.go:844.3,844.13 1 0
axonflow/platform/orchestrator/db_dynamic_policies.go:849.72,850.25 1 0
axonflow/platform/orchestrator/db_dynamic_policies.go:851.15,852.13 1 0
axonflow/platform/orchestrator/db_dynamic_policies.go:853.15,854.22 1 0
axonflow/platform/orchestrator/db_dynamic_policies.go:855.11,856.22 1 0
axonflow/platform/orchestrator/db_dynamic_policies.go:857.13,858.22 1 0
axonflow/platform/orchestrator/db_dynamic_policies.go:859.14,861.11 2 0
axonflow/platform/orchestrator/db_dynamic_policies.go:862.10,863.11 1 0
axonflow/platform/orchestrator/db_dynamic_policies.go:867.76,873.39 4 0
axonflow/platform/orchestrator/db_dynamic_policies.go:873.39,875.10 2 0
axonflow/platform/orchestrator/db_dynamic_policies.go:875.10,876.12 1 0
axonflow/platform/orchestrator/db_dynamic_policies.go:879.3,887.58 2 0
axonflow/platform/orchestrator/db_dynamic_policies.go:887.58,889.4 1 0
axonflow/platform/orchestrator/db_dynamic_policies.go:892.3,892.74 1 0
axonflow/platform/orchestrator/db_dynamic_policies.go:892.74,893.54 1 0
axonflow/platform/orchestrator/db_dynamic_policies.go:893.54,895.5 1 0
axonflow/platform/orchestrator/db_dynamic_policies.go:896.4,896.58 1 0
axonflow/platform/orchestrator/db_dynamic_policies.go:896.58,898.5 1 0
axonflow/platform/orchestrator/db_dynamic_policies.go:902.3,902.67 1 0
axonflow/platform/orchestrator/db_dynamic_policies.go:902.67,904.28 1 0
axonflow/platform/orchestrator/db_dynamic_policies.go:904.28,910.5 1 0
axonflow/platform/orchestrator/db_dynamic_policies.go:914.3,914.50 1 0
axonflow/platform/orchestrator/db_dynamic_policies.go:914.50,916.4 1 0
axonflow/platform/orchestrator/db_dynamic_policies.go:918.3,918.34 1 0
axonflow/platform/orchestrator/db_dynamic_policies.go:921.2,921.17 1 0
axonflow/platform/orchestrator/db_dynamic_policies.go:924.56,926.17 1 0
axonflow/platform/orchestrator/db_dynamic_policies.go:926.17,928.3 1 0
axonflow/platform/orchestrator/db_dynamic_policies.go:930.2,933.46 3 0
axonflow/platform/orchestrator/db_dynamic_policies.go:933.46,936.3 2 0
axonflow/platform/orchestrator/db_dynamic_policies.go:939.2,944.30 5 0
axonflow/platform/orchestrator/db_dynamic_policies.go:944.30,947.3 2 0
axonflow/platform/orchestrator/db_dynamic_policies.go:949.2,949.22 1 0
axonflow/platform/orchestrator/db_dynamic_policies.go:949.22,952.3 2 0
axonflow/platform/orchestrator/db_dynamic_policies.go:954.2,954.13 1 0
axonflow/platform/orchestrator/db_dynamic_policies.go:957.53,958.17 1 0
axonflow/platform/orchestrator/db_dynamic_policies.go:958.17,960.3 1 0
axonflow/platform/orchestrator/db_dynamic_policies.go:961.2,961.24 1 0
axonflow/platform/orchestrator/db_dynamic_policies.go:961.24,963.3 1 0
axonflow/platform/orchestrator/db_dynamic_policies.go:964.2,964.12 1 0
axonflow/platform/orchestrator/dynamic_policy_engine.go:144.52,152.53 2 0
axonflow/platform/orchestrator/dynamic_policy_engine.go:152.53,154.17 2 0
axonflow/platform/orchestrator/dynamic_policy_engine.go:154.17,156.36 1 0
axonflow/platform/orchestrator/dynamic_policy_engine.go:156.36,162.55 4 0
axonflow/platform/orchestrator/dynamic_policy_engine.go:162.55,164.6 1 0
axonflow/platform/orchestrator/dynamic_policy_engine.go:165.10,167.5 1 0
axonflow/platform/orchestrator/dynamic_policy_engine.go:168.9,170.4 1 0
axonflow/platform/orchestrator/dynamic_policy_engine.go:174.2,176.15 2 0
axonflow/platform/orchestrator/dynamic_policy_engine.go:189.125,194.51 3 0
axonflow/platform/orchestrator/dynamic_policy_engine.go:194.51,196.3 1 0
axonflow/platform/orchestrator/dynamic_policy_engine.go:198.2,208.46 3 0
axonflow/platform/orchestrator/dynamic_policy_engine.go:208.46,211.30 2 0
axonflow/platform/orchestrator/dynamic_policy_engine.go:211.30,213.4 1 0
axonflow/platform/orchestrator/dynamic_policy_engine.go:217.2,222.44 4 0
axonflow/platform/orchestrator/dynamic_policy_engine.go:222.44,223.49 1 0
axonflow/platform/orchestrator/dynamic_policy_engine.go:223.49,227.42 2 0
axonflow/platform/orchestrator/dynamic_policy_engine.go:227.42,229.5 1 0
axonflow/platform/orchestrator/dynamic_policy_engine.go:232.4,232.21 1 0
axonflow/platform/orchestrator/dynamic_policy_engine.go:232.21,234.5 1 0
axonflow/platform/orchestrator/dynamic_policy_engine.go:238.2,243.15 3 0
axonflow/platform/orchestrator/dynamic_policy_engine.go:247.90,248.35 1 0
axonflow/platform/orchestrator/dynamic_policy_engine.go:248.35,250.3 1 0
axonflow/platform/orchestrator/dynamic_policy_engine.go:253.2,260.16 4 0
axonflow/platform/orchestrator/dynamic_policy_engine.go:260.16,262.3 1 0
axonflow/platform/orchestrator/dynamic_policy_engine.go:265.2,269.31 4 0
axonflow/platform/orchestrator/dynamic_policy_engine.go:269.31,270.29 1 0
axonflow/platform/orchestrator/dynamic_policy_engine.go:270.29,272.4 1 0
axonflow/platform/orchestrator/dynamic_policy_engine.go:274.2,274.23 1 0
axonflow/platform/orchestrator/dynamic_policy_engine.go:278.83,279.35 1 0
axonflow/platform/orchestrator/dynamic_policy_engine.go:279.35,281.3 1 0
axonflow/platform/orchestrator/dynamic_policy_engine.go:284.2,293.14 3 0
axonflow/platform/orchestrator/dynamic_policy_engine.go:293.14,295.3 1 0
axonflow/platform/orchestrator/dynamic_policy_engine.go:297.2,298.16 2 0
axonflow/platform/orchestrator/dynamic_policy_engine.go:298.16,300.3 1 0
axonflow/platform/orchestrator/dynamic_policy_engine.go:304.151,306.46 1 0
axonflow/platform/orchestrator/dynamic_policy_engine.go:306.46,307.51 1 0
axonflow/platform/orchestrator/dynamic_policy_engine.go:307.51,309.4 1 0
axonflow/platform/orchestrator/dynamic_policy_engine.go:311.2,311.13 1 0
axonflow/platform/orchestrator/dynamic_policy_engine.go:315.138,318.28 2 0
axonflow/platform/orchestrator/dynamic_policy_engine.go:319.18,320.113 1 0
axonflow/platform/orchestrator/dynamic_policy_engine.go:321.16,322.63 1 0
axonflow/platform/orchestrator/dynamic_policy_engine.go:323.20,324.63 1 0
axonflow/platform/orchestrator/dynamic_policy_engine.go:325.22,326.58 1 0
axonflow/platform/orchestrator/dynamic_policy_engine.go:327.19,328.58 1 0
axonflow/platform/orchestrator/dynamic_policy_engine.go:329.15,330.73 1 0
axonflow/platform/orchestrator/dynamic_policy_engine.go:331.12,332.47 1 0
axonflow/platform/orchestrator/dynamic_policy_engine.go:333.10,335.15 2 0
axonflow/platform/orchestrator/dynamic_policy_engine.go:340.128,343.18 2 0
axonflow/platform/orchestrator/dynamic_policy_engine.go:344.15,345.19 1 0
axonflow/platform/orchestrator/dynamic_policy_engine.go:346.22,347.25 1 0
axonflow/platform/orchestrator/dynamic_policy_engine.go:348.14,349.21 1 0
axonflow/platform/orchestrator/dynamic_policy_engine.go:349.21,350.20 1 0
axonflow/platform/orchestrator/dynamic_policy_engine.go:351.16,352.25 1 0
axonflow/platform/orchestrator/dynamic_policy_engine.go:353.17,354.26 1 0
axonflow/platform/orchestrator/dynamic_policy_engine.go:355.18,356.27 1 0
axonflow/platform/orchestrator/dynamic_policy_engine.go:357.21,358.29 1 0
axonflow/platform/orchestrator/dynamic_policy_engine.go:359.23,360.32 1 0
axonflow/platform/orchestrator/dynamic_policy_engine.go:363.3,363.18 1 0
axonflow/platform/orchestrator/dynamic_policy_engine.go:364.16,365.21 1 0
axonflow/platform/orchestrator/dynamic_policy_engine.go:365.21,366.20 1 0
axonflow/platform/orchestrator/dynamic_policy_engine.go:367.14,368.25 1 0
axonflow/platform/orchestrator/dynamic_policy_engine.go:369.16,370.27 1 0
axonflow/platform/orchestrator/dynamic_policy_engine.go:373.3,373.20 1 0
axonflow/platform/orchestrator/dynamic_policy_engine.go:374.20,375.26 1 0
axonflow/platform/orchestrator/dynamic_policy_engine.go:376.17,377.21 1 0
axonflow/platform/orchestrator/dynamic_policy_engine.go:377.21,379.4 1 0
axonflow/platform/orchestrator/dynamic_policy_engine.go:380.3,380.21 1 0
axonflow/platform/orchestrator/dynamic_policy_engine.go:381.10,382.13 1 0
axonflow/platform/orchestrator/dynamic_policy_engine.go:387.148,388.21 1 0
axonflow/platform/orchestrator/dynamic_policy_engine.go:389.15,391.57 2 0
axonflow/platform/orchestrator/dynamic_policy_engine.go:391.57,393.4 1 0
axonflow/platform/orchestrator/dynamic_policy_engine.go:394.16,395.106 1 0
axonflow/platform/orchestrator/dynamic_policy_engine.go:396.15,398.87 1 0
axonflow/platform/orchestrator/dynamic_policy_engine.go:399.13,401.79 1 0
axonflow/platform/orchestrator/dynamic_policy_engine.go:402.21,403.62 1 0
axonflow/platform/orchestrator/dynamic_policy_engine.go:403.62,405.4 1 0
axonflow/platform/orchestrator/dynamic_policy_engine.go:406.15,409.91 2 0
axonflow/platform/orchestrator/dynamic_policy_engine.go:409.91,412.4 2 0
axonflow/platform/orchestrator/dynamic_policy_engine.go:413.3,413.57 1 0
axonflow/platform/orchestrator/dynamic_policy_engine.go:413.57,415.4 1 0
axonflow/platform/orchestrator/dynamic_policy_engine.go:418.3,418.63 1 0
axonflow/platform/orchestrator/dynamic_policy_engine.go:418.63,419.34 1 0
axonflow/platform/orchestrator/dynamic_policy_engine.go:420.23,421.25 1 0
axonflow/platform/orchestrator/dynamic_policy_engine.go:421.25,422.34 1 0
axonflow/platform/orchestrator/dynamic_policy_engine.go:422.34,424.7 1 0
axonflow/platform/orchestrator/dynamic_policy_engine.go:426.18,427.68 1 0
axonflow/platform/orchestrator/dynamic_policy_engine.go:431.3,431.40 1 0
axonflow/platform/orchestrator/dynamic_policy_engine.go:431.40,432.38 1 0
axonflow/platform/orchestrator/dynamic_policy_engine.go:432.38,434.5 1 0
axonflow/platform/orchestrator/dynamic_policy_engine.go:435.4,435.89 1 0
axonflow/platform/orchestrator/dynamic_policy_engine.go:435.89,437.5 1 0
axonflow/platform/orchestrator/dynamic_policy_engine.go:439.3,440.76 1 0
axonflow/platform/orchestrator/dynamic_policy_engine.go:445.94,450.29 3 0
axonflow/platform/orchestrator/dynamic_policy_engine.go:450.29,452.3 1 0
axonflow/platform/orchestrator/dynamic_policy_engine.go:454.2,454.36 1 0
axonflow/platform/orchestrator/dynamic_policy_engine.go:454.36,455.22 1 0
axonflow/platform/orchestrator/dynamic_policy_engine.go:455.22,456.12 1 0
axonflow/platform/orchestrator/dynamic_policy_engine.go:462.3,462.68 1 0
axonflow/platform/orchestrator/dynamic_policy_engine.go:462.68,463.12 1 0
axonflow/platform/orchestrator/dynamic_policy_engine.go:466.3,466.42 1 0
axonflow/platform/orchestrator/dynamic_policy_engine.go:472.2,472.19 1 0
axonflow/platform/orchestrator/dynamic_policy_engine.go:476.68,481.36 4 1
axonflow/platform/orchestrator/dynamic_policy_engine.go:481.36,482.21 1 1
axonflow/platform/orchestrator/dynamic_policy_engine.go:482.21,484.4 1 1
axonflow/platform/orchestrator/dynamic_policy_engine.go:486.2,486.15 1 1
axonflow/platform/orchestrator/dynamic_policy_engine.go:490.48,494.2 3 0
axonflow/platform/orchestrator/dynamic_policy_engine.go:497.80,500.2 1 0
axonflow/platform/orchestrator/dynamic_policy_engine.go:503.58,504.35 1 0
axonflow/platform/orchestrator/dynamic_policy_engine.go:504.35,506.3 1 0
axonflow/platform/orchestrator/dynamic_policy_engine.go:508.2,519.16 3 0
axonflow/platform/orchestrator/dynamic_policy_engine.go:519.16,521.3 1 0
axonflow/platform/orchestrator/dynamic_policy_engine.go:522.2,522.15 1 0
axonflow/platform/orchestrator/dynamic_policy_engine.go:522.15,522.35 1 0
axonflow/platform/orchestrator/dynamic_policy_engine.go:524.2,527.18 3 0
axonflow/platform/orchestrator/dynamic_policy_engine.go:527.18,545.17 4 0
axonflow/platform/orchestrator/dynamic_policy_engine.go:545.17,547.12 2 0
axonflow/platform/orchestrator/dynamic_policy_engine.go:551.3,551.76 1 0
axonflow/platform/orchestrator/dynamic_policy_engine.go:551.76,553.12 2 0
axonflow/platform/orchestrator/dynamic_policy_engine.go:556.3,556.70 1 0
axonflow/platform/orchestrator/dynamic_policy_engine.go:556.70,558.12 2 0
axonflow/platform/orchestrator/dynamic_policy_engine.go:561.3,561.41 1 0
axonflow/platform/orchestrator/dynamic_policy_engine.go:561.41,562.30 1 0
axonflow/platform/orchestrator/dynamic_policy_engine.go:562.30,565.5 1 0
axonflow/platform/orchestrator/dynamic_policy_engine.go:568.3,568.21 1 0
axonflow/platform/orchestrator/dynamic_policy_engine.go:568.21,570.4 1 0
axonflow/platform/orchestrator/dynamic_policy_engine.go:572.3,573.19 2 0
axonflow/platform/orchestrator/dynamic_policy_engine.go:576.2,576.35 1 0
axonflow/platform/orchestrator/dynamic_policy_engine.go:576.35,578.3 1 0
axonflow/platform/orchestrator/dynamic_policy_engine.go:581.2,596.12 10 0
axonflow/platform/orchestrator/dynamic_policy_engine.go:600.69,601.35 1 0
axonflow/platform/orchestrator/dynamic_policy_engine.go:601.35,603.3 1 0
axonflow/platform/orchestrator/dynamic_policy_engine.go:605.2,611.16 3 0
axonflow/platform/orchestrator/dynamic_policy_engine.go:611.16,613.3 1 0
axonflow/platform/orchestrator/dynamic_policy_engine.go:617.55,621.21 3 0
axonflow/platform/orchestrator/dynamic_policy_engine.go:621.21,622.20 1 0
axonflow/platform/orchestrator/dynamic_policy_engine.go:622.20,623.49 1 0
axonflow/platform/orchestrator/dynamic_policy_engine.go:623.49,625.5 1 0
axonflow/platform/orchestrator/dynamic_policy_engine.go:626.9,628.4 1 0
axonflow/platform/orchestrator/dynamic_policy_engine.go:633.42,655.2 2 1
axonflow/platform/orchestrator/dynamic_policy_engine.go:657.78,663.25 3 0
axonflow/platform/orchestrator/dynamic_policy_engine.go:663.25,665.3 1 0
axonflow/platform/orchestrator/dynamic_policy_engine.go:668.2,668.46 1 0
axonflow/platform/orchestrator/dynamic_policy_engine.go:668.46,669.37 1 0
axonflow/platform/orchestrator/dynamic_policy_engine.go:669.37,671.4 1 0
axonflow/platform/orchestrator/dynamic_policy_engine.go:675.2,675.30 1 0
axonflow/platform/orchestrator/dynamic_policy_engine.go:675.30,677.3 1 0
axonflow/platform/orchestrator/dynamic_policy_engine.go:680.2,680.62 1 0
axonflow/platform/orchestrator/dynamic_policy_engine.go:680.62,682.3 1 0
axonflow/platform/orchestrator/dynamic_policy_engine.go:685.2,685.17 1 0
axonflow/platform/orchestrator/dynamic_policy_engine.go:685.17,687.3 1 0
axonflow/platform/orchestrator/dynamic_policy_engine.go:689.2,689.14 1 0
axonflow/platform/orchestrator/dynamic_policy_engine.go:693.53,702.2 3 1
axonflow/platform/orchestrator/dynamic_policy_engine.go:704.59,706.2 1 0
axonflow/platform/orchestrator/dynamic_policy_engine.go:708.58,710.2 1 0
axonflow/platform/orchestrator/dynamic_policy_engine.go:712.40,716.21 3 1
axonflow/platform/orchestrator/dynamic_policy_engine.go:716.21,719.3 1 0
axonflow/platform/orchestrator/dynamic_policy_engine.go:723.61,727.18 3 0
axonflow/platform/orchestrator/dynamic_policy_engine.go:727.18,729.3 1 0
axonflow/platform/orchestrator/dynamic_policy_engine.go:731.2,731.18 1 0
axonflow/platform/orchestrator/dynamic_policy_engine.go:732.11,733.25 1 0
axonflow/platform/orchestrator/dynamic_policy_engine.go:734.11,735.25 1 0
axonflow/platform/orchestrator/dynamic_policy_engine.go:736.12,737.26 1 0
axonflow/platform/orchestrator/dynamic_policy_engine.go:738.12,739.26 1 0
axonflow/platform/orchestrator/dynamic_policy_engine.go:740.10,741.15 1 0
axonflow/platform/orchestrator/dynamic_policy_engine.go:745.47,746.25 1 0
axonflow/platform/orchestrator/dynamic_policy_engine.go:747.15,748.19 1 0
axonflow/platform/orchestrator/dynamic_policy_engine.go:749.15,750.28 1 0
axonflow/platform/orchestrator/dynamic_policy_engine.go:751.11,752.28 1 0
axonflow/platform/orchestrator/dynamic_policy_engine.go:753.13,754.28 1 0
axonflow/platform/orchestrator/dynamic_policy_engine.go:755.10,756.18 1 0
axonflow/platform/orchestrator/dynamic_policy_engine.go:760.44,762.16 2 0
axonflow/platform/orchestrator/dynamic_policy_engine.go:762.16,765.3 2 0
axonflow/platform/orchestrator/dynamic_policy_engine.go:766.2,766.16 1 0
axonflow/platform/orchestrator/dynamic_policy_engine.go:769.57,770.27 1 0
axonflow/platform/orchestrator/dynamic_policy_engine.go:771.16,772.23 1 0
axonflow/platform/orchestrator/dynamic_policy_engine.go:772.23,773.29 1 0
axonflow/platform/orchestrator/dynamic_policy_engine.go:773.29,775.5 1 0
axonflow/platform/orchestrator/dynamic_policy_engine.go:777.21,778.23 1 0
axonflow/platform/orchestrator/dynamic_policy_engine.go:778.23,779.41 1 0
axonflow/platform/orchestrator/dynamic_policy_engine.go:779.41,781.5 1 0
axonflow/platform/orchestrator/dynamic_policy_engine.go:784.2,784.14 1 0
axonflow/platform/orchestrator/dynamic_policy_handlers.go:33.82,35.2 1 0
axonflow/platform/orchestrator/dynamic_policy_handlers.go:39.65,56.2 8 0
axonflow/platform/orchestrator/dynamic_policy_handlers.go:59.97,60.36 1 0
axonflow/platform/orchestrator/dynamic_policy_handlers.go:60.36,63.3 2 0
axonflow/platform/orchestrator/dynamic_policy_handlers.go:65.2,66.20 2 0
axonflow/platform/orchestrator/dynamic_policy_handlers.go:66.20,69.3 2 0
axonflow/platform/orchestrator/dynamic_policy_handlers.go:71.2,71.18 1 0
axonflow/platform/orchestrator/dynamic_policy_handlers.go:72.22,73.40 1 0
axonflow/platform/orchestrator/dynamic_policy_handlers.go:74.23,75.40 1 0
axonflow/platform/orchestrator/dynamic_policy_handlers.go:76.10,77.91 1 0
axonflow/platform/orchestrator/dynamic_policy_handlers.go:83.112,96.20 3 0
axonflow/platform/orchestrator/dynamic_policy_handlers.go:96.20,97.47 1 0
axonflow/platform/orchestrator/dynamic_policy_handlers.go:97.47,100.4 2 0
axonflow/platform/orchestrator/dynamic_policy_handlers.go:101.3,101.29 1 0
axonflow/platform/orchestrator/dynamic_policy_handlers.go:102.8,105.3 1 0
axonflow/platform/orchestrator/dynamic_policy_handlers.go:107.2,107.57 1 0
axonflow/platform/orchestrator/dynamic_policy_handlers.go:107.57,108.65 1 0
axonflow/platform/orchestrator/dynamic_policy_handlers.go:108.65,110.4 1 0
axonflow/platform/orchestrator/dynamic_policy_handlers.go:113.2,113.70 1 0
axonflow/platform/orchestrator/dynamic_policy_handlers.go:113.70,114.96 1 0
axonflow/platform/orchestrator/dynamic_policy_handlers.go:114.96,116.4 1 0
axonflow/platform/orchestrator/dynamic_policy_handlers.go:119.2,119.66 1 0
axonflow/platform/orchestrator/dynamic_policy_handlers.go:119.66,122.3 2 0
axonflow/platform/orchestrator/dynamic_policy_handlers.go:124.2,125.16 2 0
axonflow/platform/orchestrator/dynamic_policy_handlers.go:125.16,129.3 3 0
axonflow/platform/orchestrator/dynamic_policy_handlers.go:131.2,131.41 1 0
axonflow/platform/orchestrator/dynamic_policy_handlers.go:136.112,141.61 3 0
axonflow/platform/orchestrator/dynamic_policy_handlers.go:141.61,144.3 2 0
axonflow/platform/orchestrator/dynamic_policy_handlers.go:147.2,147.24 1 0
axonflow/platform/orchestrator/dynamic_policy_handlers.go:147.24,150.3 2 0
axonflow/platform/orchestrator/dynamic_policy_handlers.go:151.2,151.50 1 0
axonflow/platform/orchestrator/dynamic_policy_handlers.go:151.50,154.3 2 0
axonflow/platform/orchestrator/dynamic_policy_handlers.go:156.2,158.16 3 0
axonflow/platform/orchestrator/dynamic_policy_handlers.go:158.16,159.54 1 0
axonflow/platform/orchestrator/dynamic_policy_handlers.go:159.54,162.4 2 0
axonflow/platform/orchestrator/dynamic_policy_handlers.go:163.3,163.52 1 0
axonflow/platform/orchestrator/dynamic_policy_handlers.go:163.52,167.4 3 0
axonflow/platform/orchestrator/dynamic_policy_handlers.go:168.3,170.9 3 0
axonflow/platform/orchestrator/dynamic_policy_handlers.go:173.2,173.68 1 0
axonflow/platform/orchestrator/dynamic_policy_handlers.go:177.99,178.36 1 0
axonflow/platform/orchestrator/dynamic_policy_handlers.go:178.36,181.3 2 0
axonflow/platform/orchestrator/dynamic_policy_handlers.go:183.2,184.20 2 0
axonflow/platform/orchestrator/dynamic_policy_handlers.go:184.20,187.3 2 0
axonflow/platform/orchestrator/dynamic_policy_handlers.go:190.2,193.20 3 0
axonflow/platform/orchestrator/dynamic_policy_handlers.go:193.20,196.3 2 0
axonflow/platform/orchestrator/dynamic_policy_handlers.go:199.2,199.48 1 0
axonflow/platform/orchestrator/dynamic_policy_handlers.go:199.48,202.3 2 0
axonflow/platform/orchestrator/dynamic_policy_handlers.go:204.2,204.18 1 0
axonflow/platform/orchestrator/dynamic_policy_handlers.go:205.22,206.47 1 0
axonflow/platform/orchestrator/dynamic_policy_handlers.go:207.22,208.50 1 0
axonflow/platform/orchestrator/dynamic_policy_handlers.go:209.25,210.50 1 0
axonflow/platform/orchestrator/dynamic_policy_handlers.go:211.10,212.91 1 0
axonflow/platform/orchestrator/dynamic_policy_handlers.go:217.119,219.16 2 0
axonflow/platform/orchestrator/dynamic_policy_handlers.go:219.16,223.3 3 0
axonflow/platform/orchestrator/dynamic_policy_handlers.go:225.2,225.19 1 0
axonflow/platform/orchestrator/dynamic_policy_handlers.go:225.19,228.3 2 0
axonflow/platform/orchestrator/dynamic_policy_handlers.go:231.2,231.53 1 0
axonflow/platform/orchestrator/dynamic_policy_handlers.go:231.53,234.3 2 0
axonflow/platform/orchestrator/dynamic_policy_handlers.go:236.2,236.63 1 0
axonflow/platform/orchestrator/dynamic_policy_handlers.go:240.122,243.16 2 0
axonflow/platform/orchestrator/dynamic_policy_handlers.go:243.16,247.3 3 0
axonflow/platform/orchestrator/dynamic_policy_handlers.go:248.2,248.27 1 0
axonflow/platform/orchestrator/dynamic_policy_handlers.go:248.27,251.3 2 0
axonflow/platform/orchestrator/dynamic_policy_handlers.go:252.2,252.61 1 0
axonflow/platform/orchestrator/dynamic_policy_handlers.go:252.61,255.3 2 0
axonflow/platform/orchestrator/dynamic_policy_handlers.go:258.2,261.61 3 0
axonflow/platform/orchestrator/dynamic_policy_handlers.go:261.61,264.3 2 0
axonflow/platform/orchestrator/dynamic_policy_handlers.go:267.2,267.74 1 0
axonflow/platform/orchestrator/dynamic_policy_handlers.go:267.74,270.3 2 0
axonflow/platform/orchestrator/dynamic_policy_handlers.go:272.2,274.16 3 0
axonflow/platform/orchestrator/dynamic_policy_handlers.go:274.16,275.54 1 0
axonflow/platform/orchestrator/dynamic_policy_handlers.go:275.54,278.4 2 0
axonflow/platform/orchestrator/dynamic_policy_handlers.go:279.3,279.52 1 0
axonflow/platform/orchestrator/dynamic_policy_handlers.go:279.52,283.4 3 0
axonflow/platform/orchestrator/dynamic_policy_handlers.go:284.3,286.9 3 0
axonflow/platform/orchestrator/dynamic_policy_handlers.go:289.2,289.19 1 0
axonflow/platform/orchestrator/dynamic_policy_handlers.go:289.19,292.3 2 0
axonflow/platform/orchestrator/dynamic_policy_handlers.go:294.2,294.63 1 0
axonflow/platform/orchestrator/dynamic_policy_handlers.go:298.122,301.16 2 0
axonflow/platform/orchestrator/dynamic_policy_handlers.go:301.16,305.3 3 0
axonflow/platform/orchestrator/dynamic_policy_handlers.go:306.2,306.27 1 0
axonflow/platform/orchestrator/dynamic_policy_handlers.go:306.27,309.3 2 0
axonflow/platform/orchestrator/dynamic_policy_handlers.go:310.2,310.61 1 0
axonflow/platform/orchestrator/dynamic_policy_handlers.go:310.61,313.3 2 0
axonflow/platform/orchestrator/dynamic_policy_handlers.go:315.2,316.88 2 0
axonflow/platform/orchestrator/dynamic_policy_handlers.go:316.88,317.52 1 0
axonflow/platform/orchestrator/dynamic_policy_handlers.go:317.52,321.4 3 0
axonflow/platform/orchestrator/dynamic_policy_handlers.go:322.3,324.9 3 0
axonflow/platform/orchestrator/dynamic_policy_handlers.go:327.2,327.37 1 0
axonflow/platform/orchestrator/dynamic_policy_handlers.go:331.86,332.36 1 0
axonflow/platform/orchestrator/dynamic_policy_handlers.go:332.36,335.3 2 0
axonflow/platform/orchestrator/dynamic_policy_handlers.go:337.2,338.20 2 0
axonflow/platform/orchestrator/dynamic_policy_handlers.go:338.20,341.3 2 0
axonflow/platform/orchestrator/dynamic_policy_handlers.go:343.2,346.48 3 0
axonflow/platform/orchestrator/dynamic_policy_handlers.go:346.48,349.3 2 0
axonflow/platform/orchestrator/dynamic_policy_handlers.go:352.2,353.33 2 0
axonflow/platform/orchestrator/dynamic_policy_handlers.go:353.33,356.3 2 0
axonflow/platform/orchestrator/dynamic_policy_handlers.go:357.2,357.53 1 0
axonflow/platform/orchestrator/dynamic_policy_handlers.go:357.53,360.3 2 0
axonflow/platform/orchestrator/dynamic_policy_handlers.go:362.2,365.61 3 0
axonflow/platform/orchestrator/dynamic_policy_handlers.go:365.61,368.3 2 0
axonflow/platform/orchestrator/dynamic_policy_handlers.go:370.2,370.21 1 0
axonflow/platform/orchestrator/dynamic_policy_handlers.go:370.21,373.3 2 0
axonflow/platform/orchestrator/dynamic_policy_handlers.go:375.2,376.16 2 0
axonflow/platform/orchestrator/dynamic_policy_handlers.go:376.16,380.3 3 0
axonflow/platform/orchestrator/dynamic_policy_handlers.go:382.2,382.41 1 0
axonflow/platform/orchestrator/dynamic_policy_handlers.go:386.90,387.36 1 0
axonflow/platform/orchestrator/dynamic_policy_handlers.go:387.36,390.3 2 0
axonflow/platform/orchestrator/dynamic_policy_handlers.go:392.2,393.20 2 0
axonflow/platform/orchestrator/dynamic_policy_handlers.go:393.20,396.3 2 0
axonflow/platform/orchestrator/dynamic_policy_handlers.go:398.2,401.48 3 0
axonflow/platform/orchestrator/dynamic_policy_handlers.go:401.48,404.3 2 0
axonflow/platform/orchestrator/dynamic_policy_handlers.go:407.2,408.33 2 0
axonflow/platform/orchestrator/dynamic_policy_handlers.go:408.33,411.3 2 0
axonflow/platform/orchestrator/dynamic_policy_handlers.go:412.2,412.53 1 0
axonflow/platform/orchestrator/dynamic_policy_handlers.go:412.53,415.3 2 0
axonflow/platform/orchestrator/dynamic_policy_handlers.go:417.2,418.16 2 0
axonflow/platform/orchestrator/dynamic_policy_handlers.go:418.16,422.3 3 0
axonflow/platform/orchestrator/dynamic_policy_handlers.go:424.2,424.41 1 0
axonflow/platform/orchestrator/dynamic_policy_handlers.go:428.88,429.36 1 0
axonflow/platform/orchestrator/dynamic_policy_handlers.go:429.36,432.3 2 0
axonflow/platform/orchestrator/dynamic_policy_handlers.go:434.2,435.20 2 0
axonflow/platform/orchestrator/dynamic_policy_handlers.go:435.20,438.3 2 0
axonflow/platform/orchestrator/dynamic_policy_handlers.go:440.2,443.61 3 0
axonflow/platform/orchestrator/dynamic_policy_handlers.go:443.61,446.3 2 0
axonflow/platform/orchestrator/dynamic_policy_handlers.go:448.2,448.28 1 0
axonflow/platform/orchestrator/dynamic_policy_handlers.go:448.28,451.3 2 0
axonflow/platform/orchestrator/dynamic_policy_handlers.go:453.2,453.29 1 0
axonflow/platform/orchestrator/dynamic_policy_handlers.go:453.29,456.3 2 0
axonflow/platform/orchestrator/dynamic_policy_handlers.go:459.2,459.38 1 0
axonflow/platform/orchestrator/dynamic_policy_handlers.go:459.38,460.54 1 0
axonflow/platform/orchestrator/dynamic_policy_handlers.go:460.54,464.4 2 0
axonflow/platform/orchestrator/dynamic_policy_handlers.go:467.2,469.16 3 0
axonflow/platform/orchestrator/dynamic_policy_handlers.go:469.16,470.54 1 0
axonflow/platform/orchestrator/dynamic_policy_handlers.go:470.54,473.4 2 0
axonflow/platform/orchestrator/dynamic_policy_handlers.go:474.3,476.9 3 0
axonflow/platform/orchestrator/dynamic_policy_handlers.go:479.2,479.41 1 0
axonflow/platform/orchestrator/dynamic_policy_handlers.go:483.88,484.36 1 0
axonflow/platform/orchestrator/dynamic_policy_handlers.go:484.36,487.3 2 0
axonflow/platform/orchestrator/dynamic_policy_handlers.go:489.2,490.20 2 0
axonflow/platform/orchestrator/dynamic_policy_handlers.go:490.20,493.3 2 0
axonflow/platform/orchestrator/dynamic_policy_handlers.go:497.2,498.16 2 0
axonflow/platform/orchestrator/dynamic_policy_handlers.go:498.16,502.3 3 0
axonflow/platform/orchestrator/dynamic_policy_handlers.go:505.2,505.21 1 0
axonflow/platform/orchestrator/dynamic_policy_handlers.go:505.21,507.39 2 0
axonflow/platform/orchestrator/dynamic_policy_handlers.go:507.39,508.49 1 0
axonflow/platform/orchestrator/dynamic_policy_handlers.go:508.49,510.5 1 0
axonflow/platform/orchestrator/dynamic_policy_handlers.go:512.3,512.31 1 0
axonflow/platform/orchestrator/dynamic_policy_handlers.go:515.2,515.41 1 0
axonflow/platform/orchestrator/dynamic_policy_handlers.go:519.91,520.36 1 0
axonflow/platform/orchestrator/dynamic_policy_handlers.go:520.36,523.3 2 0
axonflow/platform/orchestrator/dynamic_policy_handlers.go:525.2,526.20 2 0
axonflow/platform/orchestrator/dynamic_policy_handlers.go:526.20,529.3 2 0
axonflow/platform/orchestrator/dynamic_policy_handlers.go:532.2,543.16 5 0
axonflow/platform/orchestrator/dynamic_policy_handlers.go:543.16,547.3 3 0
axonflow/platform/orchestrator/dynamic_policy_handlers.go:549.2,549.41 1 0
axonflow/platform/orchestrator/dynamic_policy_handlers.go:554.71,556.61 1 0
axonflow/platform/orchestrator/dynamic_policy_handlers.go:556.61,558.3 1 0
axonflow/platform/orchestrator/dynamic_policy_handlers.go:560.2,560.33 1 0
axonflow/platform/orchestrator/dynamic_policy_handlers.go:563.69,565.2 1 0
axonflow/platform/orchestrator/dynamic_policy_handlers.go:567.98,570.56 3 0
axonflow/platform/orchestrator/dynamic_policy_handlers.go:570.56,572.3 1 0
axonflow/platform/orchestrator/dynamic_policy_handlers.go:575.103,582.2 1 0
axonflow/platform/orchestrator/dynamic_policy_handlers.go:584.106,592.2 1 0
axonflow/platform/orchestrator/dynamic_policy_handlers.go:594.86,596.44 2 0
axonflow/platform/orchestrator/dynamic_policy_handlers.go:596.44,598.3 1 0
axonflow/platform/orchestrator/dynamic_policy_handlers.go:599.2,602.37 4 0
axonflow/platform/orchestrator/hitl_execution.go:117.129,123.2 1 0
axonflow/platform/orchestrator/hitl_execution.go:126.166,128.16 2 0
axonflow/platform/orchestrator/hitl_execution.go:128.16,130.3 1 0
axonflow/platform/orchestrator/hitl_execution.go:132.2,136.43 2 0
axonflow/platform/orchestrator/hitl_execution.go:136.43,137.29 1 0
axonflow/platform/orchestrator/hitl_execution.go:137.29,139.18 2 0
axonflow/platform/orchestrator/hitl_execution.go:139.18,146.5 1 0
axonflow/platform/orchestrator/hitl_execution.go:146.10,146.34 1 0
axonflow/platform/orchestrator/hitl_execution.go:146.34,147.32 1 0
axonflow/platform/orchestrator/hitl_execution.go:148.18,151.93 3 0
axonflow/platform/orchestrator/hitl_execution.go:153.29,154.75 1 0
axonflow/platform/orchestrator/hitl_execution.go:156.17,158.63 1 0
axonflow/platform/orchestrator/hitl_execution.go:160.16,162.42 1 0
axonflow/platform/orchestrator/hitl_execution.go:167.3,168.17 2 0
axonflow/platform/orchestrator/hitl_execution.go:168.17,172.4 3 0
axonflow/platform/orchestrator/hitl_execution.go:174.3,174.29 1 0
axonflow/platform/orchestrator/hitl_execution.go:174.29,175.44 1 0
axonflow/platform/orchestrator/hitl_execution.go:175.44,177.5 1 0
axonflow/platform/orchestrator/hitl_execution.go:181.2,185.22 4 0
axonflow/platform/orchestrator/hitl_execution.go:196.35,202.30 4 0
axonflow/platform/orchestrator/hitl_execution.go:202.30,216.17 3 0
axonflow/platform/orchestrator/hitl_execution.go:216.17,220.4 3 0
axonflow/platform/orchestrator/hitl_execution.go:222.3,223.36 2 0
axonflow/platform/orchestrator/hitl_execution.go:226.2,229.18 2 0
axonflow/platform/orchestrator/hitl_execution.go:233.177,234.33 1 0
axonflow/platform/orchestrator/hitl_execution.go:234.33,236.3 1 0
axonflow/platform/orchestrator/hitl_execution.go:238.2,238.61 1 0
axonflow/platform/orchestrator/hitl_execution.go:238.61,240.17 2 0
axonflow/platform/orchestrator/hitl_execution.go:240.17,242.4 1 0
axonflow/platform/orchestrator/hitl_execution.go:244.3,244.71 1 0
axonflow/platform/orchestrator/hitl_execution.go:244.71,246.4 1 0
axonflow/platform/orchestrator/hitl_execution.go:248.3,248.40 1 0
axonflow/platform/orchestrator/hitl_execution.go:251.2,257.64 5 0
axonflow/platform/orchestrator/hitl_execution.go:257.64,261.17 3 0
axonflow/platform/orchestrator/hitl_execution.go:261.17,265.4 3 0
axonflow/platform/orchestrator/hitl_execution.go:267.3,267.29 1 0
axonflow/platform/orchestrator/hitl_execution.go:267.29,268.44 1 0
axonflow/platform/orchestrator/hitl_execution.go:268.44,270.5 1 0
axonflow/platform/orchestrator/hitl_execution.go:274.2,278.18 4 0
axonflow/platform/orchestrator/hitl_execution.go:282.142,283.33 1 0
axonflow/platform/orchestrator/hitl_execution.go:283.33,285.3 1 0
axonflow/platform/orchestrator/hitl_execution.go:287.2,292.61 5 0
axonflow/platform/orchestrator/hitl_execution.go:292.61,294.22 2 0
axonflow/platform/orchestrator/hitl_execution.go:294.22,296.4 1 0
axonflow/platform/orchestrator/hitl_execution.go:299.2,301.18 2 0
axonflow/platform/orchestrator/hitl_execution.go:305.141,316.2 1 0
axonflow/platform/orchestrator/hitl_execution.go:319.165,330.13 4 0
axonflow/platform/orchestrator/hitl_execution.go:330.13,335.3 4 0
axonflow/platform/orchestrator/hitl_execution.go:337.2,342.16 5 0
axonflow/platform/orchestrator/hitl_execution.go:342.16,347.3 4 0
axonflow/platform/orchestrator/hitl_execution.go:349.2,355.23 5 0
axonflow/platform/orchestrator/hitl_execution.go:366.120,372.2 1 0
axonflow/platform/orchestrator/llm_provider_api_handlers.go:39.98,45.2 1 0
axonflow/platform/orchestrator/llm_provider_api_handlers.go:50.104,51.19 1 0
axonflow/platform/orchestrator/llm_provider_api_handlers.go:51.19,53.3 1 0
axonflow/platform/orchestrator/llm_provider_api_handlers.go:54.2,55.21 2 0
axonflow/platform/orchestrator/llm_provider_api_handlers.go:55.21,57.3 1 0
axonflow/platform/orchestrator/llm_provider_api_handlers.go:58.2,58.19 1 0
axonflow/platform/orchestrator/llm_provider_api_handlers.go:58.19,60.3 1 0
axonflow/platform/orchestrator/llm_provider_api_handlers.go:61.2,65.3 1 0
axonflow/platform/orchestrator/llm_provider_api_handlers.go:74.70,90.2 7 0
axonflow/platform/orchestrator/llm_provider_api_handlers.go:93.92,94.36 1 0
axonflow/platform/orchestrator/llm_provider_api_handlers.go:94.36,97.3 2 0
axonflow/platform/orchestrator/llm_provider_api_handlers.go:99.2,99.18 1 0
axonflow/platform/orchestrator/llm_provider_api_handlers.go:100.22,101.33 1 0
axonflow/platform/orchestrator/llm_provider_api_handlers.go:102.23,103.34 1 0
axonflow/platform/orchestrator/llm_provider_api_handlers.go:104.10,105.91 1 0
axonflow/platform/orchestrator/llm_provider_api_handlers.go:112.95,113.36 1 0
axonflow/platform/orchestrator/llm_provider_api_handlers.go:113.36,116.3 2 0
axonflow/platform/orchestrator/llm_provider_api_handlers.go:118.2,121.18 3 0
axonflow/platform/orchestrator/llm_provider_api_handlers.go:122.22,123.45 1 0
axonflow/platform/orchestrator/llm_provider_api_handlers.go:124.22,125.48 1 0
axonflow/platform/orchestrator/llm_provider_api_handlers.go:126.25,127.48 1 0
axonflow/platform/orchestrator/llm_provider_api_handlers.go:128.10,129.91 1 0
axonflow/platform/orchestrator/llm_provider_api_handlers.go:134.96,140.57 2 0
axonflow/platform/orchestrator/llm_provider_api_handlers.go:140.57,141.65 1 0
axonflow/platform/orchestrator/llm_provider_api_handlers.go:141.65,143.4 1 0
axonflow/platform/orchestrator/llm_provider_api_handlers.go:146.2,146.70 1 0
axonflow/platform/orchestrator/llm_provider_api_handlers.go:146.70,147.96 1 0
axonflow/platform/orchestrator/llm_provider_api_handlers.go:147.96,149.4 1 0
axonflow/platform/orchestrator/llm_provider_api_handlers.go:152.2,152.67 1 0
axonflow/platform/orchestrator/llm_provider_api_handlers.go:152.67,154.3 1 0
axonflow/platform/orchestrator/llm_provider_api_handlers.go:156.2,156.66 1 0
axonflow/platform/orchestrator/llm_provider_api_handlers.go:156.66,159.3 2 0
axonflow/platform/orchestrator/llm_provider_api_handlers.go:162.2,166.29 3 0
axonflow/platform/orchestrator/llm_provider_api_handlers.go:166.29,168.17 2 0
axonflow/platform/orchestrator/llm_provider_api_handlers.go:168.17,169.12 1 0
axonflow/platform/orchestrator/llm_provider_api_handlers.go:173.3,173.58 1 0
axonflow/platform/orchestrator/llm_provider_api_handlers.go:173.58,174.12 1 0
axonflow/platform/orchestrator/llm_provider_api_handlers.go:178.3,179.34 2 0
axonflow/platform/orchestrator/llm_provider_api_handlers.go:179.34,180.12 1 0
axonflow/platform/orchestrator/llm_provider_api_handlers.go:184.3,184.65 1 0
axonflow/platform/orchestrator/llm_provider_api_handlers.go:184.65,185.12 1 0
axonflow/platform/orchestrator/llm_provider_api_handlers.go:188.3,189.74 2 0
axonflow/platform/orchestrator/llm_provider_api_handlers.go:193.2,196.19 4 0
axonflow/platform/orchestrator/llm_provider_api_handlers.go:196.19,198.3 1 0
axonflow/platform/orchestrator/llm_provider_api_handlers.go:199.2,199.17 1 0
axonflow/platform/orchestrator/llm_provider_api_handlers.go:199.17,201.3 1 0
axonflow/platform/orchestrator/llm_provider_api_handlers.go:203.2,215.41 3 0
axonflow/platform/orchestrator/llm_provider_api_handlers.go:219.97,223.61 3 0
axonflow/platform/orchestrator/llm_provider_api_handlers.go:223.61,226.3 2 0
axonflow/platform/orchestrator/llm_provider_api_handlers.go:229.2,229.20 1 0
axonflow/platform/orchestrator/llm_provider_api_handlers.go:229.20,232.3 2 0
axonflow/platform/orchestrator/llm_provider_api_handlers.go:233.2,233.20 1 0
axonflow/platform/orchestrator/llm_provider_api_handlers.go:233.20,236.3 2 0
axonflow/platform/orchestrator/llm_provider_api_handlers.go:239.2,240.35 2 0
axonflow/platform/orchestrator/llm_provider_api_handlers.go:240.35,243.3 2 0
axonflow/platform/orchestrator/llm_provider_api_handlers.go:246.2,246.30 1 0
axonflow/platform/orchestrator/llm_provider_api_handlers.go:246.30,249.3 2 0
axonflow/platform/orchestrator/llm_provider_api_handlers.go:252.2,269.65 2 0
axonflow/platform/orchestrator/llm_provider_api_handlers.go:269.65,273.47 2 0
axonflow/platform/orchestrator/llm_provider_api_handlers.go:273.47,276.4 2 0
axonflow/platform/orchestrator/llm_provider_api_handlers.go:278.3,279.9 2 0
axonflow/platform/orchestrator/llm_provider_api_handlers.go:282.2,287.78 4 0
axonflow/platform/orchestrator/llm_provider_api_handlers.go:291.115,292.35 1 0
axonflow/platform/orchestrator/llm_provider_api_handlers.go:292.35,295.3 2 0
axonflow/platform/orchestrator/llm_provider_api_handlers.go:297.2,298.33 2 0
axonflow/platform/orchestrator/llm_provider_api_handlers.go:298.33,301.3 2 0
axonflow/platform/orchestrator/llm_provider_api_handlers.go:303.2,306.73 3 0
axonflow/platform/orchestrator/llm_provider_api_handlers.go:310.118,313.35 2 0
axonflow/platform/orchestrator/llm_provider_api_handlers.go:313.35,316.3 2 0
axonflow/platform/orchestrator/llm_provider_api_handlers.go:318.2,319.61 2 0
axonflow/platform/orchestrator/llm_provider_api_handlers.go:319.61,322.3 2 0
axonflow/platform/orchestrator/llm_provider_api_handlers.go:325.2,326.33 2 0
axonflow/platform/orchestrator/llm_provider_api_handlers.go:326.33,329.3 2 0
axonflow/platform/orchestrator/llm_provider_api_handlers.go:332.2,332.23 1 0
axonflow/platform/orchestrator/llm_provider_api_handlers.go:332.23,334.3 1 0
axonflow/platform/orchestrator/llm_provider_api_handlers.go:335.2,335.32 1 0
axonflow/platform/orchestrator/llm_provider_api_handlers.go:335.32,337.3 1 0
axonflow/platform/orchestrator/llm_provider_api_handlers.go:338.2,338.25 1 0
axonflow/platform/orchestrator/llm_provider_api_handlers.go:338.25,340.3 1 0
axonflow/platform/orchestrator/llm_provider_api_handlers.go:341.2,341.22 1 0
axonflow/platform/orchestrator/llm_provider_api_handlers.go:341.22,343.3 1 0
axonflow/platform/orchestrator/llm_provider_api_handlers.go:344.2,344.23 1 0
axonflow/platform/orchestrator/llm_provider_api_handlers.go:344.23,346.3 1 0
axonflow/platform/orchestrator/llm_provider_api_handlers.go:347.2,347.24 1 0
axonflow/platform/orchestrator/llm_provider_api_handlers.go:347.24,349.3 1 0
axonflow/platform/orchestrator/llm_provider_api_handlers.go:350.2,350.25 1 0
axonflow/platform/orchestrator/llm_provider_api_handlers.go:350.25,352.3 1 0
axonflow/platform/orchestrator/llm_provider_api_handlers.go:353.2,353.23 1 0
axonflow/platform/orchestrator/llm_provider_api_handlers.go:353.23,355.3 1 0
axonflow/platform/orchestrator/llm_provider_api_handlers.go:356.2,356.26 1 0
axonflow/platform/orchestrator/llm_provider_api_handlers.go:356.26,358.3 1 0
axonflow/platform/orchestrator/llm_provider_api_handlers.go:359.2,359.31 1 0
axonflow/platform/orchestrator/llm_provider_api_handlers.go:359.31,361.3 1 0
axonflow/platform/orchestrator/llm_provider_api_handlers.go:362.2,362.25 1 0
axonflow/platform/orchestrator/llm_provider_api_handlers.go:362.25,364.3 1 0
axonflow/platform/orchestrator/llm_provider_api_handlers.go:367.2,367.73 1 0
axonflow/platform/orchestrator/llm_provider_api_handlers.go:367.73,371.3 3 0
axonflow/platform/orchestrator/llm_provider_api_handlers.go:372.2,372.65 1 0
axonflow/platform/orchestrator/llm_provider_api_handlers.go:372.65,376.3 3 0
axonflow/platform/orchestrator/llm_provider_api_handlers.go:378.2,383.73 4 0
axonflow/platform/orchestrator/llm_provider_api_handlers.go:387.118,388.35 1 0
axonflow/platform/orchestrator/llm_provider_api_handlers.go:388.35,391.3 2 0
axonflow/platform/orchestrator/llm_provider_api_handlers.go:393.2,393.73 1 0
axonflow/platform/orchestrator/llm_provider_api_handlers.go:393.73,397.3 3 0
axonflow/platform/orchestrator/llm_provider_api_handlers.go:399.2,401.37 2 0
axonflow/platform/orchestrator/llm_provider_api_handlers.go:405.97,406.36 1 0
axonflow/platform/orchestrator/llm_provider_api_handlers.go:406.36,409.3 2 0
axonflow/platform/orchestrator/llm_provider_api_handlers.go:411.2,414.35 3 0
axonflow/platform/orchestrator/llm_provider_api_handlers.go:414.35,417.3 2 0
axonflow/platform/orchestrator/llm_provider_api_handlers.go:419.2,420.16 2 0
axonflow/platform/orchestrator/llm_provider_api_handlers.go:420.16,424.3 3 0
axonflow/platform/orchestrator/llm_provider_api_handlers.go:426.2,429.4 1 0
axonflow/platform/orchestrator/llm_provider_api_handlers.go:433.92,434.36 1 0
axonflow/platform/orchestrator/llm_provider_api_handlers.go:434.36,437.3 2 0
axonflow/platform/orchestrator/llm_provider_api_handlers.go:439.2,443.16 4 0
axonflow/platform/orchestrator/llm_provider_api_handlers.go:443.16,446.3 2 0
axonflow/platform/orchestrator/llm_provider_api_handlers.go:449.2,452.65 2 0
axonflow/platform/orchestrator/llm_provider_api_handlers.go:452.65,454.3 1 0
axonflow/platform/orchestrator/llm_provider_api_handlers.go:455.2,455.26 1 0
axonflow/platform/orchestrator/llm_provider_api_handlers.go:455.26,457.3 1 0
axonflow/platform/orchestrator/llm_provider_api_handlers.go:460.2,466.16 3 0
axonflow/platform/orchestrator/llm_provider_api_handlers.go:466.16,469.3 2 0
axonflow/platform/orchestrator/llm_provider_api_handlers.go:471.2,482.4 1 0
axonflow/platform/orchestrator/llm_provider_api_handlers.go:486.90,487.36 1 0
axonflow/platform/orchestrator/llm_provider_api_handlers.go:487.36,490.3 2 0
axonflow/platform/orchestrator/llm_provider_api_handlers.go:492.2,492.18 1 0
axonflow/platform/orchestrator/llm_provider_api_handlers.go:493.22,494.30 1 0
axonflow/platform/orchestrator/llm_provider_api_handlers.go:495.22,496.33 1 0
axonflow/platform/orchestrator/llm_provider_api_handlers.go:497.10,498.91 1 0
axonflow/platform/orchestrator/llm_provider_api_handlers.go:503.93,506.41 2 0
axonflow/platform/orchestrator/llm_provider_api_handlers.go:506.41,508.34 2 0
axonflow/platform/orchestrator/llm_provider_api_handlers.go:508.34,510.4 1 0
axonflow/platform/orchestrator/llm_provider_api_handlers.go:513.2,515.4 1 0
axonflow/platform/orchestrator/llm_provider_api_handlers.go:519.96,523.61 3 0
axonflow/platform/orchestrator/llm_provider_api_handlers.go:523.61,526.3 2 0
axonflow/platform/orchestrator/llm_provider_api_handlers.go:529.2,529.40 1 0
axonflow/platform/orchestrator/llm_provider_api_handlers.go:529.40,530.28 1 0
axonflow/platform/orchestrator/llm_provider_api_handlers.go:530.28,533.4 2 0
axonflow/platform/orchestrator/llm_provider_api_handlers.go:535.3,536.17 2 0
axonflow/platform/orchestrator/llm_provider_api_handlers.go:536.17,540.4 3 0
axonflow/platform/orchestrator/llm_provider_api_handlers.go:541.3,541.20 1 0
axonflow/platform/orchestrator/llm_provider_api_handlers.go:541.20,544.67 2 0
axonflow/platform/orchestrator/llm_provider_api_handlers.go:544.67,548.5 3 0
axonflow/platform/orchestrator/llm_provider_api_handlers.go:549.4,549.67 1 0
axonflow/platform/orchestrator/llm_provider_api_handlers.go:549.67,553.5 3 0
axonflow/platform/orchestrator/llm_provider_api_handlers.go:557.2,560.29 2 0
axonflow/platform/orchestrator/llm_provider_api_handlers.go:564.101,565.36 1 0
axonflow/platform/orchestrator/llm_provider_api_handlers.go:565.36,568.3 2 0
axonflow/platform/orchestrator/llm_provider_api_handlers.go:571.2,575.41 3 0
axonflow/platform/orchestrator/llm_provider_api_handlers.go:575.41,577.3 1 0
axonflow/platform/orchestrator/llm_provider_api_handlers.go:579.2,581.4 1 0
axonflow/platform/orchestrator/llm_provider_api_handlers.go:585.97,586.36 1 0
axonflow/platform/orchestrator/llm_provider_api_handlers.go:586.36,589.3 2 0
axonflow/platform/orchestrator/llm_provider_api_handlers.go:591.2,594.31 3 0
axonflow/platform/orchestrator/llm_provider_api_handlers.go:594.31,605.3 4 0
axonflow/platform/orchestrator/llm_provider_api_handlers.go:607.2,610.4 1 0
axonflow/platform/orchestrator/llm_provider_api_handlers.go:618.84,620.44 2 0
axonflow/platform/orchestrator/llm_provider_api_handlers.go:620.44,622.3 1 0
axonflow/platform/orchestrator/llm_provider_api_handlers.go:623.2,626.30 4 0
axonflow/platform/orchestrator/llm_provider_api_handlers.go:629.96,633.2 3 0
axonflow/platform/orchestrator/llm_provider_api_handlers.go:635.101,642.2 1 0
axonflow/platform/orchestrator/llm_provider_api_handlers.go:645.104,661.19 2 0
axonflow/platform/orchestrator/llm_provider_api_handlers.go:661.19,667.3 1 0
axonflow/platform/orchestrator/llm_provider_api_handlers.go:669.2,669.17 1 0
axonflow/platform/orchestrator/llm_request_adapter.go:41.79,43.2 1 0
axonflow/platform/orchestrator/llm_request_adapter.go:46.128,52.16 3 0
axonflow/platform/orchestrator/llm_request_adapter.go:52.16,54.3 1 0
axonflow/platform/orchestrator/llm_request_adapter.go:57.2,57.99 1 0
axonflow/platform/orchestrator/llm_request_adapter.go:61.49,63.2 1 0
axonflow/platform/orchestrator/llm_request_adapter.go:66.78,68.2 1 0
axonflow/platform/orchestrator/llm_request_adapter.go:71.88,73.2 1 0
axonflow/platform/orchestrator/llm_request_adapter.go:76.64,78.2 1 0
axonflow/platform/orchestrator/llm_request_adapter.go:82.82,96.127 9 0
axonflow/platform/orchestrator/llm_request_adapter.go:96.127,101.3 1 0
axonflow/platform/orchestrator/llm_request_adapter.go:103.2,103.24 1 0
axonflow/platform/orchestrator/llm_request_adapter.go:103.24,104.52 1 0
axonflow/platform/orchestrator/llm_request_adapter.go:104.52,106.4 1 0
axonflow/platform/orchestrator/llm_request_adapter.go:107.3,107.49 1 0
axonflow/platform/orchestrator/llm_request_adapter.go:107.49,109.4 1 0
axonflow/platform/orchestrator/llm_request_adapter.go:110.3,110.52 1 0
axonflow/platform/orchestrator/llm_request_adapter.go:110.52,112.4 1 0
axonflow/platform/orchestrator/llm_request_adapter.go:113.3,113.56 1 0
axonflow/platform/orchestrator/llm_request_adapter.go:113.56,115.4 1 0
axonflow/platform/orchestrator/llm_request_adapter.go:116.3,116.56 1 0
axonflow/platform/orchestrator/llm_request_adapter.go:116.56,118.4 1 0
axonflow/platform/orchestrator/llm_request_adapter.go:119.3,119.58 1 0
axonflow/platform/orchestrator/llm_request_adapter.go:119.58,121.4 1 0
axonflow/platform/orchestrator/llm_request_adapter.go:124.3,124.70 1 0
axonflow/platform/orchestrator/llm_request_adapter.go:124.70,126.4 1 0
axonflow/platform/orchestrator/llm_request_adapter.go:127.3,127.71 1 0
axonflow/platform/orchestrator/llm_request_adapter.go:127.71,129.4 1 0
axonflow/platform/orchestrator/llm_request_adapter.go:130.3,130.66 1 0
axonflow/platform/orchestrator/llm_request_adapter.go:130.66,132.4 1 0
axonflow/platform/orchestrator/llm_request_adapter.go:135.2,153.3 1 0
axonflow/platform/orchestrator/llm_request_adapter.go:158.76,159.17 1 0
axonflow/platform/orchestrator/llm_request_adapter.go:159.17,161.3 1 0
axonflow/platform/orchestrator/llm_request_adapter.go:162.2,168.3 1 0
axonflow/platform/orchestrator/llm_request_adapter.go:172.83,173.17 1 0
axonflow/platform/orchestrator/llm_request_adapter.go:173.17,175.3 1 0
axonflow/platform/orchestrator/llm_request_adapter.go:176.2,182.3 1 0
axonflow/platform/orchestrator/llm_request_adapter.go:186.105,188.30 2 0
axonflow/platform/orchestrator/llm_request_adapter.go:188.30,198.3 1 0
axonflow/platform/orchestrator/llm_request_adapter.go:199.2,199.15 1 0
axonflow/platform/orchestrator/llm_test_helpers.go:14.44,16.2 1 0
axonflow/platform/orchestrator/llm_test_helpers.go:40.40,67.2 1 0
axonflow/platform/orchestrator/llm_test_helpers.go:70.121,72.25 2 0
axonflow/platform/orchestrator/llm_test_helpers.go:72.25,74.3 1 0
axonflow/platform/orchestrator/llm_test_helpers.go:75.2,75.42 1 0
axonflow/platform/orchestrator/llm_test_helpers.go:79.42,81.2 1 0
axonflow/platform/orchestrator/llm_test_helpers.go:84.71,85.35 1 0
axonflow/platform/orchestrator/llm_test_helpers.go:85.35,87.3 1 0
axonflow/platform/orchestrator/llm_test_helpers.go:88.2,88.31 1 0
axonflow/platform/orchestrator/llm_test_helpers.go:92.81,94.2 1 0
axonflow/platform/orchestrator/llm_types.go:27.40,29.2 1 0
axonflow/platform/orchestrator/mcp_connector_processor.go:57.38,58.38 1 1
axonflow/platform/orchestrator/mcp_connector_processor.go:58.38,60.3 1 0
axonflow/platform/orchestrator/mcp_connector_processor.go:61.2,62.18 2 1
axonflow/platform/orchestrator/mcp_connector_processor.go:62.18,65.3 1 1
axonflow/platform/orchestrator/mcp_connector_processor.go:65.8,65.57 1 0
axonflow/platform/orchestrator/mcp_connector_processor.go:65.57,68.3 1 0
axonflow/platform/orchestrator/mcp_connector_processor.go:69.2,69.41 1 1
axonflow/platform/orchestrator/mcp_connector_processor.go:75.39,76.68 1 0
axonflow/platform/orchestrator/mcp_connector_processor.go:76.68,78.3 1 0
axonflow/platform/orchestrator/mcp_connector_processor.go:79.2,79.37 1 0
axonflow/platform/orchestrator/mcp_connector_processor.go:108.13,116.2 4 1
axonflow/platform/orchestrator/mcp_connector_processor.go:124.56,126.2 1 0
axonflow/platform/orchestrator/mcp_connector_processor.go:129.177,131.25 2 0
axonflow/platform/orchestrator/mcp_connector_processor.go:131.25,134.3 2 0
axonflow/platform/orchestrator/mcp_connector_processor.go:137.2,140.30 3 0
axonflow/platform/orchestrator/mcp_connector_processor.go:140.30,142.3 1 0
axonflow/platform/orchestrator/mcp_connector_processor.go:145.2,145.50 1 0
axonflow/platform/orchestrator/mcp_connector_processor.go:145.50,146.28 1 0
axonflow/platform/orchestrator/mcp_connector_processor.go:146.28,149.4 2 0
axonflow/platform/orchestrator/mcp_connector_processor.go:151.3,152.134 2 0
axonflow/platform/orchestrator/mcp_connector_processor.go:156.2,160.21 3 0
axonflow/platform/orchestrator/mcp_connector_processor.go:160.21,162.3 1 0
axonflow/platform/orchestrator/mcp_connector_processor.go:164.2,171.52 5 0
axonflow/platform/orchestrator/mcp_connector_processor.go:171.52,180.21 3 0
axonflow/platform/orchestrator/mcp_connector_processor.go:180.21,182.4 1 0
axonflow/platform/orchestrator/mcp_connector_processor.go:182.9,190.4 1 0
axonflow/platform/orchestrator/mcp_connector_processor.go:191.8,199.21 3 0
axonflow/platform/orchestrator/mcp_connector_processor.go:199.21,202.4 1 0
axonflow/platform/orchestrator/mcp_connector_processor.go:202.9,202.35 1 0
axonflow/platform/orchestrator/mcp_connector_processor.go:202.35,212.4 2 0
axonflow/platform/orchestrator/mcp_connector_processor.go:212.9,222.28 2 0
axonflow/platform/orchestrator/mcp_connector_processor.go:222.28,224.5 1 0
axonflow/platform/orchestrator/mcp_connector_processor.go:229.2,232.20 3 0
axonflow/platform/orchestrator/mcp_connector_processor.go:232.20,236.3 3 0
axonflow/platform/orchestrator/mcp_connector_processor.go:238.2,240.20 3 0
axonflow/platform/orchestrator/mcp_connector_processor.go:244.151,248.36 2 0
axonflow/platform/orchestrator/mcp_connector_processor.go:248.36,250.3 1 0
axonflow/platform/orchestrator/mcp_connector_processor.go:253.2,253.26 1 0
axonflow/platform/orchestrator/mcp_connector_processor.go:253.26,255.3 1 0
axonflow/platform/orchestrator/mcp_connector_processor.go:258.2,258.27 1 0
axonflow/platform/orchestrator/mcp_connector_processor.go:258.27,259.35 1 0
axonflow/platform/orchestrator/mcp_connector_processor.go:259.35,261.4 1 0
axonflow/platform/orchestrator/mcp_connector_processor.go:264.2,264.15 1 0
axonflow/platform/orchestrator/mcp_connector_processor.go:268.141,272.36 2 0
axonflow/platform/orchestrator/mcp_connector_processor.go:272.36,274.36 2 0
axonflow/platform/orchestrator/mcp_connector_processor.go:274.36,276.4 1 0
axonflow/platform/orchestrator/mcp_connector_processor.go:280.2,280.43 1 0
axonflow/platform/orchestrator/mcp_connector_processor.go:280.43,281.37 1 0
axonflow/platform/orchestrator/mcp_connector_processor.go:281.37,282.44 1 0
axonflow/platform/orchestrator/mcp_connector_processor.go:282.44,284.38 2 0
axonflow/platform/orchestrator/mcp_connector_processor.go:284.38,286.6 1 0
axonflow/platform/orchestrator/mcp_connector_processor.go:292.2,292.42 1 0
axonflow/platform/orchestrator/mcp_connector_processor.go:292.42,294.36 2 0
axonflow/platform/orchestrator/mcp_connector_processor.go:294.36,296.4 1 0
axonflow/platform/orchestrator/mcp_connector_processor.go:299.2,299.15 1 0
axonflow/platform/orchestrator/mcp_connector_processor.go:303.103,304.20 1 0
axonflow/platform/orchestrator/mcp_connector_processor.go:304.20,306.3 1 0
axonflow/platform/orchestrator/mcp_connector_processor.go:309.2,309.90 1 0
axonflow/platform/orchestrator/mcp_connector_processor.go:309.90,311.3 1 0
axonflow/platform/orchestrator/mcp_connector_processor.go:311.8,311.95 1 0
axonflow/platform/orchestrator/mcp_connector_processor.go:311.95,313.3 1 0
axonflow/platform/orchestrator/mcp_connector_processor.go:316.2,319.27 3 0
axonflow/platform/orchestrator/mcp_connector_processor.go:319.27,321.25 2 0
axonflow/platform/orchestrator/mcp_connector_processor.go:321.25,323.4 1 0
axonflow/platform/orchestrator/mcp_connector_processor.go:324.3,324.28 1 0
axonflow/platform/orchestrator/mcp_connector_processor.go:327.2,327.25 1 0
axonflow/platform/orchestrator/mcp_connector_processor.go:331.91,335.27 3 0
axonflow/platform/orchestrator/mcp_connector_processor.go:335.27,338.61 2 0
axonflow/platform/orchestrator/mcp_connector_processor.go:338.61,339.48 1 0
axonflow/platform/orchestrator/mcp_connector_processor.go:339.48,341.5 1 0
axonflow/platform/orchestrator/mcp_connector_processor.go:344.3,344.88 1 0
axonflow/platform/orchestrator/mcp_connector_processor.go:344.88,349.4 2 0
axonflow/platform/orchestrator/mcp_connector_processor.go:351.3,351.28 1 0
axonflow/platform/orchestrator/mcp_connector_processor.go:354.2,354.25 1 0
axonflow/platform/orchestrator/mcp_connector_processor.go:358.90,362.27 3 0
axonflow/platform/orchestrator/mcp_connector_processor.go:362.27,365.43 2 0
axonflow/platform/orchestrator/mcp_connector_processor.go:365.43,367.4 1 0
axonflow/platform/orchestrator/mcp_connector_processor.go:369.3,369.45 1 0
axonflow/platform/orchestrator/mcp_connector_processor.go:369.45,371.4 1 0
axonflow/platform/orchestrator/mcp_connector_processor.go:373.3,373.28 1 0
axonflow/platform/orchestrator/mcp_connector_processor.go:376.2,376.25 1 0
axonflow/platform/orchestrator/mcp_connector_processor.go:383.178,386.21 3 0
axonflow/platform/orchestrator/mcp_connector_processor.go:386.21,388.3 1 0
axonflow/platform/orchestrator/mcp_connector_processor.go:390.2,420.28 8 0
axonflow/platform/orchestrator/mcp_connector_processor.go:420.28,421.82 1 0
axonflow/platform/orchestrator/mcp_connector_processor.go:421.82,423.4 1 0
axonflow/platform/orchestrator/mcp_connector_processor.go:424.3,424.82 1 0
axonflow/platform/orchestrator/mcp_connector_processor.go:424.82,427.4 2 0
axonflow/platform/orchestrator/mcp_connector_processor.go:428.3,428.85 1 0
axonflow/platform/orchestrator/mcp_connector_processor.go:428.85,430.4 1 0
axonflow/platform/orchestrator/mcp_connector_processor.go:433.2,441.16 5 0
axonflow/platform/orchestrator/mcp_connector_processor.go:441.16,445.3 3 0
axonflow/platform/orchestrator/mcp_connector_processor.go:447.2,447.19 1 0
axonflow/platform/orchestrator/mcp_connector_processor.go:447.19,451.3 3 0
axonflow/platform/orchestrator/mcp_connector_processor.go:453.2,457.56 3 0
axonflow/platform/orchestrator/mcp_connector_processor.go:457.56,459.68 1 0
axonflow/platform/orchestrator/mcp_connector_processor.go:459.68,461.29 2 0
axonflow/platform/orchestrator/mcp_connector_processor.go:461.29,462.55 1 0
axonflow/platform/orchestrator/mcp_connector_processor.go:462.55,464.6 1 0
axonflow/platform/orchestrator/mcp_connector_processor.go:466.4,466.24 1 0
axonflow/platform/orchestrator/mcp_connector_processor.go:466.24,468.5 1 0
axonflow/platform/orchestrator/mcp_connector_processor.go:470.3,470.19 1 0
axonflow/platform/orchestrator/mcp_connector_processor.go:474.2,478.8 1 0
axonflow/platform/orchestrator/mcp_dynamic_policy_handler.go:26.87,30.2 1 1
axonflow/platform/orchestrator/mcp_dynamic_policy_handler.go:33.65,36.2 2 1
axonflow/platform/orchestrator/mcp_dynamic_policy_handler.go:74.98,75.36 1 1
axonflow/platform/orchestrator/mcp_dynamic_policy_handler.go:75.36,78.3 2 1
axonflow/platform/orchestrator/mcp_dynamic_policy_handler.go:80.2,84.61 3 1
axonflow/platform/orchestrator/mcp_dynamic_policy_handler.go:84.61,87.3 2 1
axonflow/platform/orchestrator/mcp_dynamic_policy_handler.go:90.2,90.24 1 1
axonflow/platform/orchestrator/mcp_dynamic_policy_handler.go:90.24,93.3 2 1
axonflow/platform/orchestrator/mcp_dynamic_policy_handler.go:94.2,94.29 1 1
axonflow/platform/orchestrator/mcp_dynamic_policy_handler.go:94.29,97.3 2 1
axonflow/platform/orchestrator/mcp_dynamic_policy_handler.go:100.2,101.16 2 1
axonflow/platform/orchestrator/mcp_dynamic_policy_handler.go:101.16,105.3 3 0
axonflow/platform/orchestrator/mcp_dynamic_policy_handler.go:108.2,114.34 2 1
axonflow/platform/orchestrator/mcp_dynamic_policy_handler.go:114.34,116.12 2 1
axonflow/platform/orchestrator/mcp_dynamic_policy_handler.go:116.12,118.31 2 1
axonflow/platform/orchestrator/mcp_dynamic_policy_handler.go:118.31,120.5 1 1
axonflow/platform/orchestrator/mcp_dynamic_policy_handler.go:121.4,129.16 2 1
axonflow/platform/orchestrator/mcp_dynamic_policy_handler.go:129.16,132.10 3 1
axonflow/platform/orchestrator/mcp_dynamic_policy_handler.go:137.2,145.94 5 1
axonflow/platform/orchestrator/mcp_dynamic_policy_handler.go:149.110,150.27 1 1
axonflow/platform/orchestrator/mcp_dynamic_policy_handler.go:150.27,152.3 1 1
axonflow/platform/orchestrator/mcp_dynamic_policy_handler.go:155.2,159.29 3 1
axonflow/platform/orchestrator/mcp_dynamic_policy_handler.go:159.29,161.53 1 1
axonflow/platform/orchestrator/mcp_dynamic_policy_handler.go:161.53,162.12 1 1
axonflow/platform/orchestrator/mcp_dynamic_policy_handler.go:165.3,165.17 1 1
axonflow/platform/orchestrator/mcp_dynamic_policy_handler.go:165.17,166.12 1 0
axonflow/platform/orchestrator/mcp_dynamic_policy_handler.go:169.3,170.77 1 1
axonflow/platform/orchestrator/mcp_dynamic_policy_handler.go:170.77,172.4 1 1
axonflow/platform/orchestrator/mcp_dynamic_policy_handler.go:175.2,175.22 1 1
axonflow/platform/orchestrator/mcp_dynamic_policy_handler.go:180.125,182.21 1 1
axonflow/platform/orchestrator/mcp_dynamic_policy_handler.go:183.20,184.42 1 1
axonflow/platform/orchestrator/mcp_dynamic_policy_handler.go:185.16,186.39 1 1
axonflow/platform/orchestrator/mcp_dynamic_policy_handler.go:187.21,188.43 1 1
axonflow/platform/orchestrator/mcp_dynamic_policy_handler.go:189.21,190.43 1 1
axonflow/platform/orchestrator/mcp_dynamic_policy_handler.go:191.26,192.43 1 1
axonflow/platform/orchestrator/mcp_dynamic_policy_handler.go:193.10,195.25 1 0
axonflow/platform/orchestrator/mcp_dynamic_policy_handler.go:200.129,201.41 1 1
axonflow/platform/orchestrator/mcp_dynamic_policy_handler.go:201.41,202.38 1 1
axonflow/platform/orchestrator/mcp_dynamic_policy_handler.go:202.38,204.4 1 1
axonflow/platform/orchestrator/mcp_dynamic_policy_handler.go:207.2,207.40 1 1
axonflow/platform/orchestrator/mcp_dynamic_policy_handler.go:207.40,208.29 1 1
axonflow/platform/orchestrator/mcp_dynamic_policy_handler.go:208.29,210.28 2 1
axonflow/platform/orchestrator/mcp_dynamic_policy_handler.go:210.28,211.54 1 1
axonflow/platform/orchestrator/mcp_dynamic_policy_handler.go:211.54,213.6 1 1
axonflow/platform/orchestrator/mcp_dynamic_policy_handler.go:215.4,215.30 1 1
axonflow/platform/orchestrator/mcp_dynamic_policy_handler.go:218.2,218.23 1 1
axonflow/platform/orchestrator/mcp_dynamic_policy_handler.go:222.112,225.20 2 1
axonflow/platform/orchestrator/mcp_dynamic_policy_handler.go:226.19,227.33 1 1
axonflow/platform/orchestrator/mcp_dynamic_policy_handler.go:228.19,229.29 1 1
axonflow/platform/orchestrator/mcp_dynamic_policy_handler.go:230.19,231.28 1 0
axonflow/platform/orchestrator/mcp_dynamic_policy_handler.go:232.19,233.28 1 1
axonflow/platform/orchestrator/mcp_dynamic_policy_handler.go:234.10,235.15 1 1
axonflow/platform/orchestrator/mcp_dynamic_policy_handler.go:238.2,238.23 1 1
axonflow/platform/orchestrator/mcp_dynamic_policy_handler.go:239.16,240.72 1 1
axonflow/platform/orchestrator/mcp_dynamic_policy_handler.go:241.20,242.72 1 1
axonflow/platform/orchestrator/mcp_dynamic_policy_handler.go:243.18,244.88 1 1
axonflow/platform/orchestrator/mcp_dynamic_policy_handler.go:245.10,246.15 1 1
axonflow/platform/orchestrator/mcp_dynamic_policy_handler.go:251.128,256.2 1 1
axonflow/platform/orchestrator/mcp_dynamic_policy_handler.go:259.125,264.2 1 1
axonflow/platform/orchestrator/mcp_dynamic_policy_handler.go:267.129,269.30 2 1
axonflow/platform/orchestrator/mcp_dynamic_policy_handler.go:269.30,271.3 1 0
axonflow/platform/orchestrator/mcp_dynamic_policy_handler.go:274.2,274.41 1 1
axonflow/platform/orchestrator/mcp_dynamic_policy_handler.go:274.41,275.21 1 1
axonflow/platform/orchestrator/mcp_dynamic_policy_handler.go:276.15,278.39 2 1
axonflow/platform/orchestrator/mcp_dynamic_policy_handler.go:278.39,279.46 1 1
axonflow/platform/orchestrator/mcp_dynamic_policy_handler.go:279.46,280.35 1 1
axonflow/platform/orchestrator/mcp_dynamic_policy_handler.go:280.35,282.7 1 0
axonflow/platform/orchestrator/mcp_dynamic_policy_handler.go:285.4,285.36 1 1
axonflow/platform/orchestrator/mcp_dynamic_policy_handler.go:285.36,286.46 1 1
axonflow/platform/orchestrator/mcp_dynamic_policy_handler.go:286.46,287.35 1 1
axonflow/platform/orchestrator/mcp_dynamic_policy_handler.go:287.35,289.7 1 0
axonflow/platform/orchestrator/mcp_dynamic_policy_handler.go:292.14,294.29 2 0
axonflow/platform/orchestrator/mcp_dynamic_policy_handler.go:294.29,295.51 1 0
axonflow/platform/orchestrator/mcp_dynamic_policy_handler.go:295.51,297.31 2 0
axonflow/platform/orchestrator/mcp_dynamic_policy_handler.go:297.31,298.28 1 0
axonflow/platform/orchestrator/mcp_dynamic_policy_handler.go:298.28,300.13 2 0
axonflow/platform/orchestrator/mcp_dynamic_policy_handler.go:303.6,303.16 1 0
axonflow/platform/orchestrator/mcp_dynamic_policy_handler.go:303.16,305.7 1 0
axonflow/platform/orchestrator/mcp_dynamic_policy_handler.go:311.2,311.23 1 1
axonflow/platform/orchestrator/mcp_dynamic_policy_handler.go:315.129,316.41 1 1
axonflow/platform/orchestrator/mcp_dynamic_policy_handler.go:316.41,317.32 1 1
axonflow/platform/orchestrator/mcp_dynamic_policy_handler.go:317.32,318.25 1 1
axonflow/platform/orchestrator/mcp_dynamic_policy_handler.go:319.14,321.52 1 1
axonflow/platform/orchestrator/mcp_dynamic_policy_handler.go:321.52,323.33 2 1
axonflow/platform/orchestrator/mcp_dynamic_policy_handler.go:323.33,324.46 1 1
axonflow/platform/orchestrator/mcp_dynamic_policy_handler.go:324.46,326.13 2 1
axonflow/platform/orchestrator/mcp_dynamic_policy_handler.go:329.6,329.16 1 1
axonflow/platform/orchestrator/mcp_dynamic_policy_handler.go:329.16,331.7 1 1
axonflow/platform/orchestrator/mcp_dynamic_policy_handler.go:333.18,335.52 1 1
axonflow/platform/orchestrator/mcp_dynamic_policy_handler.go:335.52,336.33 1 1
axonflow/platform/orchestrator/mcp_dynamic_policy_handler.go:336.33,337.31 1 1
axonflow/platform/orchestrator/mcp_dynamic_policy_handler.go:337.31,339.8 1 1
axonflow/platform/orchestrator/mcp_dynamic_policy_handler.go:342.18,343.35 1 1
axonflow/platform/orchestrator/mcp_dynamic_policy_handler.go:343.35,345.6 1 1
axonflow/platform/orchestrator/mcp_dynamic_policy_handler.go:350.2,350.23 1 1
axonflow/platform/orchestrator/mcp_dynamic_policy_handler.go:354.69,359.2 4 1
axonflow/platform/orchestrator/mcp_dynamic_policy_handler.go:362.97,369.2 3 1
axonflow/platform/orchestrator/mcp_dynamic_policy_handler.go:375.63,377.2 1 1
axonflow/platform/orchestrator/mcp_dynamic_policy_handler.go:380.60,382.2 1 1
axonflow/platform/orchestrator/mcp_query_router.go:37.62,39.2 1 0
axonflow/platform/orchestrator/mcp_query_router.go:43.94,49.24 2 0
axonflow/platform/orchestrator/mcp_query_router.go:49.24,51.3 1 0
axonflow/platform/orchestrator/mcp_query_router.go:53.2,64.3 1 0
axonflow/platform/orchestrator/mcp_query_router.go:69.116,74.28 3 0
axonflow/platform/orchestrator/mcp_query_router.go:74.28,76.3 1 0
axonflow/platform/orchestrator/mcp_query_router.go:78.2,79.9 2 0
axonflow/platform/orchestrator/mcp_query_router.go:79.9,81.3 1 0
axonflow/platform/orchestrator/mcp_query_router.go:83.2,102.16 4 0
axonflow/platform/orchestrator/mcp_query_router.go:102.16,104.3 1 0
axonflow/platform/orchestrator/mcp_query_router.go:108.2,110.16 3 0
axonflow/platform/orchestrator/mcp_query_router.go:110.16,112.3 1 0
axonflow/platform/orchestrator/mcp_query_router.go:114.2,118.16 3 0
axonflow/platform/orchestrator/mcp_query_router.go:118.16,120.3 1 0
axonflow/platform/orchestrator/mcp_query_router.go:121.2,121.15 1 0
axonflow/platform/orchestrator/mcp_query_router.go:121.15,122.43 1 0
axonflow/platform/orchestrator/mcp_query_router.go:122.43,124.4 1 0
axonflow/platform/orchestrator/mcp_query_router.go:128.2,129.16 2 0
axonflow/platform/orchestrator/mcp_query_router.go:129.16,131.3 1 0
axonflow/platform/orchestrator/mcp_query_router.go:134.2,135.61 2 0
axonflow/platform/orchestrator/mcp_query_router.go:135.61,137.3 1 0
axonflow/platform/orchestrator/mcp_query_router.go:139.2,142.38 2 0
axonflow/platform/orchestrator/mcp_query_router.go:142.38,144.19 2 0
axonflow/platform/orchestrator/mcp_query_router.go:144.19,146.4 1 0
axonflow/platform/orchestrator/mcp_query_router.go:147.3,153.9 2 0
axonflow/platform/orchestrator/mcp_query_router.go:157.2,187.8 6 0
axonflow/platform/orchestrator/mcp_query_router.go:191.43,197.16 5 0
axonflow/platform/orchestrator/mcp_query_router.go:197.16,199.3 1 0
axonflow/platform/orchestrator/mcp_query_router.go:201.2,202.16 2 0
axonflow/platform/orchestrator/mcp_query_router.go:202.16,204.3 1 0
axonflow/platform/orchestrator/mcp_query_router.go:205.2,205.15 1 0
axonflow/platform/orchestrator/mcp_query_router.go:205.15,206.43 1 0
axonflow/platform/orchestrator/mcp_query_router.go:206.43,208.4 1 0
axonflow/platform/orchestrator/mcp_query_router.go:211.2,211.41 1 0
axonflow/platform/orchestrator/metrics_collector.go:79.46,98.2 3 0
axonflow/platform/orchestrator/metrics_collector.go:101.100,106.65 3 0
axonflow/platform/orchestrator/metrics_collector.go:106.65,110.3 1 0
axonflow/platform/orchestrator/metrics_collector.go:112.2,118.41 5 0
axonflow/platform/orchestrator/metrics_collector.go:118.41,120.3 1 0
axonflow/platform/orchestrator/metrics_collector.go:123.2,123.63 1 0
axonflow/platform/orchestrator/metrics_collector.go:123.63,125.3 1 0
axonflow/platform/orchestrator/metrics_collector.go:127.2,132.41 4 0
axonflow/platform/orchestrator/metrics_collector.go:136.88,140.65 3 0
axonflow/platform/orchestrator/metrics_collector.go:140.65,144.3 1 0
axonflow/platform/orchestrator/metrics_collector.go:146.2,148.53 3 0
axonflow/platform/orchestrator/metrics_collector.go:152.126,165.41 7 0
axonflow/platform/orchestrator/metrics_collector.go:165.41,167.3 1 0
axonflow/platform/orchestrator/metrics_collector.go:170.2,171.61 2 0
axonflow/platform/orchestrator/metrics_collector.go:175.60,180.2 3 0
axonflow/platform/orchestrator/metrics_collector.go:183.91,187.63 3 0
axonflow/platform/orchestrator/metrics_collector.go:187.63,189.3 1 0
axonflow/platform/orchestrator/metrics_collector.go:191.2,193.31 3 0
axonflow/platform/orchestrator/metrics_collector.go:197.65,201.63 3 0
axonflow/platform/orchestrator/metrics_collector.go:201.63,203.3 1 0
axonflow/platform/orchestrator/metrics_collector.go:205.2,205.50 1 0
axonflow/platform/orchestrator/metrics_collector.go:209.50,227.45 5 0
axonflow/platform/orchestrator/metrics_collector.go:227.45,237.3 1 0
axonflow/platform/orchestrator/metrics_collector.go:240.2,240.46 1 0
axonflow/platform/orchestrator/metrics_collector.go:240.46,250.3 1 0
axonflow/platform/orchestrator/metrics_collector.go:252.2,252.20 1 0
axonflow/platform/orchestrator/metrics_collector.go:256.43,271.2 3 0
axonflow/platform/orchestrator/metrics_collector.go:274.54,276.53 1 0
axonflow/platform/orchestrator/metrics_collector.go:276.53,277.39 1 0
axonflow/platform/orchestrator/metrics_collector.go:277.39,280.47 2 0
axonflow/platform/orchestrator/metrics_collector.go:280.47,282.5 1 0
axonflow/platform/orchestrator/metrics_collector.go:283.4,287.82 3 0
axonflow/platform/orchestrator/metrics_collector.go:292.2,292.56 1 0
axonflow/platform/orchestrator/metrics_collector.go:292.56,293.35 1 0
axonflow/platform/orchestrator/metrics_collector.go:293.35,296.36 2 0
axonflow/platform/orchestrator/metrics_collector.go:296.36,299.5 1 0
axonflow/platform/orchestrator/metrics_collector.go:304.2,304.98 1 0
axonflow/platform/orchestrator/metrics_collector.go:308.101,309.21 1 0
axonflow/platform/orchestrator/metrics_collector.go:309.21,311.3 1 0
axonflow/platform/orchestrator/metrics_collector.go:314.2,315.25 2 0
axonflow/platform/orchestrator/metrics_collector.go:315.25,317.3 1 0
axonflow/platform/orchestrator/metrics_collector.go:319.2,319.21 1 0
axonflow/platform/orchestrator/metrics_collector.go:323.69,324.9 1 0
axonflow/platform/orchestrator/metrics_collector.go:325.19,326.20 1 0
axonflow/platform/orchestrator/metrics_collector.go:327.19,328.15 1 0
axonflow/platform/orchestrator/metrics_collector.go:329.19,330.18 1 0
axonflow/platform/orchestrator/metrics_collector.go:331.19,332.16 1 0
axonflow/platform/orchestrator/metrics_collector.go:333.10,334.21 1 0
axonflow/platform/orchestrator/metrics_collector.go:339.63,349.58 2 0
axonflow/platform/orchestrator/metrics_collector.go:349.58,351.3 1 0
axonflow/platform/orchestrator/metrics_collector.go:353.2,353.66 1 0
axonflow/platform/orchestrator/metrics_collector.go:353.66,355.3 1 0
axonflow/platform/orchestrator/metrics_collector.go:357.2,357.11 1 0
axonflow/platform/orchestrator/metrics_collector.go:361.63,370.2 1 0
axonflow/platform/orchestrator/metrics_collector.go:373.51,377.21 3 0
axonflow/platform/orchestrator/metrics_collector.go:377.21,383.3 4 0
axonflow/platform/orchestrator/pii_detector.go:103.51,110.2 1 0
axonflow/platform/orchestrator/pii_detector.go:113.76,121.2 3 0
axonflow/platform/orchestrator/pii_detector.go:124.68,220.27 2 0
axonflow/platform/orchestrator/pii_detector.go:220.27,222.34 2 0
axonflow/platform/orchestrator/pii_detector.go:222.34,224.4 1 0
axonflow/platform/orchestrator/pii_detector.go:225.3,225.33 1 0
axonflow/platform/orchestrator/pii_detector.go:225.33,226.26 1 0
axonflow/platform/orchestrator/pii_detector.go:226.26,228.5 1 0
axonflow/platform/orchestrator/pii_detector.go:230.8,232.3 1 0
axonflow/platform/orchestrator/pii_detector.go:236.75,239.37 2 0
axonflow/platform/orchestrator/pii_detector.go:239.37,241.33 2 0
axonflow/platform/orchestrator/pii_detector.go:241.33,242.22 1 0
axonflow/platform/orchestrator/pii_detector.go:242.22,243.13 1 0
axonflow/platform/orchestrator/pii_detector.go:246.4,251.84 4 0
axonflow/platform/orchestrator/pii_detector.go:251.84,252.13 1 0
axonflow/platform/orchestrator/pii_detector.go:256.4,260.54 3 0
axonflow/platform/orchestrator/pii_detector.go:260.54,262.17 2 0
axonflow/platform/orchestrator/pii_detector.go:262.17,263.14 1 0
axonflow/platform/orchestrator/pii_detector.go:265.5,265.37 1 0
axonflow/platform/orchestrator/pii_detector.go:269.4,269.36 1 0
axonflow/platform/orchestrator/pii_detector.go:269.36,270.13 1 0
axonflow/platform/orchestrator/pii_detector.go:273.4,281.6 1 0
axonflow/platform/orchestrator/pii_detector.go:285.2,285.16 1 0
axonflow/platform/orchestrator/pii_detector.go:289.93,292.37 2 0
axonflow/platform/orchestrator/pii_detector.go:292.37,293.30 1 0
axonflow/platform/orchestrator/pii_detector.go:293.30,294.12 1 0
axonflow/platform/orchestrator/pii_detector.go:297.3,298.33 2 0
axonflow/platform/orchestrator/pii_detector.go:298.33,299.22 1 0
axonflow/platform/orchestrator/pii_detector.go:299.22,300.13 1 0
axonflow/platform/orchestrator/pii_detector.go:303.4,310.54 6 0
axonflow/platform/orchestrator/pii_detector.go:310.54,312.17 2 0
axonflow/platform/orchestrator/pii_detector.go:312.17,313.14 1 0
axonflow/platform/orchestrator/pii_detector.go:315.5,315.37 1 0
axonflow/platform/orchestrator/pii_detector.go:318.4,318.36 1 0
axonflow/platform/orchestrator/pii_detector.go:318.36,319.13 1 0
axonflow/platform/orchestrator/pii_detector.go:322.4,330.6 1 0
axonflow/platform/orchestrator/pii_detector.go:334.2,334.16 1 0
axonflow/platform/orchestrator/pii_detector.go:338.56,339.37 1 0
axonflow/platform/orchestrator/pii_detector.go:339.37,340.40 1 0
axonflow/platform/orchestrator/pii_detector.go:340.40,343.24 2 0
axonflow/platform/orchestrator/pii_detector.go:343.24,344.33 1 0
axonflow/platform/orchestrator/pii_detector.go:344.33,346.17 2 0
axonflow/platform/orchestrator/pii_detector.go:346.17,348.7 1 0
axonflow/platform/orchestrator/pii_detector.go:349.11,351.6 1 0
axonflow/platform/orchestrator/pii_detector.go:355.2,355.14 1 0
axonflow/platform/orchestrator/pii_detector.go:359.82,361.22 2 0
axonflow/platform/orchestrator/pii_detector.go:361.22,363.3 1 0
axonflow/platform/orchestrator/pii_detector.go:365.2,366.28 2 0
axonflow/platform/orchestrator/pii_detector.go:366.28,368.3 1 0
axonflow/platform/orchestrator/pii_detector.go:370.2,370.38 1 0
axonflow/platform/orchestrator/pii_detector.go:374.72,378.31 3 0
axonflow/platform/orchestrator/pii_detector.go:378.31,381.3 2 0
axonflow/platform/orchestrator/pii_detector.go:383.2,390.3 1 0
axonflow/platform/orchestrator/pii_detector.go:400.64,402.41 1 0
axonflow/platform/orchestrator/pii_detector.go:402.41,403.25 1 0
axonflow/platform/orchestrator/pii_detector.go:403.25,405.4 1 0
axonflow/platform/orchestrator/pii_detector.go:406.3,406.12 1 0
axonflow/platform/orchestrator/pii_detector.go:409.2,409.21 1 0
axonflow/platform/orchestrator/pii_detector.go:409.21,411.3 1 0
axonflow/platform/orchestrator/pii_detector.go:414.2,419.45 4 0
axonflow/platform/orchestrator/pii_detector.go:419.45,421.3 1 0
axonflow/platform/orchestrator/pii_detector.go:424.2,424.31 1 0
axonflow/platform/orchestrator/pii_detector.go:424.31,426.3 1 0
axonflow/platform/orchestrator/pii_detector.go:429.2,439.47 3 0
axonflow/platform/orchestrator/pii_detector.go:439.47,440.48 1 0
axonflow/platform/orchestrator/pii_detector.go:440.48,442.4 1 0
axonflow/platform/orchestrator/pii_detector.go:446.2,451.47 2 0
axonflow/platform/orchestrator/pii_detector.go:451.47,452.48 1 0
axonflow/platform/orchestrator/pii_detector.go:452.48,454.4 1 0
axonflow/platform/orchestrator/pii_detector.go:457.2,457.18 1 0
axonflow/platform/orchestrator/pii_detector.go:461.71,463.41 1 0
axonflow/platform/orchestrator/pii_detector.go:463.41,464.25 1 0
axonflow/platform/orchestrator/pii_detector.go:464.25,466.4 1 0
axonflow/platform/orchestrator/pii_detector.go:467.3,467.12 1 0
axonflow/platform/orchestrator/pii_detector.go:470.2,470.40 1 0
axonflow/platform/orchestrator/pii_detector.go:470.40,472.3 1 0
axonflow/platform/orchestrator/pii_detector.go:475.2,475.23 1 0
axonflow/platform/orchestrator/pii_detector.go:475.23,477.3 1 0
axonflow/platform/orchestrator/pii_detector.go:480.2,481.20 2 0
axonflow/platform/orchestrator/pii_detector.go:481.20,483.3 1 0
axonflow/platform/orchestrator/pii_detector.go:486.2,493.47 3 0
axonflow/platform/orchestrator/pii_detector.go:493.47,494.48 1 0
axonflow/platform/orchestrator/pii_detector.go:494.48,496.4 1 0
axonflow/platform/orchestrator/pii_detector.go:500.2,505.47 2 0
axonflow/platform/orchestrator/pii_detector.go:505.47,506.48 1 0
axonflow/platform/orchestrator/pii_detector.go:506.48,508.4 1 0
axonflow/platform/orchestrator/pii_detector.go:511.2,511.19 1 0
axonflow/platform/orchestrator/pii_detector.go:515.36,519.40 3 0
axonflow/platform/orchestrator/pii_detector.go:519.40,522.16 2 0
axonflow/platform/orchestrator/pii_detector.go:522.16,524.17 2 0
axonflow/platform/orchestrator/pii_detector.go:524.17,526.5 1 0
axonflow/platform/orchestrator/pii_detector.go:529.3,530.25 2 0
axonflow/platform/orchestrator/pii_detector.go:533.2,533.20 1 0
axonflow/platform/orchestrator/pii_detector.go:537.45,538.21 1 0
axonflow/platform/orchestrator/pii_detector.go:538.21,540.3 1 0
axonflow/platform/orchestrator/pii_detector.go:542.2,546.22 3 0
axonflow/platform/orchestrator/pii_detector.go:546.22,548.41 2 0
axonflow/platform/orchestrator/pii_detector.go:548.41,550.4 1 0
axonflow/platform/orchestrator/pii_detector.go:551.3,551.58 1 0
axonflow/platform/orchestrator/pii_detector.go:551.58,553.4 1 0
axonflow/platform/orchestrator/pii_detector.go:556.2,556.9 1 0
axonflow/platform/orchestrator/pii_detector.go:557.20,558.16 1 0
axonflow/platform/orchestrator/pii_detector.go:559.38,560.22 1 0
axonflow/platform/orchestrator/pii_detector.go:561.38,562.22 1 0
axonflow/platform/orchestrator/pii_detector.go:563.38,564.16 1 0
axonflow/platform/orchestrator/pii_detector.go:565.74,566.18 1 0
axonflow/platform/orchestrator/pii_detector.go:569.2,569.11 1 0
axonflow/platform/orchestrator/pii_detector.go:573.66,576.44 2 0
axonflow/platform/orchestrator/pii_detector.go:576.44,578.3 1 0
axonflow/platform/orchestrator/pii_detector.go:580.2,583.36 2 0
axonflow/platform/orchestrator/pii_detector.go:583.36,585.3 1 0
axonflow/platform/orchestrator/pii_detector.go:588.2,589.31 2 0
axonflow/platform/orchestrator/pii_detector.go:589.31,591.3 1 0
axonflow/platform/orchestrator/pii_detector.go:594.2,594.68 1 0
axonflow/platform/orchestrator/pii_detector.go:594.68,596.3 1 0
axonflow/platform/orchestrator/pii_detector.go:599.2,604.45 2 0
axonflow/platform/orchestrator/pii_detector.go:604.45,605.57 1 0
axonflow/platform/orchestrator/pii_detector.go:605.57,607.4 1 0
axonflow/platform/orchestrator/pii_detector.go:610.2,610.18 1 0
axonflow/platform/orchestrator/pii_detector.go:614.66,616.42 1 0
axonflow/platform/orchestrator/pii_detector.go:616.42,617.25 1 0
axonflow/platform/orchestrator/pii_detector.go:617.25,619.4 1 0
axonflow/platform/orchestrator/pii_detector.go:620.3,620.12 1 0
axonflow/platform/orchestrator/pii_detector.go:625.2,625.41 1 0
axonflow/platform/orchestrator/pii_detector.go:625.41,627.3 1 0
axonflow/platform/orchestrator/pii_detector.go:630.2,630.30 1 0
axonflow/platform/orchestrator/pii_detector.go:630.30,632.3 1 0
axonflow/platform/orchestrator/pii_detector.go:635.2,643.47 3 0
axonflow/platform/orchestrator/pii_detector.go:643.47,644.48 1 0
axonflow/platform/orchestrator/pii_detector.go:644.48,646.4 1 0
axonflow/platform/orchestrator/pii_detector.go:650.2,655.47 2 0
axonflow/platform/orchestrator/pii_detector.go:655.47,656.48 1 0
axonflow/platform/orchestrator/pii_detector.go:656.48,658.4 1 0
axonflow/platform/orchestrator/pii_detector.go:661.2,661.18 1 0
axonflow/platform/orchestrator/pii_detector.go:665.70,667.21 2 0
axonflow/platform/orchestrator/pii_detector.go:667.21,669.3 1 0
axonflow/platform/orchestrator/pii_detector.go:671.2,671.29 1 0
axonflow/platform/orchestrator/pii_detector.go:671.29,673.41 2 0
axonflow/platform/orchestrator/pii_detector.go:673.41,675.4 1 0
axonflow/platform/orchestrator/pii_detector.go:679.2,681.71 1 0
axonflow/platform/orchestrator/pii_detector.go:681.71,683.3 1 0
axonflow/platform/orchestrator/pii_detector.go:686.2,689.87 2 0
axonflow/platform/orchestrator/pii_detector.go:689.87,691.3 1 0
axonflow/platform/orchestrator/pii_detector.go:693.2,693.18 1 0
axonflow/platform/orchestrator/pii_detector.go:697.65,701.40 2 0
axonflow/platform/orchestrator/pii_detector.go:701.40,703.3 1 0
axonflow/platform/orchestrator/pii_detector.go:706.2,706.76 1 0
axonflow/platform/orchestrator/pii_detector.go:706.76,708.3 1 0
axonflow/platform/orchestrator/pii_detector.go:711.2,711.34 1 0
axonflow/platform/orchestrator/pii_detector.go:711.34,713.3 1 0
axonflow/platform/orchestrator/pii_detector.go:715.2,715.18 1 0
axonflow/platform/orchestrator/pii_detector.go:719.45,725.32 3 0
axonflow/platform/orchestrator/pii_detector.go:725.32,726.27 1 0
axonflow/platform/orchestrator/pii_detector.go:726.27,728.4 1 0
axonflow/platform/orchestrator/pii_detector.go:728.9,730.4 1 0
axonflow/platform/orchestrator/pii_detector.go:734.2,736.32 3 0
axonflow/platform/orchestrator/pii_detector.go:736.32,738.3 1 0
axonflow/platform/orchestrator/pii_detector.go:740.2,740.23 1 0
axonflow/platform/orchestrator/pii_detector.go:744.69,746.39 1 0
axonflow/platform/orchestrator/pii_detector.go:746.39,748.3 1 0
axonflow/platform/orchestrator/pii_detector.go:751.2,754.27 3 0
axonflow/platform/orchestrator/pii_detector.go:754.27,755.27 1 0
axonflow/platform/orchestrator/pii_detector.go:755.27,756.13 1 0
axonflow/platform/orchestrator/pii_detector.go:756.13,758.5 1 0
axonflow/platform/orchestrator/pii_detector.go:759.4,759.17 1 0
axonflow/platform/orchestrator/pii_detector.go:760.9,760.33 1 0
axonflow/platform/orchestrator/pii_detector.go:760.33,762.4 1 0
axonflow/platform/orchestrator/pii_detector.go:762.9,764.4 1 0
axonflow/platform/orchestrator/pii_detector.go:767.2,767.58 1 0
axonflow/platform/orchestrator/pii_detector.go:767.58,769.3 1 0
axonflow/platform/orchestrator/pii_detector.go:772.2,779.47 3 0
axonflow/platform/orchestrator/pii_detector.go:779.47,780.48 1 0
axonflow/platform/orchestrator/pii_detector.go:780.48,782.4 1 0
axonflow/platform/orchestrator/pii_detector.go:786.2,786.18 1 0
axonflow/platform/orchestrator/pii_detector.go:790.72,803.47 3 0
axonflow/platform/orchestrator/pii_detector.go:803.47,804.48 1 0
axonflow/platform/orchestrator/pii_detector.go:804.48,806.4 1 0
axonflow/platform/orchestrator/pii_detector.go:810.2,810.18 1 0
axonflow/platform/orchestrator/pii_detector.go:814.74,816.39 1 0
axonflow/platform/orchestrator/pii_detector.go:816.39,818.3 1 0
axonflow/platform/orchestrator/pii_detector.go:821.2,828.47 3 0
axonflow/platform/orchestrator/pii_detector.go:828.47,829.48 1 0
axonflow/platform/orchestrator/pii_detector.go:829.48,831.4 1 0
axonflow/platform/orchestrator/pii_detector.go:835.2,835.18 1 0
axonflow/platform/orchestrator/pii_detector.go:839.72,841.41 1 0
axonflow/platform/orchestrator/pii_detector.go:841.41,842.25 1 0
axonflow/platform/orchestrator/pii_detector.go:842.25,844.4 1 0
axonflow/platform/orchestrator/pii_detector.go:845.3,845.12 1 0
axonflow/platform/orchestrator/pii_detector.go:848.2,848.40 1 0
axonflow/platform/orchestrator/pii_detector.go:848.40,850.3 1 0
axonflow/platform/orchestrator/pii_detector.go:853.2,856.40 2 0
axonflow/platform/orchestrator/pii_detector.go:856.40,858.3 1 0
axonflow/platform/orchestrator/pii_detector.go:861.2,867.47 3 0
axonflow/platform/orchestrator/pii_detector.go:867.47,868.48 1 0
axonflow/platform/orchestrator/pii_detector.go:868.48,870.4 1 0
axonflow/platform/orchestrator/pii_detector.go:873.2,873.18 1 0
axonflow/platform/orchestrator/pii_detector.go:877.52,878.23 1 0
axonflow/platform/orchestrator/pii_detector.go:878.23,880.3 1 0
axonflow/platform/orchestrator/pii_detector.go:883.2,883.28 1 0
axonflow/platform/orchestrator/pii_detector.go:883.28,885.3 1 0
axonflow/platform/orchestrator/pii_detector.go:888.2,891.29 3 0
axonflow/platform/orchestrator/pii_detector.go:891.29,894.3 2 0
axonflow/platform/orchestrator/pii_detector.go:896.2,896.20 1 0
axonflow/platform/orchestrator/pii_detector.go:900.38,901.17 1 0
axonflow/platform/orchestrator/pii_detector.go:901.17,903.3 1 0
axonflow/platform/orchestrator/pii_detector.go:904.2,905.23 2 0
axonflow/platform/orchestrator/pii_detector.go:905.23,906.18 1 0
axonflow/platform/orchestrator/pii_detector.go:906.18,908.4 1 0
axonflow/platform/orchestrator/pii_detector.go:910.2,910.13 1 0
axonflow/platform/orchestrator/pii_detector.go:918.78,920.28 2 0
axonflow/platform/orchestrator/pii_detector.go:920.28,922.3 1 0
axonflow/platform/orchestrator/pii_detector.go:923.2,923.15 1 0
axonflow/platform/orchestrator/pii_detector.go:927.99,938.28 4 0
axonflow/platform/orchestrator/pii_detector.go:938.28,939.44 1 0
axonflow/platform/orchestrator/pii_detector.go:939.44,941.4 1 0
axonflow/platform/orchestrator/pii_detector.go:944.2,944.17 1 0
axonflow/platform/orchestrator/pii_detector.go:948.99,950.28 2 0
axonflow/platform/orchestrator/pii_detector.go:950.28,951.36 1 0
axonflow/platform/orchestrator/pii_detector.go:951.36,953.4 1 0
axonflow/platform/orchestrator/pii_detector.go:955.2,955.17 1 0
axonflow/platform/orchestrator/pii_detector.go:965.125,967.19 2 0
axonflow/platform/orchestrator/pii_detector.go:967.19,969.3 1 0
axonflow/platform/orchestrator/pii_detector.go:971.2,981.21 2 0
axonflow/platform/orchestrator/pii_detector.go:986.96,987.19 1 0
axonflow/platform/orchestrator/pii_detector.go:987.19,989.3 1 0
axonflow/platform/orchestrator/pii_detector.go:991.2,992.47 2 0
axonflow/platform/orchestrator/pii_detector.go:992.47,999.3 1 0
axonflow/platform/orchestrator/pii_detector.go:1001.2,1001.19 1 0
axonflow/platform/orchestrator/pii_detector.go:1005.73,1006.18 1 0
axonflow/platform/orchestrator/pii_detector.go:1007.34,1008.20 1 0
axonflow/platform/orchestrator/pii_detector.go:1009.38,1010.27 1 0
axonflow/platform/orchestrator/pii_detector.go:1011.37,1012.28 1 0
axonflow/platform/orchestrator/pii_detector.go:1013.34,1014.21 1 0
axonflow/platform/orchestrator/pii_detector.go:1015.10,1016.22 1 0
axonflow/platform/orchestrator/pii_detector.go:1021.75,1022.18 1 0
axonflow/platform/orchestrator/pii_detector.go:1023.37,1024.29 1 0
axonflow/platform/orchestrator/pii_detector.go:1025.33,1026.25 1 0
axonflow/platform/orchestrator/pii_detector.go:1027.35,1028.27 1 0
axonflow/platform/orchestrator/pii_detector.go:1029.10,1030.24 1 0
axonflow/platform/orchestrator/planning_engine.go:61.67,72.19 3 0
axonflow/platform/orchestrator/planning_engine.go:72.19,76.3 2 0
axonflow/platform/orchestrator/planning_engine.go:78.2,78.15 1 0
axonflow/platform/orchestrator/planning_engine.go:82.107,90.21 2 0
axonflow/platform/orchestrator/planning_engine.go:90.21,91.70 1 0
axonflow/platform/orchestrator/planning_engine.go:91.70,93.4 1 0
axonflow/platform/orchestrator/planning_engine.go:94.3,95.50 1 0
axonflow/platform/orchestrator/planning_engine.go:96.8,99.3 1 0
axonflow/platform/orchestrator/planning_engine.go:101.2,101.20 1 0
axonflow/platform/orchestrator/planning_engine.go:105.53,114.35 2 0
axonflow/platform/orchestrator/planning_engine.go:114.35,115.17 1 0
axonflow/platform/orchestrator/planning_engine.go:115.17,116.12 1 0
axonflow/platform/orchestrator/planning_engine.go:120.3,120.61 1 0
axonflow/platform/orchestrator/planning_engine.go:120.61,121.61 1 0
axonflow/platform/orchestrator/planning_engine.go:121.61,123.13 2 0
axonflow/platform/orchestrator/planning_engine.go:127.4,127.29 1 0
axonflow/platform/orchestrator/planning_engine.go:127.29,131.5 2 0
axonflow/platform/orchestrator/planning_engine.go:135.2,135.14 1 0
axonflow/platform/orchestrator/planning_engine.go:140.53,141.23 1 0
axonflow/platform/orchestrator/planning_engine.go:141.23,143.3 1 0
axonflow/platform/orchestrator/planning_engine.go:145.2,145.44 1 0
axonflow/platform/orchestrator/planning_engine.go:145.44,147.3 1 0
axonflow/platform/orchestrator/planning_engine.go:149.2,150.12 2 0
axonflow/platform/orchestrator/planning_engine.go:154.60,156.2 1 0
axonflow/platform/orchestrator/planning_engine.go:159.48,205.2 4 0
axonflow/platform/orchestrator/planning_engine.go:208.75,210.48 1 0
axonflow/platform/orchestrator/planning_engine.go:210.48,211.81 1 0
axonflow/platform/orchestrator/planning_engine.go:211.81,213.4 1 0
axonflow/platform/orchestrator/planning_engine.go:217.2,217.53 1 0
axonflow/platform/orchestrator/planning_engine.go:217.53,219.3 1 0
axonflow/platform/orchestrator/planning_engine.go:222.2,222.56 1 0
axonflow/platform/orchestrator/planning_engine.go:222.56,224.3 1 0
axonflow/platform/orchestrator/planning_engine.go:227.2,231.3 1 0
axonflow/platform/orchestrator/planning_engine.go:235.73,236.48 1 0
axonflow/platform/orchestrator/planning_engine.go:236.48,238.3 1 0
axonflow/platform/orchestrator/planning_engine.go:239.2,239.11 1 0
axonflow/platform/orchestrator/planning_engine.go:243.106,255.16 6 0
axonflow/platform/orchestrator/planning_engine.go:255.16,257.3 1 0
axonflow/platform/orchestrator/planning_engine.go:259.2,267.16 3 0
axonflow/platform/orchestrator/planning_engine.go:267.16,269.3 1 0
axonflow/platform/orchestrator/planning_engine.go:272.2,272.33 1 0
axonflow/platform/orchestrator/planning_engine.go:272.33,274.3 1 0
axonflow/platform/orchestrator/planning_engine.go:274.8,277.3 1 0
axonflow/platform/orchestrator/planning_engine.go:279.2,284.22 3 0
axonflow/platform/orchestrator/planning_engine.go:288.117,306.16 5 0
axonflow/platform/orchestrator/planning_engine.go:306.16,310.3 2 0
axonflow/platform/orchestrator/planning_engine.go:313.2,314.16 2 0
axonflow/platform/orchestrator/planning_engine.go:314.16,318.3 2 0
axonflow/platform/orchestrator/planning_engine.go:320.2,320.22 1 0
axonflow/platform/orchestrator/planning_engine.go:324.93,348.2 1 0
axonflow/platform/orchestrator/planning_engine.go:351.94,355.48 2 0
axonflow/platform/orchestrator/planning_engine.go:355.48,357.3 1 0
axonflow/platform/orchestrator/planning_engine.go:357.8,357.45 1 0
axonflow/platform/orchestrator/planning_engine.go:357.45,359.3 1 0
axonflow/platform/orchestrator/planning_engine.go:359.8,361.3 1 0
axonflow/platform/orchestrator/planning_engine.go:364.2,367.38 3 0
axonflow/platform/orchestrator/planning_engine.go:367.38,369.3 1 0
axonflow/platform/orchestrator/planning_engine.go:371.2,374.67 3 0
axonflow/platform/orchestrator/planning_engine.go:374.67,376.3 1 0
axonflow/platform/orchestrator/planning_engine.go:378.2,378.23 1 0
axonflow/platform/orchestrator/planning_engine.go:382.92,394.110 3 0
axonflow/platform/orchestrator/planning_engine.go:394.110,397.3 2 0
axonflow/platform/orchestrator/planning_engine.go:397.8,397.124 1 0
axonflow/platform/orchestrator/planning_engine.go:397.124,401.3 3 0
axonflow/platform/orchestrator/planning_engine.go:401.8,401.119 1 0
axonflow/platform/orchestrator/planning_engine.go:401.119,404.3 2 0
axonflow/platform/orchestrator/planning_engine.go:407.2,407.116 1 0
axonflow/platform/orchestrator/planning_engine.go:407.116,409.3 1 0
axonflow/platform/orchestrator/planning_engine.go:411.2,411.17 1 0
axonflow/platform/orchestrator/planning_engine.go:415.145,430.16 4 0
axonflow/platform/orchestrator/planning_engine.go:430.16,434.3 2 0
axonflow/platform/orchestrator/planning_engine.go:437.2,438.16 2 0
axonflow/platform/orchestrator/planning_engine.go:438.16,441.3 2 0
axonflow/platform/orchestrator/planning_engine.go:444.2,444.33 1 0
axonflow/platform/orchestrator/planning_engine.go:444.33,446.3 1 0
axonflow/platform/orchestrator/planning_engine.go:449.2,451.22 2 0
axonflow/platform/orchestrator/planning_engine.go:455.92,497.2 1 0
axonflow/platform/orchestrator/planning_engine.go:500.141,504.48 2 0
axonflow/platform/orchestrator/planning_engine.go:504.48,506.3 1 0
axonflow/platform/orchestrator/planning_engine.go:506.8,506.45 1 0
axonflow/platform/orchestrator/planning_engine.go:506.45,508.3 1 0
axonflow/platform/orchestrator/planning_engine.go:508.8,510.3 1 0
axonflow/platform/orchestrator/planning_engine.go:513.2,516.38 3 0
axonflow/platform/orchestrator/planning_engine.go:516.38,518.3 1 0
axonflow/platform/orchestrator/planning_engine.go:520.2,523.67 3 0
axonflow/platform/orchestrator/planning_engine.go:523.67,525.3 1 0
axonflow/platform/orchestrator/planning_engine.go:528.2,528.35 1 0
axonflow/platform/orchestrator/planning_engine.go:528.35,530.3 1 0
axonflow/platform/orchestrator/planning_engine.go:532.2,532.23 1 0
axonflow/platform/orchestrator/planning_engine.go:536.100,558.51 3 0
axonflow/platform/orchestrator/planning_engine.go:558.51,563.33 3 0
axonflow/platform/orchestrator/planning_engine.go:563.33,564.9 1 0
axonflow/platform/orchestrator/planning_engine.go:569.2,582.17 5 0
axonflow/platform/orchestrator/planning_engine.go:586.83,588.76 1 0
axonflow/platform/orchestrator/planning_engine.go:588.76,591.3 1 0
axonflow/platform/orchestrator/planning_engine.go:594.2,594.16 1 0
axonflow/platform/orchestrator/planning_engine.go:595.16,633.147 1 0
axonflow/platform/orchestrator/planning_engine.go:635.20,645.46 1 0
axonflow/platform/orchestrator/planning_engine.go:647.17,657.61 1 0
axonflow/platform/orchestrator/planning_engine.go:659.10,670.37 1 0
axonflow/platform/orchestrator/planning_engine.go:675.97,676.21 1 0
axonflow/platform/orchestrator/planning_engine.go:676.21,678.3 1 0
axonflow/platform/orchestrator/planning_engine.go:680.2,684.37 3 0
axonflow/platform/orchestrator/planning_engine.go:684.37,694.47 3 0
axonflow/platform/orchestrator/planning_engine.go:694.47,700.4 3 0
axonflow/platform/orchestrator/planning_engine.go:703.2,703.23 1 0
axonflow/platform/orchestrator/planning_engine.go:703.23,705.3 1 0
axonflow/platform/orchestrator/planning_engine.go:709.124,711.24 1 0
axonflow/platform/orchestrator/planning_engine.go:711.24,713.60 1 0
axonflow/platform/orchestrator/planning_engine.go:713.60,724.4 1 0
axonflow/platform/orchestrator/planning_engine.go:724.9,724.66 1 0
axonflow/platform/orchestrator/planning_engine.go:724.66,735.4 1 0
axonflow/platform/orchestrator/planning_engine.go:739.2,745.3 2 0
axonflow/platform/orchestrator/planning_engine.go:749.112,750.21 1 0
axonflow/platform/orchestrator/planning_engine.go:750.21,752.3 1 0
axonflow/platform/orchestrator/planning_engine.go:754.2,757.37 2 0
axonflow/platform/orchestrator/planning_engine.go:757.37,762.30 3 0
axonflow/platform/orchestrator/planning_engine.go:762.30,763.12 1 0
axonflow/platform/orchestrator/planning_engine.go:767.3,767.48 1 0
axonflow/platform/orchestrator/planning_engine.go:767.48,785.4 10 0
axonflow/platform/orchestrator/planning_engine.go:785.9,785.54 1 0
axonflow/platform/orchestrator/planning_engine.go:785.54,803.4 10 0
axonflow/platform/orchestrator/planning_engine.go:806.2,806.24 1 0
axonflow/platform/orchestrator/planning_engine.go:806.24,811.3 1 0
axonflow/platform/orchestrator/planning_engine.go:815.95,816.16 1 0
axonflow/platform/orchestrator/planning_engine.go:817.16,818.19 1 0
axonflow/platform/orchestrator/planning_engine.go:819.42,829.50 1 0
axonflow/platform/orchestrator/planning_engine.go:831.40,842.50 1 0
axonflow/platform/orchestrator/planning_engine.go:844.40,855.50 1 0
axonflow/platform/orchestrator/planning_engine.go:857.11,860.132 1 0
axonflow/platform/orchestrator/planning_engine.go:863.20,873.43 1 0
axonflow/platform/orchestrator/planning_engine.go:875.17,885.57 1 0
axonflow/platform/orchestrator/planning_engine.go:887.10,890.91 1 0
axonflow/platform/orchestrator/planning_engine.go:895.53,899.2 3 0
axonflow/platform/orchestrator/planning_engine.go:902.103,904.31 1 0
axonflow/platform/orchestrator/planning_engine.go:904.31,906.38 1 0
axonflow/platform/orchestrator/planning_engine.go:906.38,907.38 1 0
axonflow/platform/orchestrator/planning_engine.go:907.38,910.5 1 0
axonflow/platform/orchestrator/planning_engine.go:914.2,914.17 1 0
axonflow/platform/orchestrator/planning_engine.go:918.78,922.2 1 0
axonflow/platform/orchestrator/planning_engine.go:925.43,927.2 1 0
axonflow/platform/orchestrator/planning_engine.go:931.87,937.84 4 0
axonflow/platform/orchestrator/planning_engine.go:937.84,941.22 3 0
axonflow/platform/orchestrator/planning_engine.go:941.22,944.61 2 0
axonflow/platform/orchestrator/planning_engine.go:944.61,946.5 1 0
axonflow/platform/orchestrator/planning_engine.go:950.3,951.54 2 0
axonflow/platform/orchestrator/planning_engine.go:951.54,953.4 1 0
axonflow/platform/orchestrator/planning_engine.go:954.8,954.49 1 0
axonflow/platform/orchestrator/planning_engine.go:954.49,958.54 3 0
axonflow/platform/orchestrator/planning_engine.go:958.54,960.4 1 0
axonflow/platform/orchestrator/planning_engine.go:961.8,963.30 1 0
axonflow/platform/orchestrator/planning_engine.go:963.30,964.21 1 0
axonflow/platform/orchestrator/planning_engine.go:964.21,966.45 1 0
axonflow/platform/orchestrator/planning_engine.go:966.45,968.11 2 0
axonflow/platform/orchestrator/planning_engine.go:975.2,975.29 1 0
axonflow/platform/orchestrator/planning_engine.go:975.29,977.48 2 0
axonflow/platform/orchestrator/planning_engine.go:977.48,978.13 1 0
axonflow/platform/orchestrator/planning_engine.go:978.13,980.52 1 0
axonflow/platform/orchestrator/planning_engine.go:980.52,985.6 2 0
axonflow/platform/orchestrator/planning_engine.go:991.2,991.29 1 0
axonflow/platform/orchestrator/planning_engine.go:991.29,993.102 2 0
axonflow/platform/orchestrator/planning_engine.go:993.102,994.13 1 0
axonflow/platform/orchestrator/planning_engine.go:994.13,995.56 1 0
axonflow/platform/orchestrator/planning_engine.go:995.56,997.6 1 0
axonflow/platform/orchestrator/planning_engine.go:1003.2,1003.36 1 0
axonflow/platform/orchestrator/planning_engine.go:1003.36,1006.3 1 0
axonflow/platform/orchestrator/planning_engine.go:1007.2,1007.41 1 0
axonflow/platform/orchestrator/planning_engine.go:1007.41,1009.3 1 0
axonflow/platform/orchestrator/planning_engine.go:1010.2,1010.44 1 0
axonflow/platform/orchestrator/planning_engine.go:1010.44,1012.3 1 0
axonflow/platform/orchestrator/planning_engine.go:1013.2,1013.36 1 0
axonflow/platform/orchestrator/planning_engine.go:1013.36,1015.3 1 0
axonflow/platform/orchestrator/planning_engine.go:1017.2,1020.15 3 0
axonflow/platform/orchestrator/planning_engine.go:1024.62,1028.21 3 0
axonflow/platform/orchestrator/planning_engine.go:1028.21,1030.3 1 0
axonflow/platform/orchestrator/planning_engine.go:1033.2,1038.37 4 0
axonflow/platform/orchestrator/planning_engine.go:1038.37,1039.30 1 0
axonflow/platform/orchestrator/planning_engine.go:1039.30,1041.4 1 0
axonflow/platform/orchestrator/planning_engine.go:1045.2,1047.17 2 0
axonflow/platform/orchestrator/planning_engine.go:1051.56,1061.2 2 0
axonflow/platform/orchestrator/planning_engine.go:1064.52,1066.56 1 0
axonflow/platform/orchestrator/planning_engine.go:1066.56,1068.3 1 0
axonflow/platform/orchestrator/planning_engine.go:1071.2,1075.50 2 0
axonflow/platform/orchestrator/planning_engine.go:1075.50,1077.3 1 0
axonflow/platform/orchestrator/planning_engine.go:1079.2,1079.10 1 0
axonflow/platform/orchestrator/planning_engine.go:1083.86,1091.29 4 0
axonflow/platform/orchestrator/planning_engine.go:1091.29,1092.56 1 0
axonflow/platform/orchestrator/planning_engine.go:1092.56,1094.9 2 0
axonflow/platform/orchestrator/planning_engine.go:1098.2,1098.39 1 0
axonflow/platform/orchestrator/planning_engine.go:1098.39,1100.3 1 0
axonflow/platform/orchestrator/planning_engine.go:1103.2,1106.15 3 0
axonflow/platform/orchestrator/policy_api_handlers.go:43.68,45.2 1 0
axonflow/platform/orchestrator/policy_api_handlers.go:48.63,56.2 4 0
axonflow/platform/orchestrator/policy_api_handlers.go:59.83,61.20 2 0
axonflow/platform/orchestrator/policy_api_handlers.go:61.20,64.3 2 0
axonflow/platform/orchestrator/policy_api_handlers.go:66.2,66.18 1 0
axonflow/platform/orchestrator/policy_api_handlers.go:67.22,68.33 1 0
axonflow/platform/orchestrator/policy_api_handlers.go:69.23,70.33 1 0
axonflow/platform/orchestrator/policy_api_handlers.go:71.26,72.21 1 0
axonflow/platform/orchestrator/policy_api_handlers.go:73.10,74.91 1 0
axonflow/platform/orchestrator/policy_api_handlers.go:79.85,81.20 2 0
axonflow/platform/orchestrator/policy_api_handlers.go:81.20,84.3 2 0
axonflow/platform/orchestrator/policy_api_handlers.go:87.2,89.39 3 0
axonflow/platform/orchestrator/policy_api_handlers.go:89.39,92.3 2 0
axonflow/platform/orchestrator/policy_api_handlers.go:94.2,97.48 2 0
axonflow/platform/orchestrator/policy_api_handlers.go:97.48,100.3 2 0
axonflow/platform/orchestrator/policy_api_handlers.go:102.2,103.20 2 0
axonflow/platform/orchestrator/policy_api_handlers.go:103.20,105.3 1 0
axonflow/platform/orchestrator/policy_api_handlers.go:107.2,107.9 1 0
axonflow/platform/orchestrator/policy_api_handlers.go:108.56,109.41 1 0
axonflow/platform/orchestrator/policy_api_handlers.go:110.59,111.48 1 0
axonflow/platform/orchestrator/policy_api_handlers.go:112.51,113.40 1 0
axonflow/platform/orchestrator/policy_api_handlers.go:114.51,115.43 1 0
axonflow/platform/orchestrator/policy_api_handlers.go:116.54,117.43 1 0
axonflow/platform/orchestrator/policy_api_handlers.go:118.38,119.21 1 0
axonflow/platform/orchestrator/policy_api_handlers.go:120.10,121.91 1 0
axonflow/platform/orchestrator/policy_api_handlers.go:126.98,131.61 3 0
axonflow/platform/orchestrator/policy_api_handlers.go:131.61,134.3 2 0
axonflow/platform/orchestrator/policy_api_handlers.go:136.2,138.16 3 0
axonflow/platform/orchestrator/policy_api_handlers.go:138.16,139.54 1 0
axonflow/platform/orchestrator/policy_api_handlers.go:139.54,142.4 2 0
axonflow/platform/orchestrator/policy_api_handlers.go:143.3,143.52 1 0
axonflow/platform/orchestrator/policy_api_handlers.go:143.52,147.4 3 0
axonflow/platform/orchestrator/policy_api_handlers.go:149.3,151.9 3 0
axonflow/platform/orchestrator/policy_api_handlers.go:154.2,154.68 1 0
axonflow/platform/orchestrator/policy_api_handlers.go:158.98,168.57 2 0
axonflow/platform/orchestrator/policy_api_handlers.go:168.57,169.65 1 0
axonflow/platform/orchestrator/policy_api_handlers.go:169.65,171.4 1 0
axonflow/platform/orchestrator/policy_api_handlers.go:174.2,174.70 1 0
axonflow/platform/orchestrator/policy_api_handlers.go:174.70,175.96 1 0
axonflow/platform/orchestrator/policy_api_handlers.go:175.96,177.4 1 0
axonflow/platform/orchestrator/policy_api_handlers.go:180.2,180.66 1 0
axonflow/platform/orchestrator/policy_api_handlers.go:180.66,183.3 2 0
axonflow/platform/orchestrator/policy_api_handlers.go:185.2,186.16 2 0
axonflow/platform/orchestrator/policy_api_handlers.go:186.16,190.3 3 0
axonflow/platform/orchestrator/policy_api_handlers.go:192.2,192.41 1 0
axonflow/platform/orchestrator/policy_api_handlers.go:196.105,198.16 2 0
axonflow/platform/orchestrator/policy_api_handlers.go:198.16,202.3 3 0
axonflow/platform/orchestrator/policy_api_handlers.go:204.2,204.19 1 0
axonflow/platform/orchestrator/policy_api_handlers.go:204.19,207.3 2 0
axonflow/platform/orchestrator/policy_api_handlers.go:209.2,209.63 1 0
axonflow/platform/orchestrator/policy_api_handlers.go:213.108,218.61 3 0
axonflow/platform/orchestrator/policy_api_handlers.go:218.61,221.3 2 0
axonflow/platform/orchestrator/policy_api_handlers.go:223.2,225.16 3 0
axonflow/platform/orchestrator/policy_api_handlers.go:225.16,226.54 1 0
axonflow/platform/orchestrator/policy_api_handlers.go:226.54,229.4 2 0
axonflow/platform/orchestrator/policy_api_handlers.go:230.3,230.52 1 0
axonflow/platform/orchestrator/policy_api_handlers.go:230.52,234.4 3 0
axonflow/platform/orchestrator/policy_api_handlers.go:235.3,237.9 3 0
axonflow/platform/orchestrator/policy_api_handlers.go:240.2,240.19 1 0
axonflow/platform/orchestrator/policy_api_handlers.go:240.19,243.3 2 0
axonflow/platform/orchestrator/policy_api_handlers.go:245.2,245.63 1 0
axonflow/platform/orchestrator/policy_api_handlers.go:249.108,254.16 3 0
axonflow/platform/orchestrator/policy_api_handlers.go:254.16,258.3 3 0
axonflow/platform/orchestrator/policy_api_handlers.go:259.2,259.19 1 0
axonflow/platform/orchestrator/policy_api_handlers.go:259.19,262.3 2 0
axonflow/platform/orchestrator/policy_api_handlers.go:264.2,264.88 1 0
axonflow/platform/orchestrator/policy_api_handlers.go:264.88,265.52 1 0
axonflow/platform/orchestrator/policy_api_handlers.go:265.52,269.4 3 0
axonflow/platform/orchestrator/policy_api_handlers.go:270.3,272.9 3 0
axonflow/platform/orchestrator/policy_api_handlers.go:275.2,275.37 1 0
axonflow/platform/orchestrator/policy_api_handlers.go:279.106,284.61 3 0
axonflow/platform/orchestrator/policy_api_handlers.go:284.61,287.3 2 0
axonflow/platform/orchestrator/policy_api_handlers.go:289.2,289.21 1 0
axonflow/platform/orchestrator/policy_api_handlers.go:289.21,292.3 2 0
axonflow/platform/orchestrator/policy_api_handlers.go:294.2,295.16 2 0
axonflow/platform/orchestrator/policy_api_handlers.go:295.16,296.40 1 0
axonflow/platform/orchestrator/policy_api_handlers.go:296.40,299.4 2 0
axonflow/platform/orchestrator/policy_api_handlers.go:300.3,302.9 3 0
axonflow/platform/orchestrator/policy_api_handlers.go:305.2,305.41 1 0
axonflow/platform/orchestrator/policy_api_handlers.go:309.113,311.16 2 0
axonflow/platform/orchestrator/policy_api_handlers.go:311.16,315.3 3 0
axonflow/platform/orchestrator/policy_api_handlers.go:317.2,317.41 1 0
axonflow/platform/orchestrator/policy_api_handlers.go:324.81,325.36 1 0
axonflow/platform/orchestrator/policy_api_handlers.go:325.36,328.3 2 0
axonflow/platform/orchestrator/policy_api_handlers.go:330.2,330.33 1 0
axonflow/platform/orchestrator/policy_api_handlers.go:330.33,333.3 2 0
axonflow/platform/orchestrator/policy_api_handlers.go:335.2,336.20 2 0
axonflow/platform/orchestrator/policy_api_handlers.go:336.20,339.3 2 0
axonflow/platform/orchestrator/policy_api_handlers.go:342.2,345.61 3 0
axonflow/platform/orchestrator/policy_api_handlers.go:345.61,348.3 2 0
axonflow/platform/orchestrator/policy_api_handlers.go:350.2,350.28 1 0
axonflow/platform/orchestrator/policy_api_handlers.go:350.28,353.3 2 0
axonflow/platform/orchestrator/policy_api_handlers.go:355.2,355.29 1 0
axonflow/platform/orchestrator/policy_api_handlers.go:355.29,358.3 2 0
axonflow/platform/orchestrator/policy_api_handlers.go:360.2,362.16 3 0
axonflow/platform/orchestrator/policy_api_handlers.go:362.16,363.54 1 0
axonflow/platform/orchestrator/policy_api_handlers.go:363.54,366.4 2 0
axonflow/platform/orchestrator/policy_api_handlers.go:367.3,369.9 3 0
axonflow/platform/orchestrator/policy_api_handlers.go:372.2,372.41 1 0
axonflow/platform/orchestrator/policy_api_handlers.go:376.81,377.36 1 0
axonflow/platform/orchestrator/policy_api_handlers.go:377.36,380.3 2 0
axonflow/platform/orchestrator/policy_api_handlers.go:382.2,382.32 1 0
axonflow/platform/orchestrator/policy_api_handlers.go:382.32,385.3 2 0
axonflow/platform/orchestrator/policy_api_handlers.go:387.2,388.20 2 0
axonflow/platform/orchestrator/policy_api_handlers.go:388.20,391.3 2 0
axonflow/platform/orchestrator/policy_api_handlers.go:393.2,394.16 2 0
axonflow/platform/orchestrator/policy_api_handlers.go:394.16,398.3 3 0
axonflow/platform/orchestrator/policy_api_handlers.go:401.2,402.41 2 0
axonflow/platform/orchestrator/policy_api_handlers.go:408.64,410.61 1 0
axonflow/platform/orchestrator/policy_api_handlers.go:410.61,412.3 1 0
axonflow/platform/orchestrator/policy_api_handlers.go:414.2,414.65 1 0
axonflow/platform/orchestrator/policy_api_handlers.go:414.65,416.3 1 0
axonflow/platform/orchestrator/policy_api_handlers.go:417.2,417.11 1 0
axonflow/platform/orchestrator/policy_api_handlers.go:421.62,422.55 1 0
axonflow/platform/orchestrator/policy_api_handlers.go:422.55,424.3 1 0
axonflow/platform/orchestrator/policy_api_handlers.go:425.2,425.61 1 0
axonflow/platform/orchestrator/policy_api_handlers.go:425.61,427.3 1 0
axonflow/platform/orchestrator/policy_api_handlers.go:428.2,428.17 1 0
axonflow/platform/orchestrator/policy_api_handlers.go:432.79,434.44 2 0
axonflow/platform/orchestrator/policy_api_handlers.go:434.44,436.3 1 0
axonflow/platform/orchestrator/policy_api_handlers.go:437.2,440.30 4 0
axonflow/platform/orchestrator/policy_api_handlers.go:444.91,448.2 3 0
axonflow/platform/orchestrator/policy_api_handlers.go:451.96,458.2 1 0
axonflow/platform/orchestrator/policy_api_handlers.go:461.99,469.2 1 0
axonflow/platform/orchestrator/policy_api_repository.go:32.56,34.2 1 0
axonflow/platform/orchestrator/policy_api_repository.go:37.86,39.16 2 0
axonflow/platform/orchestrator/policy_api_repository.go:39.16,41.3 1 0
axonflow/platform/orchestrator/policy_api_repository.go:43.2,44.16 2 0
axonflow/platform/orchestrator/policy_api_repository.go:44.16,46.3 1 0
axonflow/platform/orchestrator/policy_api_repository.go:49.2,49.21 1 0
axonflow/platform/orchestrator/policy_api_repository.go:49.21,51.3 1 0
axonflow/platform/orchestrator/policy_api_repository.go:53.2,60.16 6 0
axonflow/platform/orchestrator/policy_api_repository.go:60.16,62.3 1 0
axonflow/platform/orchestrator/policy_api_repository.go:65.2,66.33 2 0
axonflow/platform/orchestrator/policy_api_repository.go:66.33,68.3 1 0
axonflow/platform/orchestrator/policy_api_repository.go:70.2,86.16 3 0
axonflow/platform/orchestrator/policy_api_repository.go:86.16,88.3 1 0
axonflow/platform/orchestrator/policy_api_repository.go:91.2,91.86 1 0
axonflow/platform/orchestrator/policy_api_repository.go:91.86,94.3 1 0
axonflow/platform/orchestrator/policy_api_repository.go:96.2,96.12 1 0
axonflow/platform/orchestrator/policy_api_repository.go:100.109,125.26 6 0
axonflow/platform/orchestrator/policy_api_repository.go:125.26,127.3 1 0
axonflow/platform/orchestrator/policy_api_repository.go:128.2,128.16 1 0
axonflow/platform/orchestrator/policy_api_repository.go:128.16,130.3 1 0
axonflow/platform/orchestrator/policy_api_repository.go:132.2,137.75 5 0
axonflow/platform/orchestrator/policy_api_repository.go:137.75,139.3 1 0
axonflow/platform/orchestrator/policy_api_repository.go:141.2,141.69 1 0
axonflow/platform/orchestrator/policy_api_repository.go:141.69,143.3 1 0
axonflow/platform/orchestrator/policy_api_repository.go:145.2,145.20 1 0
axonflow/platform/orchestrator/policy_api_repository.go:149.129,155.23 4 0
axonflow/platform/orchestrator/policy_api_repository.go:155.23,159.3 3 0
axonflow/platform/orchestrator/policy_api_repository.go:161.2,161.27 1 0
axonflow/platform/orchestrator/policy_api_repository.go:161.27,165.3 3 0
axonflow/platform/orchestrator/policy_api_repository.go:167.2,167.25 1 0
axonflow/platform/orchestrator/policy_api_repository.go:167.25,170.3 2 0
axonflow/platform/orchestrator/policy_api_repository.go:172.2,177.84 4 0
axonflow/platform/orchestrator/policy_api_repository.go:177.84,179.3 1 0
axonflow/platform/orchestrator/policy_api_repository.go:182.2,183.25 2 0
axonflow/platform/orchestrator/policy_api_repository.go:183.25,186.32 2 0
axonflow/platform/orchestrator/policy_api_repository.go:186.32,188.4 1 0
axonflow/platform/orchestrator/policy_api_repository.go:191.2,192.29 2 0
axonflow/platform/orchestrator/policy_api_repository.go:192.29,194.3 1 0
axonflow/platform/orchestrator/policy_api_repository.go:197.2,197.21 1 0
axonflow/platform/orchestrator/policy_api_repository.go:197.21,199.3 1 0
axonflow/platform/orchestrator/policy_api_repository.go:200.2,200.50 1 0
axonflow/platform/orchestrator/policy_api_repository.go:200.50,202.3 1 0
axonflow/platform/orchestrator/policy_api_repository.go:204.2,220.16 4 0
axonflow/platform/orchestrator/policy_api_repository.go:220.16,222.3 1 0
axonflow/platform/orchestrator/policy_api_repository.go:223.2,223.15 1 0
axonflow/platform/orchestrator/policy_api_repository.go:223.15,223.35 1 0
axonflow/platform/orchestrator/policy_api_repository.go:225.2,226.18 2 0
axonflow/platform/orchestrator/policy_api_repository.go:226.18,239.17 5 0
axonflow/platform/orchestrator/policy_api_repository.go:239.17,241.4 1 0
axonflow/platform/orchestrator/policy_api_repository.go:243.3,248.76 5 0
axonflow/platform/orchestrator/policy_api_repository.go:248.76,250.4 1 0
axonflow/platform/orchestrator/policy_api_repository.go:252.3,252.70 1 0
axonflow/platform/orchestrator/policy_api_repository.go:252.70,254.4 1 0
axonflow/platform/orchestrator/policy_api_repository.go:256.3,256.38 1 0
axonflow/platform/orchestrator/policy_api_repository.go:259.2,259.29 1 0
axonflow/platform/orchestrator/policy_api_repository.go:263.152,266.16 2 0
axonflow/platform/orchestrator/policy_api_repository.go:266.16,268.3 1 0
axonflow/platform/orchestrator/policy_api_repository.go:269.2,269.20 1 0
axonflow/platform/orchestrator/policy_api_repository.go:269.20,271.3 1 0
axonflow/platform/orchestrator/policy_api_repository.go:274.2,278.21 4 0
axonflow/platform/orchestrator/policy_api_repository.go:278.21,282.3 3 0
axonflow/platform/orchestrator/policy_api_repository.go:284.2,284.28 1 0
axonflow/platform/orchestrator/policy_api_repository.go:284.28,288.3 3 0
axonflow/platform/orchestrator/policy_api_repository.go:290.2,290.21 1 0
axonflow/platform/orchestrator/policy_api_repository.go:290.21,294.3 3 0
axonflow/platform/orchestrator/policy_api_repository.go:296.2,296.27 1 0
axonflow/platform/orchestrator/policy_api_repository.go:296.27,298.17 2 0
axonflow/platform/orchestrator/policy_api_repository.go:298.17,300.4 1 0
axonflow/platform/orchestrator/policy_api_repository.go:301.3,303.13 3 0
axonflow/platform/orchestrator/policy_api_repository.go:306.2,306.24 1 0
axonflow/platform/orchestrator/policy_api_repository.go:306.24,308.17 2 0
axonflow/platform/orchestrator/policy_api_repository.go:308.17,310.4 1 0
axonflow/platform/orchestrator/policy_api_repository.go:311.3,313.13 3 0
axonflow/platform/orchestrator/policy_api_repository.go:316.2,316.25 1 0
axonflow/platform/orchestrator/policy_api_repository.go:316.25,320.3 3 0
axonflow/platform/orchestrator/policy_api_repository.go:322.2,322.24 1 0
axonflow/platform/orchestrator/policy_api_repository.go:322.24,326.3 3 0
axonflow/platform/orchestrator/policy_api_repository.go:328.2,328.23 1 0
axonflow/platform/orchestrator/policy_api_repository.go:328.23,330.3 1 0
axonflow/platform/orchestrator/policy_api_repository.go:333.2,356.16 14 0
axonflow/platform/orchestrator/policy_api_repository.go:356.16,358.3 1 0
axonflow/platform/orchestrator/policy_api_repository.go:360.2,361.23 2 0
axonflow/platform/orchestrator/policy_api_repository.go:361.23,363.3 1 0
axonflow/platform/orchestrator/policy_api_repository.go:366.2,367.20 2 0
axonflow/platform/orchestrator/policy_api_repository.go:367.20,369.61 2 0
axonflow/platform/orchestrator/policy_api_repository.go:369.61,371.4 1 0
axonflow/platform/orchestrator/policy_api_repository.go:371.9,371.68 1 0
axonflow/platform/orchestrator/policy_api_repository.go:371.68,373.4 1 0
axonflow/platform/orchestrator/policy_api_repository.go:374.3,374.110 1 0
axonflow/platform/orchestrator/policy_api_repository.go:377.2,377.21 1 0
axonflow/platform/orchestrator/policy_api_repository.go:381.107,384.16 2 0
axonflow/platform/orchestrator/policy_api_repository.go:384.16,386.3 1 0
axonflow/platform/orchestrator/policy_api_repository.go:387.2,387.20 1 0
axonflow/platform/orchestrator/policy_api_repository.go:387.20,389.3 1 0
axonflow/platform/orchestrator/policy_api_repository.go:392.2,396.16 4 0
axonflow/platform/orchestrator/policy_api_repository.go:396.16,398.3 1 0
axonflow/platform/orchestrator/policy_api_repository.go:400.2,400.12 1 0
axonflow/platform/orchestrator/policy_api_repository.go:404.118,414.16 3 0
axonflow/platform/orchestrator/policy_api_repository.go:414.16,416.3 1 0
axonflow/platform/orchestrator/policy_api_repository.go:417.2,417.15 1 0
axonflow/platform/orchestrator/policy_api_repository.go:417.15,417.35 1 0
axonflow/platform/orchestrator/policy_api_repository.go:419.2,420.18 2 0
axonflow/platform/orchestrator/policy_api_repository.go:420.18,426.17 4 0
axonflow/platform/orchestrator/policy_api_repository.go:426.17,428.4 1 0
axonflow/platform/orchestrator/policy_api_repository.go:430.3,430.71 1 0
axonflow/platform/orchestrator/policy_api_repository.go:430.71,432.4 1 0
axonflow/platform/orchestrator/policy_api_repository.go:434.3,434.37 1 0
axonflow/platform/orchestrator/policy_api_repository.go:437.2,437.22 1 0
axonflow/platform/orchestrator/policy_api_repository.go:441.126,443.16 2 0
axonflow/platform/orchestrator/policy_api_repository.go:443.16,445.3 1 0
axonflow/platform/orchestrator/policy_api_repository.go:447.2,458.12 3 0
axonflow/platform/orchestrator/policy_api_repository.go:462.102,466.2 3 0
axonflow/platform/orchestrator/policy_api_repository.go:469.174,474.16 3 0
axonflow/platform/orchestrator/policy_api_repository.go:474.16,476.3 1 0
axonflow/platform/orchestrator/policy_api_repository.go:477.2,477.15 1 0
axonflow/platform/orchestrator/policy_api_repository.go:477.15,478.17 1 0
axonflow/platform/orchestrator/policy_api_repository.go:478.17,480.4 1 0
axonflow/platform/orchestrator/policy_api_repository.go:484.2,486.31 2 0
axonflow/platform/orchestrator/policy_api_repository.go:486.31,489.22 2 0
axonflow/platform/orchestrator/policy_api_repository.go:489.22,491.12 2 0
axonflow/platform/orchestrator/policy_api_repository.go:494.3,494.22 1 0
axonflow/platform/orchestrator/policy_api_repository.go:494.22,495.16 1 0
axonflow/platform/orchestrator/policy_api_repository.go:496.16,498.13 2 0
axonflow/platform/orchestrator/policy_api_repository.go:499.17,501.13 2 0
axonflow/platform/orchestrator/policy_api_repository.go:502.21,505.25 2 0
axonflow/platform/orchestrator/policy_api_repository.go:505.25,507.6 1 0
axonflow/platform/orchestrator/policy_api_repository.go:507.11,509.6 1 0
axonflow/platform/orchestrator/policy_api_repository.go:510.5,510.13 1 0
axonflow/platform/orchestrator/policy_api_repository.go:515.3,516.23 2 0
axonflow/platform/orchestrator/policy_api_repository.go:516.23,518.4 1 0
axonflow/platform/orchestrator/policy_api_repository.go:518.9,520.4 1 0
axonflow/platform/orchestrator/policy_api_repository.go:524.2,524.35 1 0
axonflow/platform/orchestrator/policy_api_repository.go:524.35,526.3 1 0
axonflow/platform/orchestrator/policy_api_repository.go:528.2,533.22 3 0
axonflow/platform/orchestrator/policy_api_repository.go:537.143,539.16 2 0
axonflow/platform/orchestrator/policy_api_repository.go:539.16,541.3 1 0
axonflow/platform/orchestrator/policy_api_repository.go:543.2,544.16 2 0
axonflow/platform/orchestrator/policy_api_repository.go:544.16,546.3 1 0
axonflow/platform/orchestrator/policy_api_repository.go:548.2,565.16 5 0
axonflow/platform/orchestrator/policy_api_repository.go:565.16,567.3 1 0
axonflow/platform/orchestrator/policy_api_repository.go:570.2,572.12 2 0
axonflow/platform/orchestrator/policy_api_repository.go:576.153,578.16 2 0
axonflow/platform/orchestrator/policy_api_repository.go:578.16,580.3 1 0
axonflow/platform/orchestrator/policy_api_repository.go:582.2,583.16 2 0
axonflow/platform/orchestrator/policy_api_repository.go:583.16,585.3 1 0
axonflow/platform/orchestrator/policy_api_repository.go:587.2,599.12 3 0
axonflow/platform/orchestrator/policy_api_repository.go:603.122,629.26 6 0
axonflow/platform/orchestrator/policy_api_repository.go:629.26,631.3 1 0
axonflow/platform/orchestrator/policy_api_repository.go:632.2,632.16 1 0
axonflow/platform/orchestrator/policy_api_repository.go:632.16,634.3 1 0
axonflow/platform/orchestrator/policy_api_repository.go:636.2,643.20 7 0
axonflow/platform/orchestrator/policy_api_repository.go:647.177,662.16 3 0
axonflow/platform/orchestrator/policy_api_repository.go:662.16,665.3 2 0
axonflow/platform/orchestrator/policy_api_repository.go:667.2,678.16 3 0
axonflow/platform/orchestrator/policy_api_repository.go:678.16,680.3 1 0
axonflow/platform/orchestrator/policy_api_repository.go:686.108,712.26 6 0
axonflow/platform/orchestrator/policy_api_repository.go:712.26,714.3 1 0
axonflow/platform/orchestrator/policy_api_repository.go:715.2,715.16 1 0
axonflow/platform/orchestrator/policy_api_repository.go:715.16,717.3 1 0
axonflow/platform/orchestrator/policy_api_repository.go:719.2,726.20 7 0
axonflow/platform/orchestrator/policy_api_repository.go:730.93,733.80 3 0
axonflow/platform/orchestrator/policy_api_repository.go:733.80,735.3 1 0
axonflow/platform/orchestrator/policy_api_repository.go:736.2,736.19 1 0
axonflow/platform/orchestrator/policy_api_service.go:30.91,36.2 1 0
axonflow/platform/orchestrator/policy_api_service.go:39.121,45.2 1 0
axonflow/platform/orchestrator/policy_api_service.go:48.145,50.53 1 0
axonflow/platform/orchestrator/policy_api_service.go:50.53,52.3 1 0
axonflow/platform/orchestrator/policy_api_service.go:55.2,55.68 1 0
axonflow/platform/orchestrator/policy_api_service.go:55.68,57.3 1 0
axonflow/platform/orchestrator/policy_api_service.go:60.2,61.16 2 0
axonflow/platform/orchestrator/policy_api_service.go:61.16,63.3 1 0
axonflow/platform/orchestrator/policy_api_service.go:65.2,81.51 2 0
axonflow/platform/orchestrator/policy_api_service.go:81.51,83.3 1 0
axonflow/platform/orchestrator/policy_api_service.go:85.2,85.20 1 0
axonflow/platform/orchestrator/policy_api_service.go:89.108,91.2 1 0
axonflow/platform/orchestrator/policy_api_service.go:94.134,96.16 2 0
axonflow/platform/orchestrator/policy_api_service.go:96.16,98.3 1 0
axonflow/platform/orchestrator/policy_api_service.go:100.2,100.25 1 0
axonflow/platform/orchestrator/policy_api_service.go:100.25,102.3 1 0
axonflow/platform/orchestrator/policy_api_service.go:103.2,103.21 1 0
axonflow/platform/orchestrator/policy_api_service.go:103.21,105.3 1 0
axonflow/platform/orchestrator/policy_api_service.go:107.2,117.8 2 0
axonflow/platform/orchestrator/policy_api_service.go:121.155,123.53 1 0
axonflow/platform/orchestrator/policy_api_service.go:123.53,125.3 1 0
axonflow/platform/orchestrator/policy_api_service.go:128.2,128.73 1 0
axonflow/platform/orchestrator/policy_api_service.go:128.73,130.3 1 0
axonflow/platform/orchestrator/policy_api_service.go:132.2,132.63 1 0
axonflow/platform/orchestrator/policy_api_service.go:136.110,138.73 1 0
axonflow/platform/orchestrator/policy_api_service.go:138.73,140.3 1 0
axonflow/platform/orchestrator/policy_api_service.go:142.2,142.58 1 0
axonflow/platform/orchestrator/policy_api_service.go:146.137,149.16 2 0
axonflow/platform/orchestrator/policy_api_service.go:149.16,151.3 1 0
axonflow/platform/orchestrator/policy_api_service.go:152.2,152.19 1 0
axonflow/platform/orchestrator/policy_api_service.go:152.19,154.3 1 0
axonflow/platform/orchestrator/policy_api_service.go:156.2,166.13 4 0
axonflow/platform/orchestrator/policy_api_service.go:166.13,168.41 1 0
axonflow/platform/orchestrator/policy_api_service.go:168.41,174.30 2 0
axonflow/platform/orchestrator/policy_api_service.go:174.30,176.57 2 0
axonflow/platform/orchestrator/policy_api_service.go:176.57,178.6 1 0
axonflow/platform/orchestrator/policy_api_service.go:181.4,181.58 1 0
axonflow/platform/orchestrator/policy_api_service.go:184.3,185.40 1 0
axonflow/platform/orchestrator/policy_api_service.go:186.8,189.3 1 0
axonflow/platform/orchestrator/policy_api_service.go:191.2,191.22 1 0
axonflow/platform/orchestrator/policy_api_service.go:195.123,197.16 2 0
axonflow/platform/orchestrator/policy_api_service.go:197.16,199.3 1 0
axonflow/platform/orchestrator/policy_api_service.go:201.2,201.56 1 0
axonflow/platform/orchestrator/policy_api_service.go:205.111,207.16 2 0
axonflow/platform/orchestrator/policy_api_service.go:207.16,209.3 1 0
axonflow/platform/orchestrator/policy_api_service.go:211.2,215.8 1 0
axonflow/platform/orchestrator/policy_api_service.go:219.158,221.33 1 0
axonflow/platform/orchestrator/policy_api_service.go:221.33,222.53 1 0
axonflow/platform/orchestrator/policy_api_service.go:222.53,224.4 1 0
axonflow/platform/orchestrator/policy_api_service.go:227.2,228.16 2 0
axonflow/platform/orchestrator/policy_api_service.go:228.16,230.3 1 0
axonflow/platform/orchestrator/policy_api_service.go:232.2,232.73 1 0
axonflow/platform/orchestrator/policy_api_service.go:236.79,239.64 2 0
axonflow/platform/orchestrator/policy_api_service.go:239.64,244.3 1 0
axonflow/platform/orchestrator/policy_api_service.go:246.2,246.32 1 0
axonflow/platform/orchestrator/policy_api_service.go:246.32,251.3 1 0
axonflow/platform/orchestrator/policy_api_service.go:253.2,253.20 1 0
axonflow/platform/orchestrator/policy_api_service.go:253.20,258.3 1 0
axonflow/platform/orchestrator/policy_api_service.go:258.8,258.51 1 0
axonflow/platform/orchestrator/policy_api_service.go:258.51,263.3 1 0
axonflow/platform/orchestrator/policy_api_service.go:265.2,265.30 1 0
axonflow/platform/orchestrator/policy_api_service.go:265.30,270.3 1 0
axonflow/platform/orchestrator/policy_api_service.go:270.8,271.39 1 0
axonflow/platform/orchestrator/policy_api_service.go:271.39,272.60 1 0
axonflow/platform/orchestrator/policy_api_service.go:272.60,277.5 1 0
axonflow/platform/orchestrator/policy_api_service.go:281.2,281.27 1 0
axonflow/platform/orchestrator/policy_api_service.go:281.27,286.3 1 0
axonflow/platform/orchestrator/policy_api_service.go:286.8,287.38 1 0
axonflow/platform/orchestrator/policy_api_service.go:287.38,288.63 1 0
axonflow/platform/orchestrator/policy_api_service.go:288.63,293.5 1 0
axonflow/platform/orchestrator/policy_api_service.go:297.2,297.45 1 0
axonflow/platform/orchestrator/policy_api_service.go:297.45,302.3 1 0
axonflow/platform/orchestrator/policy_api_service.go:304.2,304.21 1 0
axonflow/platform/orchestrator/policy_api_service.go:304.21,306.3 1 0
axonflow/platform/orchestrator/policy_api_service.go:308.2,308.12 1 0
axonflow/platform/orchestrator/policy_api_service.go:312.79,315.69 2 0
axonflow/platform/orchestrator/policy_api_service.go:315.69,320.3 1 0
axonflow/platform/orchestrator/policy_api_service.go:322.2,322.59 1 0
axonflow/platform/orchestrator/policy_api_service.go:322.59,327.3 1 0
axonflow/platform/orchestrator/policy_api_service.go:329.2,329.64 1 0
axonflow/platform/orchestrator/policy_api_service.go:329.64,334.3 1 0
axonflow/platform/orchestrator/policy_api_service.go:336.2,336.27 1 0
axonflow/platform/orchestrator/policy_api_service.go:336.27,337.39 1 0
axonflow/platform/orchestrator/policy_api_service.go:337.39,338.60 1 0
axonflow/platform/orchestrator/policy_api_service.go:338.60,343.5 1 0
axonflow/platform/orchestrator/policy_api_service.go:347.2,347.24 1 0
axonflow/platform/orchestrator/policy_api_service.go:347.24,348.38 1 0
axonflow/platform/orchestrator/policy_api_service.go:348.38,349.63 1 0
axonflow/platform/orchestrator/policy_api_service.go:349.63,354.5 1 0
axonflow/platform/orchestrator/policy_api_service.go:358.2,358.72 1 0
axonflow/platform/orchestrator/policy_api_service.go:358.72,363.3 1 0
axonflow/platform/orchestrator/policy_api_service.go:365.2,365.21 1 0
axonflow/platform/orchestrator/policy_api_service.go:365.21,367.3 1 0
axonflow/platform/orchestrator/policy_api_service.go:369.2,369.12 1 0
axonflow/platform/orchestrator/policy_api_service.go:373.58,374.41 1 0
axonflow/platform/orchestrator/policy_api_service.go:374.41,375.17 1 0
axonflow/platform/orchestrator/policy_api_service.go:375.17,377.4 1 0
axonflow/platform/orchestrator/policy_api_service.go:379.2,379.14 1 0
axonflow/platform/orchestrator/policy_api_service.go:383.71,384.22 1 0
axonflow/platform/orchestrator/policy_api_service.go:384.22,386.3 1 0
axonflow/platform/orchestrator/policy_api_service.go:388.2,388.25 1 0
axonflow/platform/orchestrator/policy_api_service.go:388.25,390.3 1 0
axonflow/platform/orchestrator/policy_api_service.go:393.2,394.42 2 0
axonflow/platform/orchestrator/policy_api_service.go:394.42,395.26 1 0
axonflow/platform/orchestrator/policy_api_service.go:395.26,397.9 2 0
axonflow/platform/orchestrator/policy_api_service.go:400.2,400.14 1 0
axonflow/platform/orchestrator/policy_api_service.go:400.14,402.3 1 0
axonflow/platform/orchestrator/policy_api_service.go:405.2,405.30 1 0
axonflow/platform/orchestrator/policy_api_service.go:405.30,406.41 1 0
axonflow/platform/orchestrator/policy_api_service.go:406.41,407.49 1 0
axonflow/platform/orchestrator/policy_api_service.go:407.49,409.5 1 0
axonflow/platform/orchestrator/policy_api_service.go:413.2,413.12 1 0
axonflow/platform/orchestrator/policy_api_service.go:417.67,419.45 2 0
axonflow/platform/orchestrator/policy_api_service.go:419.45,420.31 1 0
axonflow/platform/orchestrator/policy_api_service.go:420.31,422.9 2 0
axonflow/platform/orchestrator/policy_api_service.go:426.2,426.12 1 0
axonflow/platform/orchestrator/policy_api_service.go:426.12,428.3 1 0
axonflow/platform/orchestrator/policy_api_service.go:430.2,430.12 1 0
axonflow/platform/orchestrator/policy_api_service.go:434.103,435.34 1 0
axonflow/platform/orchestrator/policy_api_service.go:435.34,436.38 1 0
axonflow/platform/orchestrator/policy_api_service.go:436.38,438.4 1 0
axonflow/platform/orchestrator/policy_api_service.go:440.2,440.13 1 0
axonflow/platform/orchestrator/policy_api_service.go:444.94,448.9 2 0
axonflow/platform/orchestrator/policy_api_service.go:449.29,450.25 1 0
axonflow/platform/orchestrator/policy_api_service.go:451.36,452.31 1 0
axonflow/platform/orchestrator/policy_api_service.go:453.46,455.22 2 0
axonflow/platform/orchestrator/policy_api_service.go:455.22,457.4 1 0
axonflow/platform/orchestrator/policy_api_service.go:458.49,460.25 2 0
axonflow/platform/orchestrator/policy_api_service.go:460.25,462.4 1 0
axonflow/platform/orchestrator/policy_api_service.go:463.10,464.15 1 0
axonflow/platform/orchestrator/policy_api_service.go:468.2,468.66 1 0
axonflow/platform/orchestrator/policy_api_service.go:472.104,476.18 3 0
axonflow/platform/orchestrator/policy_api_service.go:477.16,478.29 1 0
axonflow/platform/orchestrator/policy_api_service.go:479.20,480.29 1 0
axonflow/platform/orchestrator/policy_api_service.go:481.18,482.79 1 0
axonflow/platform/orchestrator/policy_api_service.go:483.22,484.80 1 0
axonflow/platform/orchestrator/policy_api_service.go:485.22,486.55 1 0
axonflow/platform/orchestrator/policy_api_service.go:486.55,487.29 1 0
axonflow/platform/orchestrator/policy_api_service.go:487.29,488.91 1 0
axonflow/platform/orchestrator/policy_api_service.go:488.91,490.6 1 0
axonflow/platform/orchestrator/policy_api_service.go:493.3,493.15 1 0
axonflow/platform/orchestrator/policy_api_service.go:494.15,495.49 1 0
axonflow/platform/orchestrator/policy_api_service.go:495.49,497.18 2 0
axonflow/platform/orchestrator/policy_api_service.go:497.18,499.5 1 0
axonflow/platform/orchestrator/policy_api_service.go:500.4,500.35 1 0
axonflow/platform/orchestrator/policy_api_service.go:502.3,502.15 1 0
axonflow/platform/orchestrator/policy_api_service.go:503.12,504.55 1 0
axonflow/platform/orchestrator/policy_api_service.go:504.55,505.29 1 0
axonflow/platform/orchestrator/policy_api_service.go:505.29,506.41 1 0
axonflow/platform/orchestrator/policy_api_service.go:506.41,508.6 1 0
axonflow/platform/orchestrator/policy_api_service.go:511.3,511.15 1 0
axonflow/platform/orchestrator/policy_api_service.go:512.16,513.55 1 0
axonflow/platform/orchestrator/policy_api_service.go:513.55,514.29 1 0
axonflow/platform/orchestrator/policy_api_service.go:514.29,515.41 1 0
axonflow/platform/orchestrator/policy_api_service.go:515.41,517.6 1 0
axonflow/platform/orchestrator/policy_api_service.go:520.3,520.14 1 0
axonflow/platform/orchestrator/policy_api_service.go:521.10,522.15 1 0
axonflow/platform/orchestrator/policy_api_service.go:531.42,533.31 2 0
axonflow/platform/orchestrator/policy_api_service.go:533.31,535.3 1 0
axonflow/platform/orchestrator/policy_api_service.go:536.2,536.33 1 0
axonflow/platform/orchestrator/policy_api_service.go:540.117,542.16 2 0
axonflow/platform/orchestrator/policy_api_service.go:542.16,544.3 1 0
axonflow/platform/orchestrator/policy_api_service.go:547.2,547.24 1 0
axonflow/platform/orchestrator/policy_api_service.go:547.24,549.3 1 0
axonflow/platform/orchestrator/policy_api_service.go:552.2,552.66 1 0
axonflow/platform/orchestrator/policy_api_service.go:552.66,554.3 1 0
axonflow/platform/orchestrator/policy_api_service.go:557.2,557.60 1 0
axonflow/platform/orchestrator/policy_api_service.go:557.60,559.17 2 0
axonflow/platform/orchestrator/policy_api_service.go:559.17,561.4 1 0
axonflow/platform/orchestrator/policy_api_service.go:562.3,562.36 1 0
axonflow/platform/orchestrator/policy_api_service.go:562.36,567.4 1 0
axonflow/platform/orchestrator/policy_api_service.go:570.2,570.12 1 0
axonflow/platform/orchestrator/policy_api_service.go:575.101,577.16 2 0
axonflow/platform/orchestrator/policy_api_service.go:577.16,579.3 1 0
axonflow/platform/orchestrator/policy_api_service.go:580.2,580.19 1 0
axonflow/platform/orchestrator/policy_api_service.go:580.19,582.3 1 0
axonflow/platform/orchestrator/policy_api_service.go:584.2,584.31 1 0
axonflow/platform/orchestrator/policy_api_service.go:584.31,586.3 1 0
axonflow/platform/orchestrator/policy_api_service.go:588.2,588.12 1 0
axonflow/platform/orchestrator/policy_defaults.go:19.51,388.2 2 0
axonflow/platform/orchestrator/policy_tier_support.go:33.53,35.2 1 0
axonflow/platform/orchestrator/policy_tier_support.go:44.48,48.2 1 0
axonflow/platform/orchestrator/policy_tier_support.go:52.49,54.43 1 0
axonflow/platform/orchestrator/policy_tier_support.go:54.43,56.3 1 0
axonflow/platform/orchestrator/policy_tier_support.go:57.2,57.13 1 0
axonflow/platform/orchestrator/policy_tier_support.go:67.46,69.2 1 0
axonflow/platform/orchestrator/policy_tier_support.go:72.44,75.2 2 0
axonflow/platform/orchestrator/policy_tier_support.go:78.72,83.2 1 0
axonflow/platform/orchestrator/replay_adapter.go:19.77,21.2 1 0
axonflow/platform/orchestrator/replay_adapter.go:24.154,26.2 1 0
axonflow/platform/orchestrator/replay_adapter.go:29.101,30.21 1 0
axonflow/platform/orchestrator/replay_adapter.go:30.21,32.3 1 0
axonflow/platform/orchestrator/replay_adapter.go:35.2,55.48 2 0
axonflow/platform/orchestrator/replay_adapter.go:59.126,61.2 1 0
axonflow/platform/orchestrator/replay_adapter.go:64.112,66.2 1 0
axonflow/platform/orchestrator/response_processor.go:79.48,90.61 2 0
axonflow/platform/orchestrator/response_processor.go:90.61,94.3 3 0
axonflow/platform/orchestrator/response_processor.go:96.2,96.11 1 0
axonflow/platform/orchestrator/response_processor.go:100.103,111.61 2 0
axonflow/platform/orchestrator/response_processor.go:111.61,114.3 2 0
axonflow/platform/orchestrator/response_processor.go:116.2,116.11 1 0
axonflow/platform/orchestrator/response_processor.go:121.93,124.2 2 0
axonflow/platform/orchestrator/response_processor.go:127.62,129.2 1 0
axonflow/platform/orchestrator/response_processor.go:132.66,134.2 1 0
axonflow/platform/orchestrator/response_processor.go:137.137,140.80 2 0
axonflow/platform/orchestrator/response_processor.go:140.80,143.3 1 0
axonflow/platform/orchestrator/response_processor.go:145.2,150.54 3 0
axonflow/platform/orchestrator/response_processor.go:150.54,152.3 1 0
axonflow/platform/orchestrator/response_processor.go:152.8,156.3 2 0
axonflow/platform/orchestrator/response_processor.go:159.2,159.57 1 0
axonflow/platform/orchestrator/response_processor.go:159.57,166.3 2 0
axonflow/platform/orchestrator/response_processor.go:169.2,171.36 2 0
axonflow/platform/orchestrator/response_processor.go:176.140,195.46 3 0
axonflow/platform/orchestrator/response_processor.go:195.46,197.3 1 0
axonflow/platform/orchestrator/response_processor.go:199.2,202.38 2 0
axonflow/platform/orchestrator/response_processor.go:206.77,213.59 3 0
axonflow/platform/orchestrator/response_processor.go:213.59,216.34 2 0
axonflow/platform/orchestrator/response_processor.go:216.34,218.4 1 0
axonflow/platform/orchestrator/response_processor.go:219.8,221.56 1 0
axonflow/platform/orchestrator/response_processor.go:221.56,223.24 2 0
axonflow/platform/orchestrator/response_processor.go:223.24,225.5 1 0
axonflow/platform/orchestrator/response_processor.go:230.2,230.54 1 0
axonflow/platform/orchestrator/response_processor.go:230.54,232.3 1 0
axonflow/platform/orchestrator/response_processor.go:234.2,234.17 1 0
axonflow/platform/orchestrator/response_processor.go:240.86,241.34 1 0
axonflow/platform/orchestrator/response_processor.go:241.34,243.3 1 0
axonflow/platform/orchestrator/response_processor.go:245.2,246.49 2 0
axonflow/platform/orchestrator/response_processor.go:250.103,251.31 1 0
axonflow/platform/orchestrator/response_processor.go:251.31,254.112 2 0
axonflow/platform/orchestrator/response_processor.go:254.112,256.4 1 0
axonflow/platform/orchestrator/response_processor.go:259.3,259.28 1 0
axonflow/platform/orchestrator/response_processor.go:260.31,261.33 1 0
axonflow/platform/orchestrator/response_processor.go:262.22,263.27 1 0
axonflow/platform/orchestrator/response_processor.go:263.27,264.57 1 0
axonflow/platform/orchestrator/response_processor.go:264.57,266.6 1 0
axonflow/platform/orchestrator/response_processor.go:268.15,270.57 1 0
axonflow/platform/orchestrator/response_processor.go:270.57,271.31 1 0
axonflow/platform/orchestrator/response_processor.go:271.31,273.6 1 0
axonflow/platform/orchestrator/response_processor.go:280.144,294.2 4 0
axonflow/platform/orchestrator/response_processor.go:297.75,308.46 3 0
axonflow/platform/orchestrator/response_processor.go:308.46,309.60 1 0
axonflow/platform/orchestrator/response_processor.go:309.60,311.4 1 0
axonflow/platform/orchestrator/response_processor.go:315.2,315.26 1 0
axonflow/platform/orchestrator/response_processor.go:315.26,317.3 1 0
axonflow/platform/orchestrator/response_processor.go:319.2,319.16 1 0
axonflow/platform/orchestrator/response_processor.go:323.145,325.26 1 0
axonflow/platform/orchestrator/response_processor.go:326.14,327.58 1 0
axonflow/platform/orchestrator/response_processor.go:328.30,329.55 1 0
axonflow/platform/orchestrator/response_processor.go:330.21,331.57 1 0
axonflow/platform/orchestrator/response_processor.go:332.10,333.14 1 0
axonflow/platform/orchestrator/response_processor.go:338.134,341.43 2 0
axonflow/platform/orchestrator/response_processor.go:341.43,342.40 1 0
axonflow/platform/orchestrator/response_processor.go:342.40,344.33 2 0
axonflow/platform/orchestrator/response_processor.go:344.33,345.42 1 0
axonflow/platform/orchestrator/response_processor.go:345.42,349.49 4 0
axonflow/platform/orchestrator/response_processor.go:349.49,351.7 1 0
axonflow/platform/orchestrator/response_processor.go:357.2,357.17 1 0
axonflow/platform/orchestrator/response_processor.go:361.163,364.28 2 0
axonflow/platform/orchestrator/response_processor.go:364.28,366.43 1 0
axonflow/platform/orchestrator/response_processor.go:366.43,371.4 4 0
axonflow/platform/orchestrator/response_processor.go:371.9,373.4 1 0
axonflow/platform/orchestrator/response_processor.go:376.2,376.17 1 0
axonflow/platform/orchestrator/response_processor.go:380.147,383.25 2 0
axonflow/platform/orchestrator/response_processor.go:383.25,385.3 1 0
axonflow/platform/orchestrator/response_processor.go:387.2,387.17 1 0
axonflow/platform/orchestrator/response_processor.go:391.81,392.31 1 0
axonflow/platform/orchestrator/response_processor.go:392.31,394.3 1 0
axonflow/platform/orchestrator/response_processor.go:395.2,395.38 1 0
axonflow/platform/orchestrator/response_processor.go:399.91,412.46 3 0
axonflow/platform/orchestrator/response_processor.go:412.46,413.79 1 0
axonflow/platform/orchestrator/response_processor.go:413.79,415.4 1 0
axonflow/platform/orchestrator/response_processor.go:418.2,418.14 1 0
axonflow/platform/orchestrator/response_processor.go:422.70,423.41 1 0
axonflow/platform/orchestrator/response_processor.go:423.41,424.46 1 0
axonflow/platform/orchestrator/response_processor.go:424.46,426.4 1 0
axonflow/platform/orchestrator/response_processor.go:428.2,428.12 1 0
axonflow/platform/orchestrator/response_processor.go:432.95,435.50 2 0
axonflow/platform/orchestrator/response_processor.go:435.50,437.30 2 0
axonflow/platform/orchestrator/response_processor.go:437.30,439.4 1 0
axonflow/platform/orchestrator/response_processor.go:443.2,446.3 1 0
axonflow/platform/orchestrator/response_processor.go:450.46,452.2 1 0
axonflow/platform/orchestrator/response_processor.go:455.36,466.2 1 0
axonflow/platform/orchestrator/response_processor.go:469.30,481.2 1 0
axonflow/platform/orchestrator/response_processor.go:483.66,484.64 1 0
axonflow/platform/orchestrator/response_processor.go:484.64,486.3 1 0
axonflow/platform/orchestrator/response_processor.go:487.2,487.41 1 0
axonflow/platform/orchestrator/response_processor.go:497.55,498.47 1 0
axonflow/platform/orchestrator/response_processor.go:498.47,500.3 1 0
axonflow/platform/orchestrator/response_processor.go:501.2,501.22 1 0
axonflow/platform/orchestrator/response_processor.go:504.51,506.2 1 0
axonflow/platform/orchestrator/response_processor.go:510.55,513.2 1 0
axonflow/platform/orchestrator/response_processor.go:515.51,517.2 1 0
axonflow/platform/orchestrator/response_processor.go:521.55,523.2 1 0
axonflow/platform/orchestrator/response_processor.go:525.51,527.2 1 0
axonflow/platform/orchestrator/response_processor.go:530.46,535.86 1 0
axonflow/platform/orchestrator/response_processor.go:535.86,539.6 1 0
axonflow/platform/orchestrator/response_processor.go:543.86,545.56 2 0
axonflow/platform/orchestrator/response_processor.go:545.56,547.7 1 0
axonflow/platform/orchestrator/response_processor.go:548.6,548.48 1 0
axonflow/platform/orchestrator/response_processor.go:548.48,549.42 1 0
axonflow/platform/orchestrator/response_processor.go:549.42,551.8 1 0
axonflow/platform/orchestrator/response_processor.go:553.6,553.21 1 0
axonflow/platform/orchestrator/response_processor.go:561.51,565.48 1 0
axonflow/platform/orchestrator/response_processor.go:565.48,566.42 1 0
axonflow/platform/orchestrator/response_processor.go:566.42,568.6 1 0
axonflow/platform/orchestrator/response_processor.go:569.5,569.15 1 0
axonflow/platform/orchestrator/response_processor.go:574.48,578.43 3 0
axonflow/platform/orchestrator/response_processor.go:578.43,579.61 1 0
axonflow/platform/orchestrator/response_processor.go:579.61,581.7 1 0
axonflow/platform/orchestrator/response_processor.go:583.5,583.15 1 0
axonflow/platform/orchestrator/response_processor.go:588.48,590.31 2 0
axonflow/platform/orchestrator/response_processor.go:590.31,592.6 1 0
axonflow/platform/orchestrator/response_processor.go:593.5,593.15 1 0
axonflow/platform/orchestrator/result_aggregator.go:28.71,32.2 1 0
axonflow/platform/orchestrator/result_aggregator.go:35.151,43.33 4 0
axonflow/platform/orchestrator/result_aggregator.go:43.33,45.3 1 0
axonflow/platform/orchestrator/result_aggregator.go:47.2,61.16 5 0
axonflow/platform/orchestrator/result_aggregator.go:61.16,65.3 2 0
axonflow/platform/orchestrator/result_aggregator.go:68.2,69.16 2 0
axonflow/platform/orchestrator/result_aggregator.go:69.16,72.3 2 0
axonflow/platform/orchestrator/result_aggregator.go:74.2,77.25 3 0
axonflow/platform/orchestrator/result_aggregator.go:81.93,84.33 2 0
axonflow/platform/orchestrator/result_aggregator.go:84.33,85.59 1 0
axonflow/platform/orchestrator/result_aggregator.go:85.59,87.4 1 0
axonflow/platform/orchestrator/result_aggregator.go:90.2,90.19 1 0
axonflow/platform/orchestrator/result_aggregator.go:94.103,102.33 5 0
axonflow/platform/orchestrator/result_aggregator.go:102.33,108.50 4 0
axonflow/platform/orchestrator/result_aggregator.go:108.50,109.53 1 0
axonflow/platform/orchestrator/result_aggregator.go:109.53,111.5 1 0
axonflow/platform/orchestrator/result_aggregator.go:111.10,111.45 1 0
axonflow/platform/orchestrator/result_aggregator.go:111.45,113.5 1 0
axonflow/platform/orchestrator/result_aggregator.go:113.10,115.5 1 0
axonflow/platform/orchestrator/result_aggregator.go:116.9,119.4 1 0
axonflow/platform/orchestrator/result_aggregator.go:121.3,121.34 1 0
axonflow/platform/orchestrator/result_aggregator.go:124.2,132.31 8 0
axonflow/platform/orchestrator/result_aggregator.go:136.91,138.48 1 0
axonflow/platform/orchestrator/result_aggregator.go:138.48,140.3 1 0
axonflow/platform/orchestrator/result_aggregator.go:143.2,143.38 1 0
axonflow/platform/orchestrator/result_aggregator.go:143.38,145.3 1 0
axonflow/platform/orchestrator/result_aggregator.go:147.2,147.65 1 0
axonflow/platform/orchestrator/result_aggregator.go:151.102,156.33 3 0
axonflow/platform/orchestrator/result_aggregator.go:156.33,160.58 2 0
axonflow/platform/orchestrator/result_aggregator.go:160.58,161.56 1 0
axonflow/platform/orchestrator/result_aggregator.go:161.56,163.5 1 0
axonflow/platform/orchestrator/result_aggregator.go:163.10,163.53 1 0
axonflow/platform/orchestrator/result_aggregator.go:163.53,165.5 1 0
axonflow/platform/orchestrator/result_aggregator.go:165.10,167.5 1 0
axonflow/platform/orchestrator/result_aggregator.go:168.9,171.4 1 0
axonflow/platform/orchestrator/result_aggregator.go:174.2,177.24 3 0
axonflow/platform/orchestrator/result_aggregator.go:181.159,185.33 2 0
axonflow/platform/orchestrator/result_aggregator.go:185.33,187.3 1 0
axonflow/platform/orchestrator/result_aggregator.go:190.2,198.16 3 0
axonflow/platform/orchestrator/result_aggregator.go:198.16,200.3 1 0
axonflow/platform/orchestrator/result_aggregator.go:202.2,202.45 1 0
axonflow/platform/orchestrator/result_aggregator.go:206.45,208.2 1 0
axonflow/platform/orchestrator/result_aggregator.go:211.90,219.33 2 0
axonflow/platform/orchestrator/result_aggregator.go:219.33,220.24 1 0
axonflow/platform/orchestrator/result_aggregator.go:221.20,222.27 1 0
axonflow/platform/orchestrator/result_aggregator.go:223.17,224.23 1 0
axonflow/platform/orchestrator/result_aggregator.go:228.3,228.74 1 0
axonflow/platform/orchestrator/result_aggregator.go:228.74,230.4 1 0
axonflow/platform/orchestrator/result_aggregator.go:233.2,233.26 1 0
axonflow/platform/orchestrator/result_aggregator.go:233.26,235.3 1 0
axonflow/platform/orchestrator/result_aggregator.go:237.2,237.14 1 0
axonflow/platform/orchestrator/rls.go:42.73,43.15 1 0
axonflow/platform/orchestrator/rls.go:43.15,46.3 1 0
axonflow/platform/orchestrator/rls.go:48.2,48.17 1 0
axonflow/platform/orchestrator/rls.go:48.17,50.3 1 0
axonflow/platform/orchestrator/rls.go:53.2,59.16 4 0
axonflow/platform/orchestrator/rls.go:59.16,62.3 2 0
axonflow/platform/orchestrator/rls.go:64.2,65.12 2 0
axonflow/platform/orchestrator/rls.go:71.55,72.15 1 0
axonflow/platform/orchestrator/rls.go:72.15,74.3 1 0
axonflow/platform/orchestrator/rls.go:77.2,82.16 4 0
axonflow/platform/orchestrator/rls.go:82.16,85.3 1 0
axonflow/platform/orchestrator/rls.go:85.8,87.3 1 0
axonflow/platform/orchestrator/rls.go:97.91,99.54 1 0
axonflow/platform/orchestrator/rls.go:99.54,101.3 1 0
axonflow/platform/orchestrator/rls.go:104.2,107.15 2 0
axonflow/platform/orchestrator/rls.go:112.71,113.15 1 0
axonflow/platform/orchestrator/rls.go:113.15,115.3 1 0
axonflow/platform/orchestrator/rls.go:117.2,119.16 3 0
axonflow/platform/orchestrator/rls.go:119.16,121.3 1 0
axonflow/platform/orchestrator/rls.go:123.2,123.40 1 0
axonflow/platform/orchestrator/rls.go:123.40,125.3 1 0
axonflow/platform/orchestrator/rls.go:127.2,127.26 1 0
axonflow/platform/orchestrator/rls.go:132.87,133.15 1 0
axonflow/platform/orchestrator/rls.go:133.15,135.3 1 0
axonflow/platform/orchestrator/rls.go:137.2,145.26 4 0
axonflow/platform/orchestrator/rls.go:145.26,147.3 1 0
axonflow/platform/orchestrator/rls.go:148.2,148.16 1 0
axonflow/platform/orchestrator/rls.go:148.16,150.3 1 0
axonflow/platform/orchestrator/rls.go:152.2,152.24 1 0
axonflow/platform/orchestrator/rls.go:164.70,165.15 1 0
axonflow/platform/orchestrator/rls.go:165.15,167.3 1 0
axonflow/platform/orchestrator/rls.go:169.2,177.16 3 0
axonflow/platform/orchestrator/rls.go:177.16,179.3 1 0
axonflow/platform/orchestrator/rls.go:182.2,187.16 2 0
axonflow/platform/orchestrator/rls.go:187.16,189.3 1 0
axonflow/platform/orchestrator/rls.go:192.2,198.16 2 0
axonflow/platform/orchestrator/rls.go:198.16,200.3 1 0
axonflow/platform/orchestrator/rls.go:201.2,201.15 1 0
axonflow/platform/orchestrator/rls.go:201.15,201.35 1 0
axonflow/platform/orchestrator/rls.go:203.2,203.18 1 0
axonflow/platform/orchestrator/rls.go:203.18,205.47 2 0
axonflow/platform/orchestrator/rls.go:205.47,207.4 1 0
axonflow/platform/orchestrator/rls.go:208.3,208.63 1 0
axonflow/platform/orchestrator/rls.go:211.2,211.19 1 0
axonflow/platform/orchestrator/rls.go:216.60,217.15 1 0
axonflow/platform/orchestrator/rls.go:217.15,219.3 1 0
axonflow/platform/orchestrator/rls.go:222.2,223.33 2 0
axonflow/platform/orchestrator/rls.go:223.33,233.17 3 0
axonflow/platform/orchestrator/rls.go:233.17,235.4 1 0
axonflow/platform/orchestrator/rls.go:237.3,237.14 1 0
axonflow/platform/orchestrator/rls.go:237.14,239.4 1 0
axonflow/platform/orchestrator/rls.go:244.2,251.39 2 0
axonflow/platform/orchestrator/rls.go:251.39,253.17 2 0
axonflow/platform/orchestrator/rls.go:253.17,255.4 1 0
axonflow/platform/orchestrator/rls.go:257.3,257.15 1 0
axonflow/platform/orchestrator/rls.go:257.15,259.4 1 0
axonflow/platform/orchestrator/rls.go:263.2,264.16 2 0
axonflow/platform/orchestrator/rls.go:264.16,266.3 1 0
axonflow/platform/orchestrator/rls.go:268.2,269.12 2 0
axonflow/platform/orchestrator/run.go:191.13,198.2 5 1
axonflow/platform/orchestrator/run.go:276.38,299.33 10 0
axonflow/platform/orchestrator/run.go:299.33,301.3 1 0
axonflow/platform/orchestrator/run.go:304.2,310.28 6 0
axonflow/platform/orchestrator/run.go:310.28,312.3 1 0
axonflow/platform/orchestrator/run.go:313.2,313.31 1 0
axonflow/platform/orchestrator/run.go:313.31,315.3 1 0
axonflow/platform/orchestrator/run.go:316.2,316.32 1 0
axonflow/platform/orchestrator/run.go:316.32,318.3 1 0
axonflow/platform/orchestrator/run.go:319.2,319.33 1 0
axonflow/platform/orchestrator/run.go:319.33,321.3 1 0
axonflow/platform/orchestrator/run.go:322.2,322.28 1 0
axonflow/platform/orchestrator/run.go:322.28,324.3 1 0
axonflow/platform/orchestrator/run.go:325.2,325.63 1 0
axonflow/platform/orchestrator/run.go:325.63,327.3 1 0
axonflow/platform/orchestrator/run.go:329.2,329.15 1 0
axonflow/platform/orchestrator/run.go:332.24,333.11 1 0
axonflow/platform/orchestrator/run.go:333.11,335.3 1 0
axonflow/platform/orchestrator/run.go:336.2,336.10 1 0
axonflow/platform/orchestrator/run.go:351.12,358.29 3 0
axonflow/platform/orchestrator/run.go:358.29,360.3 1 0
axonflow/platform/orchestrator/run.go:361.2,361.24 1 0
axonflow/platform/orchestrator/run.go:361.24,363.3 1 0
axonflow/platform/orchestrator/run.go:366.2,435.36 37 0
axonflow/platform/orchestrator/run.go:435.36,438.3 2 0
axonflow/platform/orchestrator/run.go:442.2,442.66 1 0
axonflow/platform/orchestrator/run.go:442.66,446.3 3 0
axonflow/platform/orchestrator/run.go:450.2,450.34 1 0
axonflow/platform/orchestrator/run.go:450.34,453.3 2 0
axonflow/platform/orchestrator/run.go:456.2,456.23 1 0
axonflow/platform/orchestrator/run.go:456.23,459.3 2 0
axonflow/platform/orchestrator/run.go:462.2,462.22 1 0
axonflow/platform/orchestrator/run.go:462.22,465.3 2 0
axonflow/platform/orchestrator/run.go:468.2,468.26 1 0
axonflow/platform/orchestrator/run.go:468.26,471.3 2 0
axonflow/platform/orchestrator/run.go:474.2,474.26 1 0
axonflow/platform/orchestrator/run.go:474.26,477.3 2 0
axonflow/platform/orchestrator/run.go:480.2,480.24 1 0
axonflow/platform/orchestrator/run.go:480.24,483.3 2 0
axonflow/platform/orchestrator/run.go:486.2,489.51 4 0
axonflow/platform/orchestrator/run.go:492.29,505.38 8 0
axonflow/platform/orchestrator/run.go:505.38,507.19 1 0
axonflow/platform/orchestrator/run.go:507.19,509.4 1 0
axonflow/platform/orchestrator/run.go:510.3,510.19 1 0
axonflow/platform/orchestrator/run.go:510.19,512.4 1 0
axonflow/platform/orchestrator/run.go:513.3,513.19 1 0
axonflow/platform/orchestrator/run.go:513.19,515.4 1 0
axonflow/platform/orchestrator/run.go:516.3,516.22 1 0
axonflow/platform/orchestrator/run.go:516.22,518.4 1 0
axonflow/platform/orchestrator/run.go:520.3,522.93 2 0
axonflow/platform/orchestrator/run.go:525.2,525.17 1 0
axonflow/platform/orchestrator/run.go:525.17,617.17 5 0
axonflow/platform/orchestrator/run.go:617.17,620.4 2 0
axonflow/platform/orchestrator/run.go:620.9,620.47 1 0
axonflow/platform/orchestrator/run.go:620.47,624.4 3 0
axonflow/platform/orchestrator/run.go:624.9,626.4 1 0
axonflow/platform/orchestrator/run.go:627.8,630.3 2 0
axonflow/platform/orchestrator/run.go:633.2,633.20 1 0
axonflow/platform/orchestrator/run.go:633.20,636.23 2 0
axonflow/platform/orchestrator/run.go:636.23,638.4 1 0
axonflow/platform/orchestrator/run.go:639.3,645.18 4 0
axonflow/platform/orchestrator/run.go:645.18,657.54 3 0
axonflow/platform/orchestrator/run.go:657.54,659.5 1 0
axonflow/platform/orchestrator/run.go:659.10,661.5 1 0
axonflow/platform/orchestrator/run.go:664.4,664.50 1 0
axonflow/platform/orchestrator/run.go:664.50,669.5 4 0
axonflow/platform/orchestrator/run.go:670.9,673.4 1 0
axonflow/platform/orchestrator/run.go:678.2,688.16 6 0
axonflow/platform/orchestrator/run.go:688.16,693.3 4 0
axonflow/platform/orchestrator/run.go:693.8,696.3 2 0
axonflow/platform/orchestrator/run.go:699.2,701.20 3 0
axonflow/platform/orchestrator/run.go:701.20,703.3 1 0
axonflow/platform/orchestrator/run.go:705.2,713.16 4 0
axonflow/platform/orchestrator/run.go:713.16,715.3 1 0
axonflow/platform/orchestrator/run.go:715.8,715.60 1 0
axonflow/platform/orchestrator/run.go:715.60,717.3 1 0
axonflow/platform/orchestrator/run.go:717.8,719.40 2 0
axonflow/platform/orchestrator/run.go:719.40,720.47 1 0
axonflow/platform/orchestrator/run.go:720.47,722.5 1 0
axonflow/platform/orchestrator/run.go:730.3,732.45 3 0
axonflow/platform/orchestrator/run.go:732.45,734.63 1 0
axonflow/platform/orchestrator/run.go:734.63,735.57 1 0
axonflow/platform/orchestrator/run.go:735.57,737.6 1 0
axonflow/platform/orchestrator/run.go:739.4,739.86 1 0
axonflow/platform/orchestrator/run.go:740.9,743.63 2 0
axonflow/platform/orchestrator/run.go:743.63,745.5 1 0
axonflow/platform/orchestrator/run.go:750.3,766.35 6 0
axonflow/platform/orchestrator/run.go:766.35,768.4 1 0
axonflow/platform/orchestrator/run.go:768.9,770.4 1 0
axonflow/platform/orchestrator/run.go:774.2,775.34 2 0
axonflow/platform/orchestrator/run.go:775.34,777.3 1 0
axonflow/platform/orchestrator/run.go:777.8,779.3 1 0
axonflow/platform/orchestrator/run.go:782.2,808.27 11 0
axonflow/platform/orchestrator/run.go:808.27,810.3 1 0
axonflow/platform/orchestrator/run.go:810.8,813.3 2 0
axonflow/platform/orchestrator/run.go:816.2,817.29 2 0
axonflow/platform/orchestrator/run.go:817.29,820.3 2 0
axonflow/platform/orchestrator/run.go:820.8,822.3 1 0
axonflow/platform/orchestrator/run.go:825.2,826.29 2 0
axonflow/platform/orchestrator/run.go:826.29,829.3 2 0
axonflow/platform/orchestrator/run.go:829.8,831.3 1 0
axonflow/platform/orchestrator/run.go:834.2,841.28 6 0
axonflow/platform/orchestrator/run.go:841.28,844.3 2 0
axonflow/platform/orchestrator/run.go:844.8,846.3 1 0
axonflow/platform/orchestrator/run.go:847.2,852.20 4 0
axonflow/platform/orchestrator/run.go:852.20,856.77 3 0
axonflow/platform/orchestrator/run.go:856.77,861.4 2 0
axonflow/platform/orchestrator/run.go:862.3,884.28 15 0
axonflow/platform/orchestrator/run.go:884.28,888.4 3 0
axonflow/platform/orchestrator/run.go:889.3,914.21 17 0
axonflow/platform/orchestrator/run.go:914.21,916.4 1 0
axonflow/platform/orchestrator/run.go:916.9,916.36 1 0
axonflow/platform/orchestrator/run.go:916.36,918.4 1 0
axonflow/platform/orchestrator/run.go:918.9,920.4 1 0
axonflow/platform/orchestrator/run.go:923.3,928.20 6 0
axonflow/platform/orchestrator/run.go:928.20,930.4 1 0
axonflow/platform/orchestrator/run.go:930.9,930.35 1 0
axonflow/platform/orchestrator/run.go:930.35,932.4 1 0
axonflow/platform/orchestrator/run.go:932.9,934.4 1 0
axonflow/platform/orchestrator/run.go:937.3,946.24 5 0
axonflow/platform/orchestrator/run.go:946.24,948.4 1 0
axonflow/platform/orchestrator/run.go:948.9,948.39 1 0
axonflow/platform/orchestrator/run.go:948.39,950.4 1 0
axonflow/platform/orchestrator/run.go:950.9,952.4 1 0
axonflow/platform/orchestrator/run.go:953.8,959.3 5 0
axonflow/platform/orchestrator/run.go:962.60,972.27 2 0
axonflow/platform/orchestrator/run.go:972.27,974.3 1 0
axonflow/platform/orchestrator/run.go:975.2,975.29 1 0
axonflow/platform/orchestrator/run.go:975.29,977.3 1 0
axonflow/platform/orchestrator/run.go:980.2,980.23 1 0
axonflow/platform/orchestrator/run.go:980.23,982.3 1 0
axonflow/platform/orchestrator/run.go:983.2,983.22 1 0
axonflow/platform/orchestrator/run.go:983.22,985.3 1 0
axonflow/platform/orchestrator/run.go:986.2,986.26 1 0
axonflow/platform/orchestrator/run.go:986.26,988.3 1 0
axonflow/platform/orchestrator/run.go:990.2,1005.58 3 0
axonflow/platform/orchestrator/run.go:1005.58,1007.3 1 0
axonflow/platform/orchestrator/run.go:1010.68,1014.61 3 0
axonflow/platform/orchestrator/run.go:1014.61,1017.3 2 0
axonflow/platform/orchestrator/run.go:1020.2,1020.25 1 0
axonflow/platform/orchestrator/run.go:1020.25,1022.3 1 0
axonflow/platform/orchestrator/run.go:1025.2,1039.32 9 0
axonflow/platform/orchestrator/run.go:1039.32,1042.60 3 0
axonflow/platform/orchestrator/run.go:1042.60,1044.4 1 0
axonflow/platform/orchestrator/run.go:1045.3,1046.34 2 0
axonflow/platform/orchestrator/run.go:1051.2,1051.84 1 0
axonflow/platform/orchestrator/run.go:1051.84,1052.25 1 0
axonflow/platform/orchestrator/run.go:1052.25,1054.4 1 0
axonflow/platform/orchestrator/run.go:1055.3,1055.43 1 0
axonflow/platform/orchestrator/run.go:1055.43,1057.4 1 0
axonflow/platform/orchestrator/run.go:1058.3,1058.45 1 0
axonflow/platform/orchestrator/run.go:1058.45,1060.4 1 0
axonflow/platform/orchestrator/run.go:1061.3,1061.39 1 0
axonflow/platform/orchestrator/run.go:1061.39,1063.4 1 0
axonflow/platform/orchestrator/run.go:1064.3,1065.94 1 0
axonflow/platform/orchestrator/run.go:1068.2,1068.27 1 0
axonflow/platform/orchestrator/run.go:1068.27,1079.33 6 0
axonflow/platform/orchestrator/run.go:1079.33,1081.4 1 0
axonflow/platform/orchestrator/run.go:1083.3,1093.61 4 0
axonflow/platform/orchestrator/run.go:1093.61,1095.4 1 0
axonflow/platform/orchestrator/run.go:1096.3,1096.9 1 0
axonflow/platform/orchestrator/run.go:1101.2,1101.36 1 0
axonflow/platform/orchestrator/run.go:1101.36,1107.17 4 0
axonflow/platform/orchestrator/run.go:1107.17,1113.34 5 0
axonflow/platform/orchestrator/run.go:1113.34,1115.5 1 0
axonflow/platform/orchestrator/run.go:1116.4,1117.10 2 0
axonflow/platform/orchestrator/run.go:1121.3,1124.33 3 0
axonflow/platform/orchestrator/run.go:1124.33,1126.4 1 0
axonflow/platform/orchestrator/run.go:1128.3,1129.61 2 0
axonflow/platform/orchestrator/run.go:1129.61,1131.4 1 0
axonflow/platform/orchestrator/run.go:1132.3,1132.9 1 0
axonflow/platform/orchestrator/run.go:1136.2,1142.28 5 0
axonflow/platform/orchestrator/run.go:1142.28,1144.3 1 0
axonflow/platform/orchestrator/run.go:1145.2,1147.17 2 0
axonflow/platform/orchestrator/run.go:1147.17,1160.3 3 0
axonflow/platform/orchestrator/run.go:1160.8,1162.30 2 0
axonflow/platform/orchestrator/run.go:1162.30,1165.4 2 0
axonflow/platform/orchestrator/run.go:1165.9,1168.4 2 0
axonflow/platform/orchestrator/run.go:1169.3,1171.26 3 0
axonflow/platform/orchestrator/run.go:1171.26,1173.4 1 0
axonflow/platform/orchestrator/run.go:1174.3,1177.47 2 0
axonflow/platform/orchestrator/run.go:1177.47,1180.51 3 0
axonflow/platform/orchestrator/run.go:1180.51,1182.5 1 0
axonflow/platform/orchestrator/run.go:1183.4,1184.35 2 0
axonflow/platform/orchestrator/run.go:1187.3,1187.17 1 0
axonflow/platform/orchestrator/run.go:1187.17,1197.34 6 0
axonflow/platform/orchestrator/run.go:1197.34,1199.5 1 0
axonflow/platform/orchestrator/run.go:1201.4,1202.10 2 0
axonflow/platform/orchestrator/run.go:1207.2,1224.32 8 0
axonflow/platform/orchestrator/run.go:1224.32,1234.3 1 0
axonflow/platform/orchestrator/run.go:1237.2,1249.60 3 0
axonflow/platform/orchestrator/run.go:1249.60,1251.3 1 0
axonflow/platform/orchestrator/run.go:1254.68,1256.29 2 0
axonflow/platform/orchestrator/run.go:1256.29,1258.3 1 0
axonflow/platform/orchestrator/run.go:1258.8,1260.3 1 0
axonflow/platform/orchestrator/run.go:1262.2,1263.58 2 0
axonflow/platform/orchestrator/run.go:1263.58,1265.3 1 0
axonflow/platform/orchestrator/run.go:1268.75,1270.65 2 0
axonflow/platform/orchestrator/run.go:1270.65,1273.3 2 0
axonflow/platform/orchestrator/run.go:1276.2,1276.57 1 0
axonflow/platform/orchestrator/run.go:1276.57,1279.3 2 0
axonflow/platform/orchestrator/run.go:1281.2,1281.29 1 0
axonflow/platform/orchestrator/run.go:1281.29,1284.3 2 0
axonflow/platform/orchestrator/run.go:1286.2,1286.72 1 0
axonflow/platform/orchestrator/run.go:1286.72,1289.3 2 0
axonflow/platform/orchestrator/run.go:1291.2,1295.17 2 0
axonflow/platform/orchestrator/run.go:1295.17,1297.3 1 0
axonflow/platform/orchestrator/run.go:1301.64,1303.40 2 0
axonflow/platform/orchestrator/run.go:1303.40,1304.17 1 0
axonflow/platform/orchestrator/run.go:1304.17,1306.4 1 0
axonflow/platform/orchestrator/run.go:1307.3,1307.17 1 0
axonflow/platform/orchestrator/run.go:1307.17,1309.4 1 0
axonflow/platform/orchestrator/run.go:1310.3,1310.24 1 0
axonflow/platform/orchestrator/run.go:1312.2,1312.23 1 0
axonflow/platform/orchestrator/run.go:1312.23,1314.3 1 0
axonflow/platform/orchestrator/run.go:1315.2,1315.12 1 0
axonflow/platform/orchestrator/run.go:1318.73,1322.60 3 0
axonflow/platform/orchestrator/run.go:1322.60,1324.3 1 0
axonflow/platform/orchestrator/run.go:1327.64,1334.65 2 0
axonflow/platform/orchestrator/run.go:1334.65,1337.3 2 0
axonflow/platform/orchestrator/run.go:1340.2,1352.58 4 0
axonflow/platform/orchestrator/run.go:1352.58,1354.3 1 0
axonflow/platform/orchestrator/run.go:1357.61,1361.59 3 0
axonflow/platform/orchestrator/run.go:1361.59,1363.3 1 0
axonflow/platform/orchestrator/run.go:1367.83,1368.23 1 0
axonflow/platform/orchestrator/run.go:1368.23,1370.3 1 0
axonflow/platform/orchestrator/run.go:1372.2,1374.41 3 0
axonflow/platform/orchestrator/run.go:1374.41,1374.73 1 0
axonflow/platform/orchestrator/run.go:1376.2,1377.26 2 0
axonflow/platform/orchestrator/run.go:1377.26,1379.3 1 0
axonflow/platform/orchestrator/run.go:1381.2,1381.31 1 0
axonflow/platform/orchestrator/run.go:1384.56,1386.2 1 0
axonflow/platform/orchestrator/run.go:1388.56,1390.2 1 0
axonflow/platform/orchestrator/run.go:1392.56,1394.2 1 0
axonflow/platform/orchestrator/run.go:1396.60,1397.23 1 0
axonflow/platform/orchestrator/run.go:1397.23,1399.3 1 0
axonflow/platform/orchestrator/run.go:1401.2,1402.28 2 0
axonflow/platform/orchestrator/run.go:1402.28,1404.3 1 0
axonflow/platform/orchestrator/run.go:1406.2,1406.45 1 0
axonflow/platform/orchestrator/run.go:1410.74,1413.37 3 0
axonflow/platform/orchestrator/run.go:1413.37,1414.23 1 0
axonflow/platform/orchestrator/run.go:1414.23,1416.4 1 0
axonflow/platform/orchestrator/run.go:1418.2,1418.30 1 0
axonflow/platform/orchestrator/run.go:1422.153,1427.13 4 0
axonflow/platform/orchestrator/run.go:1427.13,1429.3 1 0
axonflow/platform/orchestrator/run.go:1429.8,1429.20 1 0
axonflow/platform/orchestrator/run.go:1429.20,1433.3 3 0
axonflow/platform/orchestrator/run.go:1433.8,1438.36 4 0
axonflow/platform/orchestrator/run.go:1438.36,1440.4 1 0
axonflow/platform/orchestrator/run.go:1442.3,1442.31 1 0
axonflow/platform/orchestrator/run.go:1442.31,1444.4 1 0
axonflow/platform/orchestrator/run.go:1448.2,1448.23 1 0
axonflow/platform/orchestrator/run.go:1448.23,1450.14 2 0
axonflow/platform/orchestrator/run.go:1450.14,1455.4 2 0
axonflow/platform/orchestrator/run.go:1456.3,1457.14 2 0
axonflow/platform/orchestrator/run.go:1457.14,1459.4 1 0
axonflow/platform/orchestrator/run.go:1459.9,1459.21 1 0
axonflow/platform/orchestrator/run.go:1459.21,1461.4 1 0
axonflow/platform/orchestrator/run.go:1461.9,1463.4 1 0
axonflow/platform/orchestrator/run.go:1464.3,1465.32 2 0
axonflow/platform/orchestrator/run.go:1465.32,1467.4 1 0
axonflow/platform/orchestrator/run.go:1471.2,1471.32 1 0
axonflow/platform/orchestrator/run.go:1471.32,1473.14 2 0
axonflow/platform/orchestrator/run.go:1473.14,1479.4 2 0
axonflow/platform/orchestrator/run.go:1480.3,1481.14 2 0
axonflow/platform/orchestrator/run.go:1481.14,1483.4 1 0
axonflow/platform/orchestrator/run.go:1483.9,1485.4 1 0
axonflow/platform/orchestrator/run.go:1486.3,1489.31 4 0
axonflow/platform/orchestrator/run.go:1489.31,1491.4 1 0
axonflow/platform/orchestrator/run.go:1496.67,1505.51 6 0
axonflow/platform/orchestrator/run.go:1505.51,1509.45 4 0
axonflow/platform/orchestrator/run.go:1509.45,1511.4 1 0
axonflow/platform/orchestrator/run.go:1515.2,1524.32 9 0
axonflow/platform/orchestrator/run.go:1524.32,1531.44 7 0
axonflow/platform/orchestrator/run.go:1531.44,1533.4 1 0
axonflow/platform/orchestrator/run.go:1534.3,1549.68 10 0
axonflow/platform/orchestrator/run.go:1549.68,1559.4 1 0
axonflow/platform/orchestrator/run.go:1562.3,1562.65 1 0
axonflow/platform/orchestrator/run.go:1562.65,1573.4 1 0
axonflow/platform/orchestrator/run.go:1574.3,1574.35 1 0
axonflow/platform/orchestrator/run.go:1575.8,1581.3 4 0
axonflow/platform/orchestrator/run.go:1584.2,1589.23 4 0
axonflow/platform/orchestrator/run.go:1589.23,1591.3 1 0
axonflow/platform/orchestrator/run.go:1594.2,1632.17 2 0
axonflow/platform/orchestrator/run.go:1632.17,1634.3 1 0
axonflow/platform/orchestrator/run.go:1637.65,1647.67 2 0
axonflow/platform/orchestrator/run.go:1647.67,1650.3 2 0
axonflow/platform/orchestrator/run.go:1652.2,1652.26 1 0
axonflow/platform/orchestrator/run.go:1652.26,1654.3 1 0
axonflow/platform/orchestrator/run.go:1656.2,1657.16 2 0
axonflow/platform/orchestrator/run.go:1657.16,1660.3 2 0
axonflow/platform/orchestrator/run.go:1662.2,1663.59 2 0
axonflow/platform/orchestrator/run.go:1663.59,1665.3 1 0
axonflow/platform/orchestrator/run.go:1668.69,1672.20 3 0
axonflow/platform/orchestrator/run.go:1672.20,1675.3 2 0
axonflow/platform/orchestrator/run.go:1678.2,1687.16 3 0
axonflow/platform/orchestrator/run.go:1687.16,1690.3 2 0
axonflow/platform/orchestrator/run.go:1692.2,1693.59 2 0
axonflow/platform/orchestrator/run.go:1693.59,1695.3 1 0
axonflow/platform/orchestrator/run.go:1698.78,1702.20 3 0
axonflow/platform/orchestrator/run.go:1702.20,1705.3 2 0
axonflow/platform/orchestrator/run.go:1708.2,1709.16 2 0
axonflow/platform/orchestrator/run.go:1709.16,1712.3 2 0
axonflow/platform/orchestrator/run.go:1714.2,1721.60 3 0
axonflow/platform/orchestrator/run.go:1721.60,1723.3 1 0
axonflow/platform/orchestrator/run.go:1727.79,1735.60 4 0
axonflow/platform/orchestrator/run.go:1735.60,1737.3 1 0
axonflow/platform/orchestrator/run.go:1740.46,1741.42 1 0
axonflow/platform/orchestrator/run.go:1741.42,1743.3 1 0
axonflow/platform/orchestrator/run.go:1744.2,1744.21 1 0
axonflow/platform/orchestrator/run.go:1747.33,1749.2 1 0
axonflow/platform/orchestrator/run.go:1751.46,1758.50 4 0
axonflow/platform/orchestrator/run.go:1758.50,1760.20 1 0
axonflow/platform/orchestrator/run.go:1760.20,1762.4 1 0
axonflow/platform/orchestrator/run.go:1763.3,1763.19 1 0
axonflow/platform/orchestrator/run.go:1766.2,1766.19 1 0
axonflow/platform/orchestrator/run.go:1766.19,1768.3 1 0
axonflow/platform/orchestrator/run.go:1769.2,1769.18 1 0
axonflow/platform/orchestrator/run.go:1776.52,1779.21 2 0
axonflow/platform/orchestrator/run.go:1779.21,1782.3 2 0
axonflow/platform/orchestrator/run.go:1785.2,1789.19 3 0
axonflow/platform/orchestrator/run.go:1789.19,1792.3 2 0
axonflow/platform/orchestrator/run.go:1793.2,1800.22 4 0
axonflow/platform/orchestrator/run.go:1800.22,1804.3 2 0
axonflow/platform/orchestrator/run.go:1807.2,1825.22 8 0
axonflow/platform/orchestrator/run.go:1830.69,1837.61 2 0
axonflow/platform/orchestrator/run.go:1837.61,1840.3 2 0
axonflow/platform/orchestrator/run.go:1843.2,1843.38 1 0
axonflow/platform/orchestrator/run.go:1843.38,1846.3 2 0
axonflow/platform/orchestrator/run.go:1848.2,1848.39 1 0
axonflow/platform/orchestrator/run.go:1848.39,1851.3 2 0
axonflow/platform/orchestrator/run.go:1854.2,1855.16 2 0
axonflow/platform/orchestrator/run.go:1855.16,1858.3 2 0
axonflow/platform/orchestrator/run.go:1860.2,1861.61 2 0
axonflow/platform/orchestrator/run.go:1861.61,1863.3 1 0
axonflow/platform/orchestrator/run.go:1866.74,1870.23 3 0
axonflow/platform/orchestrator/run.go:1870.23,1873.3 2 0
axonflow/platform/orchestrator/run.go:1875.2,1876.16 2 0
axonflow/platform/orchestrator/run.go:1876.16,1879.3 2 0
axonflow/platform/orchestrator/run.go:1881.2,1882.61 2 0
axonflow/platform/orchestrator/run.go:1882.61,1884.3 1 0
axonflow/platform/orchestrator/run.go:1887.76,1891.20 3 0
axonflow/platform/orchestrator/run.go:1891.20,1892.80 1 0
axonflow/platform/orchestrator/run.go:1892.80,1894.4 1 0
axonflow/platform/orchestrator/run.go:1897.2,1898.16 2 0
axonflow/platform/orchestrator/run.go:1898.16,1901.3 2 0
axonflow/platform/orchestrator/run.go:1903.2,1907.17 2 0
axonflow/platform/orchestrator/run.go:1907.17,1909.3 1 0
axonflow/platform/orchestrator/run.go:1963.65,1969.27 3 0
axonflow/platform/orchestrator/run.go:1969.27,1972.3 2 0
axonflow/platform/orchestrator/run.go:1975.2,1975.24 1 0
axonflow/platform/orchestrator/run.go:1975.24,1978.3 2 0
axonflow/platform/orchestrator/run.go:1981.2,1982.61 2 0
axonflow/platform/orchestrator/run.go:1982.61,1985.3 2 0
axonflow/platform/orchestrator/run.go:1991.2,1991.22 1 0
axonflow/platform/orchestrator/run.go:1991.22,1995.3 3 0
axonflow/platform/orchestrator/run.go:1998.2,2002.23 5 0
axonflow/platform/orchestrator/run.go:2002.23,2003.50 1 0
axonflow/platform/orchestrator/run.go:2003.50,2005.4 1 0
axonflow/platform/orchestrator/run.go:2006.3,2006.46 1 0
axonflow/platform/orchestrator/run.go:2006.46,2008.31 2 0
axonflow/platform/orchestrator/run.go:2008.31,2010.5 1 0
axonflow/platform/orchestrator/run.go:2012.3,2012.51 1 0
axonflow/platform/orchestrator/run.go:2012.51,2014.4 1 0
axonflow/platform/orchestrator/run.go:2015.3,2015.57 1 0
axonflow/platform/orchestrator/run.go:2015.57,2017.4 1 0
axonflow/platform/orchestrator/run.go:2020.2,2024.21 2 0
axonflow/platform/orchestrator/run.go:2024.21,2027.3 2 0
axonflow/platform/orchestrator/run.go:2030.2,2030.22 1 0
axonflow/platform/orchestrator/run.go:2030.22,2032.71 1 0
axonflow/platform/orchestrator/run.go:2032.71,2035.4 2 0
axonflow/platform/orchestrator/run.go:2035.9,2037.4 1 0
axonflow/platform/orchestrator/run.go:2039.2,2039.29 1 0
axonflow/platform/orchestrator/run.go:2039.29,2041.3 1 0
axonflow/platform/orchestrator/run.go:2044.2,2059.16 5 0
axonflow/platform/orchestrator/run.go:2059.16,2063.3 3 0
axonflow/platform/orchestrator/run.go:2065.2,2069.16 3 0
axonflow/platform/orchestrator/run.go:2069.16,2073.3 3 0
axonflow/platform/orchestrator/run.go:2075.2,2091.16 3 0
axonflow/platform/orchestrator/run.go:2091.16,2095.3 3 0
axonflow/platform/orchestrator/run.go:2098.2,2121.60 6 0
axonflow/platform/orchestrator/run.go:2121.60,2123.3 1 0
axonflow/platform/orchestrator/run.go:2128.65,2134.27 3 0
axonflow/platform/orchestrator/run.go:2134.27,2137.3 2 0
axonflow/platform/orchestrator/run.go:2140.2,2140.24 1 0
axonflow/platform/orchestrator/run.go:2140.24,2143.3 2 0
axonflow/platform/orchestrator/run.go:2146.2,2147.61 2 0
axonflow/platform/orchestrator/run.go:2147.61,2150.3 2 0
axonflow/platform/orchestrator/run.go:2153.2,2153.22 1 0
axonflow/platform/orchestrator/run.go:2153.22,2157.3 3 0
axonflow/platform/orchestrator/run.go:2160.2,2161.24 2 0
axonflow/platform/orchestrator/run.go:2161.24,2162.52 1 0
axonflow/platform/orchestrator/run.go:2162.52,2164.4 1 0
axonflow/platform/orchestrator/run.go:2167.2,2167.18 1 0
axonflow/platform/orchestrator/run.go:2167.18,2171.3 3 0
axonflow/platform/orchestrator/run.go:2174.2,2175.23 2 0
axonflow/platform/orchestrator/run.go:2175.23,2176.51 1 0
axonflow/platform/orchestrator/run.go:2176.51,2178.4 1 0
axonflow/platform/orchestrator/run.go:2181.2,2186.16 3 0
axonflow/platform/orchestrator/run.go:2186.16,2188.47 2 0
axonflow/platform/orchestrator/run.go:2188.47,2190.4 1 0
axonflow/platform/orchestrator/run.go:2190.9,2190.53 1 0
axonflow/platform/orchestrator/run.go:2190.53,2192.4 1 0
axonflow/platform/orchestrator/run.go:2192.9,2192.56 1 0
axonflow/platform/orchestrator/run.go:2192.56,2194.4 1 0
axonflow/platform/orchestrator/run.go:2194.9,2196.4 1 0
axonflow/platform/orchestrator/run.go:2197.3,2197.9 1 0
axonflow/platform/orchestrator/run.go:2200.2,2204.75 3 0
axonflow/platform/orchestrator/run.go:2204.75,2209.3 4 0
axonflow/platform/orchestrator/run.go:2213.2,2218.24 4 0
axonflow/platform/orchestrator/run.go:2218.24,2220.3 1 0
axonflow/platform/orchestrator/run.go:2222.2,2224.16 3 0
axonflow/platform/orchestrator/run.go:2224.16,2229.3 4 0
axonflow/platform/orchestrator/run.go:2231.2,2235.29 3 0
axonflow/platform/orchestrator/run.go:2235.29,2236.57 1 0
axonflow/platform/orchestrator/run.go:2236.57,2239.4 2 0
axonflow/platform/orchestrator/run.go:2239.9,2242.4 2 0
axonflow/platform/orchestrator/run.go:2243.8,2246.3 2 0
axonflow/platform/orchestrator/run.go:2249.2,2249.88 1 0
axonflow/platform/orchestrator/run.go:2249.88,2251.3 1 0
axonflow/platform/orchestrator/run.go:2254.2,2258.39 3 0
axonflow/platform/orchestrator/run.go:2258.39,2260.72 2 0
axonflow/platform/orchestrator/run.go:2260.72,2262.4 1 0
axonflow/platform/orchestrator/run.go:2263.3,2267.4 1 0
axonflow/platform/orchestrator/run.go:2271.2,2290.60 5 0
axonflow/platform/orchestrator/run.go:2290.60,2292.3 1 0
axonflow/platform/orchestrator/run.go:2297.67,2301.24 2 0
axonflow/platform/orchestrator/run.go:2301.24,2304.3 2 0
axonflow/platform/orchestrator/run.go:2307.2,2309.18 3 0
axonflow/platform/orchestrator/run.go:2309.18,2312.3 2 0
axonflow/platform/orchestrator/run.go:2315.2,2316.16 2 0
axonflow/platform/orchestrator/run.go:2316.16,2320.3 3 0
axonflow/platform/orchestrator/run.go:2323.2,2324.49 2 0
axonflow/platform/orchestrator/run.go:2324.49,2326.3 1 0
axonflow/platform/orchestrator/run.go:2330.2,2344.35 2 0
axonflow/platform/orchestrator/run.go:2344.35,2346.3 1 0
axonflow/platform/orchestrator/run.go:2349.2,2349.38 1 0
axonflow/platform/orchestrator/run.go:2349.38,2351.3 1 0
axonflow/platform/orchestrator/run.go:2354.2,2354.29 1 0
axonflow/platform/orchestrator/run.go:2354.29,2356.3 1 0
axonflow/platform/orchestrator/run.go:2358.2,2361.60 3 0
axonflow/platform/orchestrator/run.go:2361.60,2363.3 1 0
axonflow/platform/orchestrator/run.go:2367.78,2368.18 1 0
axonflow/platform/orchestrator/run.go:2368.18,2370.3 1 0
axonflow/platform/orchestrator/run.go:2371.2,2372.29 2 0
axonflow/platform/orchestrator/run.go:2372.29,2378.24 3 0
axonflow/platform/orchestrator/run.go:2378.24,2380.30 1 0
axonflow/platform/orchestrator/run.go:2380.30,2382.5 1 0
axonflow/platform/orchestrator/run.go:2382.10,2384.5 1 0
axonflow/platform/orchestrator/run.go:2385.9,2385.34 1 0
axonflow/platform/orchestrator/run.go:2385.34,2387.4 1 0
axonflow/platform/orchestrator/run.go:2389.3,2397.4 1 0
axonflow/platform/orchestrator/run.go:2399.2,2399.15 1 0
axonflow/platform/orchestrator/run.go:2402.60,2403.19 1 0
axonflow/platform/orchestrator/run.go:2403.19,2405.3 1 0
axonflow/platform/orchestrator/run.go:2406.2,2407.24 2 0
axonflow/platform/orchestrator/run.go:2407.24,2409.3 1 0
axonflow/platform/orchestrator/run.go:2410.2,2410.13 1 0
axonflow/platform/orchestrator/run.go:2413.46,2414.19 1 0
axonflow/platform/orchestrator/run.go:2414.19,2416.3 1 0
axonflow/platform/orchestrator/run.go:2417.2,2417.36 1 0
axonflow/platform/orchestrator/run.go:2417.36,2419.3 1 0
axonflow/platform/orchestrator/run.go:2420.2,2420.11 1 0
axonflow/platform/orchestrator/run.go:2427.73,2428.29 1 0
axonflow/platform/orchestrator/run.go:2428.29,2431.3 2 0
axonflow/platform/orchestrator/run.go:2433.2,2433.39 1 0
axonflow/platform/orchestrator/run.go:2437.78,2438.29 1 0
axonflow/platform/orchestrator/run.go:2438.29,2441.3 2 0
axonflow/platform/orchestrator/run.go:2444.2,2447.41 4 0
axonflow/platform/orchestrator/run.go:2451.67,2452.29 1 0
axonflow/platform/orchestrator/run.go:2452.29,2455.3 2 0
axonflow/platform/orchestrator/run.go:2456.2,2459.41 4 0
axonflow/platform/orchestrator/run.go:2463.71,2464.29 1 0
axonflow/platform/orchestrator/run.go:2464.29,2467.3 2 0
axonflow/platform/orchestrator/run.go:2468.2,2471.41 4 0
axonflow/platform/orchestrator/run.go:2475.69,2476.29 1 0
axonflow/platform/orchestrator/run.go:2476.29,2479.3 2 0
axonflow/platform/orchestrator/run.go:2480.2,2480.37 1 0
axonflow/platform/orchestrator/run.go:2484.69,2485.29 1 0
axonflow/platform/orchestrator/run.go:2485.29,2488.3 2 0
axonflow/platform/orchestrator/run.go:2489.2,2489.37 1 0
axonflow/platform/orchestrator/run.go:2496.69,2497.31 1 0
axonflow/platform/orchestrator/run.go:2497.31,2500.3 2 0
axonflow/platform/orchestrator/run.go:2501.2,2501.46 1 0
axonflow/platform/orchestrator/run.go:2505.68,2506.31 1 0
axonflow/platform/orchestrator/run.go:2506.31,2509.3 2 0
axonflow/platform/orchestrator/run.go:2510.2,2512.56 3 0
axonflow/platform/orchestrator/run.go:2516.70,2517.31 1 0
axonflow/platform/orchestrator/run.go:2517.31,2520.3 2 0
axonflow/platform/orchestrator/run.go:2521.2,2523.58 3 0
axonflow/platform/orchestrator/run.go:2527.75,2528.31 1 0
axonflow/platform/orchestrator/run.go:2528.31,2531.3 2 0
axonflow/platform/orchestrator/run.go:2532.2,2532.46 1 0
axonflow/platform/orchestrator/run.go:2536.70,2537.31 1 0
axonflow/platform/orchestrator/run.go:2537.31,2540.3 2 0
axonflow/platform/orchestrator/run.go:2541.2,2541.46 1 0
axonflow/platform/orchestrator/runtime_config_integration.go:45.43,46.38 1 0
axonflow/platform/orchestrator/runtime_config_integration.go:46.38,47.16 1 0
axonflow/platform/orchestrator/runtime_config_integration.go:47.16,49.4 1 0
axonflow/platform/orchestrator/runtime_config_integration.go:51.2,51.14 1 0
axonflow/platform/orchestrator/runtime_config_integration.go:73.89,92.2 8 0
axonflow/platform/orchestrator/runtime_config_integration.go:96.61,100.2 3 0
axonflow/platform/orchestrator/runtime_config_integration.go:106.85,112.16 4 0
axonflow/platform/orchestrator/runtime_config_integration.go:112.16,115.3 2 0
axonflow/platform/orchestrator/runtime_config_integration.go:117.2,118.16 2 0
axonflow/platform/orchestrator/runtime_config_integration.go:118.16,121.3 2 0
axonflow/platform/orchestrator/runtime_config_integration.go:123.2,128.30 3 0
axonflow/platform/orchestrator/runtime_config_integration.go:128.30,131.25 2 0
axonflow/platform/orchestrator/runtime_config_integration.go:131.25,133.4 1 0
axonflow/platform/orchestrator/runtime_config_integration.go:134.3,135.28 2 0
axonflow/platform/orchestrator/runtime_config_integration.go:135.28,137.4 1 0
axonflow/platform/orchestrator/runtime_config_integration.go:140.3,140.44 1 0
axonflow/platform/orchestrator/runtime_config_integration.go:140.44,143.12 2 0
axonflow/platform/orchestrator/runtime_config_integration.go:146.3,146.27 1 0
axonflow/platform/orchestrator/runtime_config_integration.go:147.23,148.64 1 0
axonflow/platform/orchestrator/runtime_config_integration.go:148.64,151.5 2 0
axonflow/platform/orchestrator/runtime_config_integration.go:152.26,153.64 1 0
axonflow/platform/orchestrator/runtime_config_integration.go:153.64,156.5 2 0
axonflow/platform/orchestrator/runtime_config_integration.go:157.24,162.60 3 0
axonflow/platform/orchestrator/runtime_config_integration.go:162.60,167.5 3 0
axonflow/platform/orchestrator/runtime_config_integration.go:167.10,167.71 1 0
axonflow/platform/orchestrator/runtime_config_integration.go:167.71,171.5 1 0
axonflow/platform/orchestrator/runtime_config_integration.go:172.23,177.37 3 0
axonflow/platform/orchestrator/runtime_config_integration.go:177.37,179.32 2 0
axonflow/platform/orchestrator/runtime_config_integration.go:179.32,181.6 1 0
axonflow/platform/orchestrator/runtime_config_integration.go:182.5,183.49 1 0
axonflow/platform/orchestrator/runtime_config_integration.go:184.10,184.38 1 0
axonflow/platform/orchestrator/runtime_config_integration.go:184.38,187.5 1 0
axonflow/platform/orchestrator/runtime_config_integration.go:188.23,189.64 1 0
axonflow/platform/orchestrator/runtime_config_integration.go:189.64,191.85 2 0
axonflow/platform/orchestrator/runtime_config_integration.go:191.85,193.6 1 0
axonflow/platform/orchestrator/runtime_config_integration.go:194.5,194.70 1 0
axonflow/platform/orchestrator/runtime_config_integration.go:200.2,201.34 2 0
axonflow/platform/orchestrator/runtime_config_integration.go:201.34,203.3 1 0
axonflow/platform/orchestrator/runtime_config_integration.go:204.2,204.37 1 0
axonflow/platform/orchestrator/runtime_config_integration.go:204.37,206.3 1 0
axonflow/platform/orchestrator/runtime_config_integration.go:207.2,207.38 1 0
axonflow/platform/orchestrator/runtime_config_integration.go:207.38,209.3 1 0
axonflow/platform/orchestrator/runtime_config_integration.go:210.2,210.39 1 0
axonflow/platform/orchestrator/runtime_config_integration.go:210.39,212.3 1 0
axonflow/platform/orchestrator/runtime_config_integration.go:213.2,213.34 1 0
axonflow/platform/orchestrator/runtime_config_integration.go:213.34,215.3 1 0
axonflow/platform/orchestrator/runtime_config_integration.go:217.2,217.25 1 0
axonflow/platform/orchestrator/runtime_config_integration.go:217.25,219.3 1 0
axonflow/platform/orchestrator/runtime_config_integration.go:219.8,221.3 1 0
axonflow/platform/orchestrator/runtime_config_integration.go:225.2,230.21 5 0
axonflow/platform/orchestrator/runtime_config_integration.go:240.67,245.16 4 0
axonflow/platform/orchestrator/runtime_config_integration.go:245.16,247.3 1 0
axonflow/platform/orchestrator/runtime_config_integration.go:250.2,257.12 4 0
axonflow/platform/orchestrator/runtime_config_integration.go:274.42,277.22 2 0
axonflow/platform/orchestrator/runtime_config_integration.go:277.22,279.3 1 0
axonflow/platform/orchestrator/runtime_config_integration.go:281.2,281.22 1 0
axonflow/platform/orchestrator/runtime_config_integration.go:281.22,284.3 2 0
axonflow/platform/orchestrator/runtime_config_integration.go:288.2,288.26 1 0
axonflow/platform/orchestrator/runtime_config_integration.go:288.26,291.3 2 0
axonflow/platform/orchestrator/runtime_config_integration.go:294.2,295.16 2 0
axonflow/platform/orchestrator/runtime_config_integration.go:295.16,296.25 1 0
axonflow/platform/orchestrator/runtime_config_integration.go:296.25,298.4 1 0
axonflow/platform/orchestrator/runtime_config_integration.go:298.9,298.34 1 0
axonflow/platform/orchestrator/runtime_config_integration.go:298.34,300.4 1 0
axonflow/platform/orchestrator/runtime_config_integration.go:300.9,302.4 1 0
axonflow/platform/orchestrator/runtime_config_integration.go:303.3,303.12 1 0
axonflow/platform/orchestrator/runtime_config_integration.go:307.2,307.22 1 0
axonflow/platform/orchestrator/runtime_config_integration.go:307.22,310.3 2 0
axonflow/platform/orchestrator/runtime_config_integration.go:313.2,314.16 2 0
axonflow/platform/orchestrator/runtime_config_integration.go:314.16,317.3 2 0
axonflow/platform/orchestrator/runtime_config_integration.go:320.2,324.16 4 0
axonflow/platform/orchestrator/runtime_config_integration.go:324.16,327.3 2 0
axonflow/platform/orchestrator/runtime_config_integration.go:329.2,332.19 3 0
axonflow/platform/orchestrator/runtime_config_integration.go:339.31,344.16 4 0
axonflow/platform/orchestrator/runtime_config_integration.go:344.16,346.3 1 0
axonflow/platform/orchestrator/runtime_config_integration.go:349.2,352.12 3 0
axonflow/platform/orchestrator/template_api_handlers.go:26.74,28.2 1 0
axonflow/platform/orchestrator/template_api_handlers.go:31.90,32.36 1 0
axonflow/platform/orchestrator/template_api_handlers.go:32.36,35.3 2 0
axonflow/platform/orchestrator/template_api_handlers.go:37.2,37.32 1 0
axonflow/platform/orchestrator/template_api_handlers.go:37.32,40.3 2 0
axonflow/platform/orchestrator/template_api_handlers.go:42.2,50.57 2 0
axonflow/platform/orchestrator/template_api_handlers.go:50.57,51.65 1 0
axonflow/platform/orchestrator/template_api_handlers.go:51.65,53.4 1 0
axonflow/platform/orchestrator/template_api_handlers.go:56.2,56.70 1 0
axonflow/platform/orchestrator/template_api_handlers.go:56.70,57.96 1 0
axonflow/platform/orchestrator/template_api_handlers.go:57.96,59.4 1 0
axonflow/platform/orchestrator/template_api_handlers.go:62.2,62.63 1 0
axonflow/platform/orchestrator/template_api_handlers.go:62.63,65.3 2 0
axonflow/platform/orchestrator/template_api_handlers.go:67.2,67.66 1 0
axonflow/platform/orchestrator/template_api_handlers.go:67.66,70.3 2 0
axonflow/platform/orchestrator/template_api_handlers.go:72.2,73.16 2 0
axonflow/platform/orchestrator/template_api_handlers.go:73.16,76.3 2 0
axonflow/platform/orchestrator/template_api_handlers.go:78.2,78.41 1 0
axonflow/platform/orchestrator/template_api_handlers.go:82.107,83.36 1 0
axonflow/platform/orchestrator/template_api_handlers.go:83.36,86.3 2 0
axonflow/platform/orchestrator/template_api_handlers.go:88.2,88.32 1 0
axonflow/platform/orchestrator/template_api_handlers.go:88.32,91.3 2 0
axonflow/platform/orchestrator/template_api_handlers.go:93.2,94.16 2 0
axonflow/platform/orchestrator/template_api_handlers.go:94.16,97.3 2 0
axonflow/platform/orchestrator/template_api_handlers.go:99.2,99.21 1 0
axonflow/platform/orchestrator/template_api_handlers.go:99.21,102.3 2 0
axonflow/platform/orchestrator/template_api_handlers.go:104.2,104.69 1 0
axonflow/platform/orchestrator/template_api_handlers.go:108.109,109.36 1 0
axonflow/platform/orchestrator/template_api_handlers.go:109.36,112.3 2 0
axonflow/platform/orchestrator/template_api_handlers.go:114.2,114.33 1 0
axonflow/platform/orchestrator/template_api_handlers.go:114.33,117.3 2 0
axonflow/platform/orchestrator/template_api_handlers.go:119.2,120.20 2 0
axonflow/platform/orchestrator/template_api_handlers.go:120.20,123.3 2 0
axonflow/platform/orchestrator/template_api_handlers.go:125.2,126.61 2 0
axonflow/platform/orchestrator/template_api_handlers.go:126.61,129.3 2 0
axonflow/platform/orchestrator/template_api_handlers.go:131.2,133.16 3 0
axonflow/platform/orchestrator/template_api_handlers.go:133.16,134.62 1 0
axonflow/platform/orchestrator/template_api_handlers.go:134.62,137.4 2 0
axonflow/platform/orchestrator/template_api_handlers.go:138.3,138.42 1 0
axonflow/platform/orchestrator/template_api_handlers.go:138.42,141.4 2 0
axonflow/platform/orchestrator/template_api_handlers.go:142.3,143.9 2 0
axonflow/platform/orchestrator/template_api_handlers.go:146.2,146.46 1 0
axonflow/platform/orchestrator/template_api_handlers.go:150.90,151.36 1 0
axonflow/platform/orchestrator/template_api_handlers.go:151.36,154.3 2 0
axonflow/platform/orchestrator/template_api_handlers.go:156.2,156.32 1 0
axonflow/platform/orchestrator/template_api_handlers.go:156.32,159.3 2 0
axonflow/platform/orchestrator/template_api_handlers.go:161.2,162.16 2 0
axonflow/platform/orchestrator/template_api_handlers.go:162.16,165.3 2 0
axonflow/platform/orchestrator/template_api_handlers.go:167.2,169.4 1 0
axonflow/platform/orchestrator/template_api_handlers.go:173.90,174.36 1 0
axonflow/platform/orchestrator/template_api_handlers.go:174.36,177.3 2 0
axonflow/platform/orchestrator/template_api_handlers.go:179.2,179.32 1 0
axonflow/platform/orchestrator/template_api_handlers.go:179.32,182.3 2 0
axonflow/platform/orchestrator/template_api_handlers.go:184.2,185.20 2 0
axonflow/platform/orchestrator/template_api_handlers.go:185.20,188.3 2 0
axonflow/platform/orchestrator/template_api_handlers.go:190.2,191.16 2 0
axonflow/platform/orchestrator/template_api_handlers.go:191.16,194.3 2 0
axonflow/platform/orchestrator/template_api_handlers.go:196.2,198.4 1 0
axonflow/platform/orchestrator/template_api_handlers.go:204.66,206.61 1 0
axonflow/platform/orchestrator/template_api_handlers.go:206.61,208.3 1 0
axonflow/platform/orchestrator/template_api_handlers.go:210.2,210.65 1 0
axonflow/platform/orchestrator/template_api_handlers.go:210.65,212.3 1 0
axonflow/platform/orchestrator/template_api_handlers.go:213.2,213.11 1 0
axonflow/platform/orchestrator/template_api_handlers.go:217.64,218.55 1 0
axonflow/platform/orchestrator/template_api_handlers.go:218.55,220.3 1 0
axonflow/platform/orchestrator/template_api_handlers.go:221.2,221.61 1 0
axonflow/platform/orchestrator/template_api_handlers.go:221.61,223.3 1 0
axonflow/platform/orchestrator/template_api_handlers.go:224.2,224.17 1 0
axonflow/platform/orchestrator/template_api_handlers.go:228.64,233.2 4 0
axonflow/platform/orchestrator/template_api_handlers.go:236.93,239.56 3 0
axonflow/platform/orchestrator/template_api_handlers.go:239.56,242.3 1 0
axonflow/platform/orchestrator/template_api_handlers.go:246.98,253.2 1 0
axonflow/platform/orchestrator/template_api_handlers.go:256.103,264.2 1 0
axonflow/platform/orchestrator/template_api_repository.go:31.60,33.2 1 0
axonflow/platform/orchestrator/template_api_repository.go:36.103,56.26 5 0
axonflow/platform/orchestrator/template_api_repository.go:56.26,58.3 1 0
axonflow/platform/orchestrator/template_api_repository.go:59.2,59.16 1 0
axonflow/platform/orchestrator/template_api_repository.go:59.16,61.3 1 0
axonflow/platform/orchestrator/template_api_repository.go:63.2,63.73 1 0
axonflow/platform/orchestrator/template_api_repository.go:63.73,65.3 1 0
axonflow/platform/orchestrator/template_api_repository.go:67.2,67.75 1 0
axonflow/platform/orchestrator/template_api_repository.go:67.75,69.3 1 0
axonflow/platform/orchestrator/template_api_repository.go:71.2,71.65 1 0
axonflow/platform/orchestrator/template_api_repository.go:71.65,73.3 1 0
axonflow/platform/orchestrator/template_api_repository.go:75.2,75.22 1 0
axonflow/platform/orchestrator/template_api_repository.go:79.115,85.27 4 0
axonflow/platform/orchestrator/template_api_repository.go:85.27,89.3 3 0
axonflow/platform/orchestrator/template_api_repository.go:91.2,91.26 1 0
axonflow/platform/orchestrator/template_api_repository.go:91.26,95.3 3 0
axonflow/platform/orchestrator/template_api_repository.go:97.2,97.27 1 0
axonflow/platform/orchestrator/template_api_repository.go:97.27,101.3 3 0
axonflow/platform/orchestrator/template_api_repository.go:103.2,103.25 1 0
axonflow/platform/orchestrator/template_api_repository.go:103.25,107.3 3 0
axonflow/platform/orchestrator/template_api_repository.go:109.2,109.23 1 0
axonflow/platform/orchestrator/template_api_repository.go:109.23,112.28 2 0
axonflow/platform/orchestrator/template_api_repository.go:112.28,114.4 1 0
axonflow/platform/orchestrator/template_api_repository.go:115.3,117.40 3 0
axonflow/platform/orchestrator/template_api_repository.go:120.2,125.84 4 0
axonflow/platform/orchestrator/template_api_repository.go:125.84,127.3 1 0
axonflow/platform/orchestrator/template_api_repository.go:130.2,130.21 1 0
axonflow/platform/orchestrator/template_api_repository.go:130.21,132.3 1 0
axonflow/platform/orchestrator/template_api_repository.go:133.2,133.50 1 0
axonflow/platform/orchestrator/template_api_repository.go:133.50,135.3 1 0
axonflow/platform/orchestrator/template_api_repository.go:137.2,151.16 4 0
axonflow/platform/orchestrator/template_api_repository.go:151.16,153.3 1 0
axonflow/platform/orchestrator/template_api_repository.go:154.2,154.15 1 0
axonflow/platform/orchestrator/template_api_repository.go:154.15,154.35 1 0
axonflow/platform/orchestrator/template_api_repository.go:156.2,157.18 2 0
axonflow/platform/orchestrator/template_api_repository.go:157.18,167.17 4 0
axonflow/platform/orchestrator/template_api_repository.go:167.17,169.4 1 0
axonflow/platform/orchestrator/template_api_repository.go:171.3,171.74 1 0
axonflow/platform/orchestrator/template_api_repository.go:171.74,173.4 1 0
axonflow/platform/orchestrator/template_api_repository.go:175.3,175.76 1 0
axonflow/platform/orchestrator/template_api_repository.go:175.76,177.4 1 0
axonflow/platform/orchestrator/template_api_repository.go:179.3,179.66 1 0
axonflow/platform/orchestrator/template_api_repository.go:179.66,181.4 1 0
axonflow/platform/orchestrator/template_api_repository.go:183.3,183.42 1 0
axonflow/platform/orchestrator/template_api_repository.go:186.2,186.30 1 0
axonflow/platform/orchestrator/template_api_repository.go:190.109,198.2 3 0
axonflow/platform/orchestrator/template_api_repository.go:201.97,202.20 1 0
axonflow/platform/orchestrator/template_api_repository.go:202.20,204.3 1 0
axonflow/platform/orchestrator/template_api_repository.go:205.2,205.27 1 0
axonflow/platform/orchestrator/template_api_repository.go:205.27,207.3 1 0
axonflow/platform/orchestrator/template_api_repository.go:209.2,218.16 3 0
axonflow/platform/orchestrator/template_api_repository.go:218.16,220.3 1 0
axonflow/platform/orchestrator/template_api_repository.go:222.2,222.12 1 0
axonflow/platform/orchestrator/template_api_repository.go:226.120,237.16 3 0
axonflow/platform/orchestrator/template_api_repository.go:237.16,239.3 1 0
axonflow/platform/orchestrator/template_api_repository.go:240.2,240.15 1 0
axonflow/platform/orchestrator/template_api_repository.go:240.15,240.35 1 0
axonflow/platform/orchestrator/template_api_repository.go:242.2,243.18 2 0
axonflow/platform/orchestrator/template_api_repository.go:243.18,248.17 4 0
axonflow/platform/orchestrator/template_api_repository.go:248.17,250.4 1 0
axonflow/platform/orchestrator/template_api_repository.go:252.3,252.21 1 0
axonflow/platform/orchestrator/template_api_repository.go:252.21,254.4 1 0
axonflow/platform/orchestrator/template_api_repository.go:256.3,256.30 1 0
axonflow/platform/orchestrator/template_api_repository.go:259.2,259.19 1 0
axonflow/platform/orchestrator/template_api_repository.go:263.116,273.16 3 0
axonflow/platform/orchestrator/template_api_repository.go:273.16,275.3 1 0
axonflow/platform/orchestrator/template_api_repository.go:276.2,276.15 1 0
axonflow/platform/orchestrator/template_api_repository.go:276.15,276.35 1 0
axonflow/platform/orchestrator/template_api_repository.go:278.2,279.18 2 0
axonflow/platform/orchestrator/template_api_repository.go:279.18,282.17 3 0
axonflow/platform/orchestrator/template_api_repository.go:282.17,284.4 1 0
axonflow/platform/orchestrator/template_api_repository.go:285.3,285.33 1 0
axonflow/platform/orchestrator/template_api_repository.go:288.2,288.20 1 0
axonflow/platform/orchestrator/template_api_repository.go:292.83,301.16 3 0
axonflow/platform/orchestrator/template_api_repository.go:301.16,303.3 1 0
axonflow/platform/orchestrator/template_api_repository.go:304.2,304.15 1 0
axonflow/platform/orchestrator/template_api_repository.go:304.15,304.35 1 0
axonflow/platform/orchestrator/template_api_repository.go:306.2,307.18 2 0
axonflow/platform/orchestrator/template_api_repository.go:307.18,309.46 2 0
axonflow/platform/orchestrator/template_api_repository.go:309.46,311.4 1 0
axonflow/platform/orchestrator/template_api_repository.go:312.3,312.44 1 0
axonflow/platform/orchestrator/template_api_repository.go:315.2,315.24 1 0
axonflow/platform/orchestrator/template_api_service.go:28.106,33.2 1 0
axonflow/platform/orchestrator/template_api_service.go:36.104,38.2 1 0
axonflow/platform/orchestrator/template_api_service.go:41.122,43.16 2 0
axonflow/platform/orchestrator/template_api_service.go:43.16,45.3 1 0
axonflow/platform/orchestrator/template_api_service.go:47.2,47.25 1 0
axonflow/platform/orchestrator/template_api_service.go:47.25,49.3 1 0
axonflow/platform/orchestrator/template_api_service.go:50.2,50.21 1 0
axonflow/platform/orchestrator/template_api_service.go:50.21,52.3 1 0
axonflow/platform/orchestrator/template_api_service.go:54.2,64.8 2 0
axonflow/platform/orchestrator/template_api_service.go:68.168,71.16 2 0
axonflow/platform/orchestrator/template_api_service.go:71.16,73.3 1 0
axonflow/platform/orchestrator/template_api_service.go:74.2,74.21 1 0
axonflow/platform/orchestrator/template_api_service.go:74.21,76.3 1 0
axonflow/platform/orchestrator/template_api_service.go:79.2,79.62 1 0
axonflow/platform/orchestrator/template_api_service.go:79.62,81.3 1 0
axonflow/platform/orchestrator/template_api_service.go:84.2,85.16 2 0
axonflow/platform/orchestrator/template_api_service.go:85.16,87.3 1 0
axonflow/platform/orchestrator/template_api_service.go:90.2,91.16 2 0
axonflow/platform/orchestrator/template_api_service.go:91.16,93.3 1 0
axonflow/platform/orchestrator/template_api_service.go:96.2,96.25 1 0
axonflow/platform/orchestrator/template_api_service.go:96.25,98.3 1 0
axonflow/platform/orchestrator/template_api_service.go:101.2,124.57 3 0
axonflow/platform/orchestrator/template_api_service.go:124.57,126.3 1 0
axonflow/platform/orchestrator/template_api_service.go:129.2,134.63 2 0
axonflow/platform/orchestrator/template_api_service.go:134.63,137.3 1 0
axonflow/platform/orchestrator/template_api_service.go:139.2,144.8 1 0
axonflow/platform/orchestrator/template_api_service.go:148.107,151.82 2 0
axonflow/platform/orchestrator/template_api_service.go:151.82,156.3 1 0
axonflow/platform/orchestrator/template_api_service.go:158.2,158.32 1 0
axonflow/platform/orchestrator/template_api_service.go:158.32,163.3 1 0
axonflow/platform/orchestrator/template_api_service.go:166.2,166.39 1 0
axonflow/platform/orchestrator/template_api_service.go:166.39,167.17 1 0
axonflow/platform/orchestrator/template_api_service.go:167.17,168.51 1 0
axonflow/platform/orchestrator/template_api_service.go:168.51,173.5 1 0
axonflow/platform/orchestrator/template_api_service.go:178.2,178.39 1 0
axonflow/platform/orchestrator/template_api_service.go:178.39,179.53 1 0
axonflow/platform/orchestrator/template_api_service.go:179.53,180.26 1 0
axonflow/platform/orchestrator/template_api_service.go:180.26,182.43 1 0
axonflow/platform/orchestrator/template_api_service.go:182.43,184.49 2 0
axonflow/platform/orchestrator/template_api_service.go:184.49,189.7 1 0
axonflow/platform/orchestrator/template_api_service.go:195.2,195.21 1 0
axonflow/platform/orchestrator/template_api_service.go:195.21,197.3 1 0
axonflow/platform/orchestrator/template_api_service.go:199.2,199.12 1 0
axonflow/platform/orchestrator/template_api_service.go:203.171,206.28 2 0
axonflow/platform/orchestrator/template_api_service.go:206.28,207.23 1 0
axonflow/platform/orchestrator/template_api_service.go:207.23,209.4 1 0
axonflow/platform/orchestrator/template_api_service.go:213.2,214.29 2 0
axonflow/platform/orchestrator/template_api_service.go:214.29,216.3 1 0
axonflow/platform/orchestrator/template_api_service.go:217.2,217.27 1 0
axonflow/platform/orchestrator/template_api_service.go:217.27,219.3 1 0
axonflow/platform/orchestrator/template_api_service.go:222.2,223.16 2 0
axonflow/platform/orchestrator/template_api_service.go:223.16,225.3 1 0
axonflow/platform/orchestrator/template_api_service.go:227.2,227.45 1 0
axonflow/platform/orchestrator/template_api_service.go:231.116,232.27 1 0
axonflow/platform/orchestrator/template_api_service.go:233.14,234.47 1 0
axonflow/platform/orchestrator/template_api_service.go:235.30,237.27 2 0
axonflow/platform/orchestrator/template_api_service.go:237.27,239.18 2 0
axonflow/platform/orchestrator/template_api_service.go:239.18,241.5 1 0
axonflow/platform/orchestrator/template_api_service.go:242.4,242.29 1 0
axonflow/platform/orchestrator/template_api_service.go:244.3,244.21 1 0
axonflow/platform/orchestrator/template_api_service.go:245.21,247.25 2 0
axonflow/platform/orchestrator/template_api_service.go:247.25,249.18 2 0
axonflow/platform/orchestrator/template_api_service.go:249.18,251.5 1 0
axonflow/platform/orchestrator/template_api_service.go:252.4,252.27 1 0
axonflow/platform/orchestrator/template_api_service.go:254.3,254.21 1 0
axonflow/platform/orchestrator/template_api_service.go:255.10,256.20 1 0
axonflow/platform/orchestrator/template_api_service.go:261.102,267.74 3 0
axonflow/platform/orchestrator/template_api_service.go:267.74,270.50 2 0
axonflow/platform/orchestrator/template_api_service.go:270.50,272.4 1 0
axonflow/platform/orchestrator/template_api_service.go:273.3,273.13 1 0
axonflow/platform/orchestrator/template_api_service.go:277.2,277.67 1 0
axonflow/platform/orchestrator/template_api_service.go:277.67,279.50 2 0
axonflow/platform/orchestrator/template_api_service.go:279.50,281.4 1 0
axonflow/platform/orchestrator/template_api_service.go:282.3,282.15 1 0
axonflow/platform/orchestrator/template_api_service.go:285.2,285.15 1 0
axonflow/platform/orchestrator/template_api_service.go:289.136,296.44 5 0
axonflow/platform/orchestrator/template_api_service.go:296.44,298.3 1 0
axonflow/platform/orchestrator/template_api_service.go:298.8,300.3 1 0
axonflow/platform/orchestrator/template_api_service.go:303.2,303.42 1 0
axonflow/platform/orchestrator/template_api_service.go:304.15,305.20 1 0
axonflow/platform/orchestrator/template_api_service.go:306.11,307.15 1 0
axonflow/platform/orchestrator/template_api_service.go:308.10,309.16 1 0
axonflow/platform/orchestrator/template_api_service.go:313.2,313.61 1 0
axonflow/platform/orchestrator/template_api_service.go:313.61,314.27 1 0
axonflow/platform/orchestrator/template_api_service.go:314.27,315.53 1 0
axonflow/platform/orchestrator/template_api_service.go:315.53,322.5 2 0
axonflow/platform/orchestrator/template_api_service.go:327.2,327.57 1 0
axonflow/platform/orchestrator/template_api_service.go:327.57,328.26 1 0
axonflow/platform/orchestrator/template_api_service.go:328.26,329.52 1 0
axonflow/platform/orchestrator/template_api_service.go:329.52,333.68 2 0
axonflow/platform/orchestrator/template_api_service.go:333.68,335.6 1 0
axonflow/platform/orchestrator/template_api_service.go:336.5,336.38 1 0
axonflow/platform/orchestrator/template_api_service.go:341.2,341.26 1 0
axonflow/platform/orchestrator/template_api_service.go:341.26,343.3 1 0
axonflow/platform/orchestrator/template_api_service.go:345.2,345.23 1 0
axonflow/platform/orchestrator/template_api_service.go:345.23,347.3 1 0
axonflow/platform/orchestrator/template_api_service.go:349.2,349.55 1 0
axonflow/platform/orchestrator/template_api_service.go:353.80,355.2 1 0
axonflow/platform/orchestrator/template_api_service.go:358.117,360.2 1 0
axonflow/platform/orchestrator/template_api_service.go:363.68,364.34 1 0
axonflow/platform/orchestrator/template_api_service.go:364.34,366.3 1 0
axonflow/platform/orchestrator/template_api_service.go:367.2,367.11 1 0
axonflow/platform/orchestrator/template_api_service.go:375.50,377.31 2 0
axonflow/platform/orchestrator/template_api_service.go:377.31,379.3 1 0
axonflow/platform/orchestrator/template_api_service.go:380.2,380.33 1 0
axonflow/platform/orchestrator/workflow_engine.go:28.13,33.2 2 1
axonflow/platform/orchestrator/workflow_engine.go:164.60,168.2 1 0
axonflow/platform/orchestrator/workflow_engine.go:170.85,175.2 4 0
axonflow/platform/orchestrator/workflow_engine.go:177.87,181.13 4 0
axonflow/platform/orchestrator/workflow_engine.go:181.13,183.3 1 0
axonflow/platform/orchestrator/workflow_engine.go:184.2,184.23 1 0
axonflow/platform/orchestrator/workflow_engine.go:187.87,192.2 4 0
axonflow/platform/orchestrator/workflow_engine.go:199.71,201.2 1 0
axonflow/platform/orchestrator/workflow_engine.go:203.172,211.34 4 0
axonflow/platform/orchestrator/workflow_engine.go:211.34,216.44 3 0
axonflow/platform/orchestrator/workflow_engine.go:216.44,217.64 1 0
axonflow/platform/orchestrator/workflow_engine.go:217.64,218.83 1 0
axonflow/platform/orchestrator/workflow_engine.go:218.83,221.28 2 0
axonflow/platform/orchestrator/workflow_engine.go:221.28,223.7 1 0
axonflow/platform/orchestrator/workflow_engine.go:224.6,224.72 1 0
axonflow/platform/orchestrator/workflow_engine.go:229.3,230.28 2 0
axonflow/platform/orchestrator/workflow_engine.go:230.28,233.4 2 0
axonflow/platform/orchestrator/workflow_engine.go:233.9,235.4 1 0
axonflow/platform/orchestrator/workflow_engine.go:239.2,258.16 4 0
axonflow/platform/orchestrator/workflow_engine.go:258.16,261.3 2 0
axonflow/platform/orchestrator/workflow_engine.go:263.2,268.28 2 0
axonflow/platform/orchestrator/workflow_engine.go:268.28,272.3 2 0
axonflow/platform/orchestrator/workflow_engine.go:274.2,274.64 1 0
axonflow/platform/orchestrator/workflow_engine.go:274.64,277.3 1 0
axonflow/platform/orchestrator/workflow_engine.go:280.2,280.34 1 0
axonflow/platform/orchestrator/workflow_engine.go:280.34,285.53 3 0
axonflow/platform/orchestrator/workflow_engine.go:285.53,288.4 2 0
axonflow/platform/orchestrator/workflow_engine.go:290.3,290.80 1 0
axonflow/platform/orchestrator/workflow_engine.go:294.2,303.24 2 0
axonflow/platform/orchestrator/workflow_engine.go:303.24,304.85 1 0
axonflow/platform/orchestrator/workflow_engine.go:304.85,307.4 2 0
axonflow/platform/orchestrator/workflow_engine.go:307.9,309.4 1 0
axonflow/platform/orchestrator/workflow_engine.go:312.2,313.20 2 0
axonflow/platform/orchestrator/workflow_engine.go:316.136,320.36 2 0
axonflow/platform/orchestrator/workflow_engine.go:320.36,322.36 2 0
axonflow/platform/orchestrator/workflow_engine.go:322.36,324.4 1 0
axonflow/platform/orchestrator/workflow_engine.go:328.2,328.43 1 0
axonflow/platform/orchestrator/workflow_engine.go:328.43,329.37 1 0
axonflow/platform/orchestrator/workflow_engine.go:329.37,330.44 1 0
axonflow/platform/orchestrator/workflow_engine.go:330.44,332.38 2 0
axonflow/platform/orchestrator/workflow_engine.go:332.38,334.6 1 0
axonflow/platform/orchestrator/workflow_engine.go:339.2,339.15 1 0
axonflow/platform/orchestrator/workflow_engine.go:343.66,351.2 2 0
axonflow/platform/orchestrator/workflow_engine.go:354.93,359.43 4 0
axonflow/platform/orchestrator/workflow_engine.go:359.43,360.37 1 0
axonflow/platform/orchestrator/workflow_engine.go:360.37,362.40 1 0
axonflow/platform/orchestrator/workflow_engine.go:362.40,363.13 1 0
axonflow/platform/orchestrator/workflow_engine.go:366.4,369.82 2 0
axonflow/platform/orchestrator/workflow_engine.go:369.82,372.5 2 0
axonflow/platform/orchestrator/workflow_engine.go:372.10,374.33 1 0
axonflow/platform/orchestrator/workflow_engine.go:374.33,375.46 1 0
axonflow/platform/orchestrator/workflow_engine.go:375.46,377.158 1 0
axonflow/platform/orchestrator/workflow_engine.go:377.158,378.16 1 0
axonflow/platform/orchestrator/workflow_engine.go:380.7,380.65 1 0
axonflow/platform/orchestrator/workflow_engine.go:382.6,382.31 1 0
axonflow/platform/orchestrator/workflow_engine.go:388.2,391.25 3 0
axonflow/platform/orchestrator/workflow_engine.go:394.106,395.38 1 0
axonflow/platform/orchestrator/workflow_engine.go:395.38,397.62 2 0
axonflow/platform/orchestrator/workflow_engine.go:397.62,399.4 1 0
axonflow/platform/orchestrator/workflow_engine.go:401.2,401.63 1 0
axonflow/platform/orchestrator/workflow_engine.go:407.54,409.2 1 0
axonflow/platform/orchestrator/workflow_engine.go:411.176,423.21 4 0
axonflow/platform/orchestrator/workflow_engine.go:423.21,426.3 2 0
axonflow/platform/orchestrator/workflow_engine.go:426.8,429.3 2 0
axonflow/platform/orchestrator/workflow_engine.go:433.2,435.20 2 0
axonflow/platform/orchestrator/workflow_engine.go:438.103,443.39 1 0
axonflow/platform/orchestrator/workflow_engine.go:443.39,445.22 2 0
axonflow/platform/orchestrator/workflow_engine.go:445.22,454.4 4 0
axonflow/platform/orchestrator/workflow_engine.go:458.2,458.14 1 0
axonflow/platform/orchestrator/workflow_engine.go:461.100,463.68 1 0
axonflow/platform/orchestrator/workflow_engine.go:463.68,465.3 1 0
axonflow/platform/orchestrator/workflow_engine.go:467.2,468.44 2 0
axonflow/platform/orchestrator/workflow_engine.go:468.44,472.44 3 0
axonflow/platform/orchestrator/workflow_engine.go:472.44,473.67 1 0
axonflow/platform/orchestrator/workflow_engine.go:473.67,474.60 1 0
axonflow/platform/orchestrator/workflow_engine.go:474.60,476.6 1 0
axonflow/platform/orchestrator/workflow_engine.go:481.2,481.12 1 0
axonflow/platform/orchestrator/workflow_engine.go:487.56,489.2 1 0
axonflow/platform/orchestrator/workflow_engine.go:491.177,500.23 2 0
axonflow/platform/orchestrator/workflow_engine.go:501.24,504.29 3 0
axonflow/platform/orchestrator/workflow_engine.go:506.25,508.44 2 0
axonflow/platform/orchestrator/workflow_engine.go:510.23,512.38 2 0
axonflow/platform/orchestrator/workflow_engine.go:514.10,515.54 1 0
axonflow/platform/orchestrator/workflow_engine.go:518.2,518.20 1 0
axonflow/platform/orchestrator/workflow_engine.go:522.42,534.2 4 0
axonflow/platform/orchestrator/workflow_engine.go:537.110,538.19 1 0
axonflow/platform/orchestrator/workflow_engine.go:538.19,540.3 1 0
axonflow/platform/orchestrator/workflow_engine.go:542.2,547.51 3 0
axonflow/platform/orchestrator/workflow_engine.go:551.69,553.2 1 0
axonflow/platform/orchestrator/workflow_engine.go:556.158,570.59 2 0
axonflow/platform/orchestrator/workflow_engine.go:570.59,572.3 1 0
axonflow/platform/orchestrator/workflow_engine.go:574.2,577.29 2 0
axonflow/platform/orchestrator/workflow_engine.go:577.29,578.173 1 0
axonflow/platform/orchestrator/workflow_engine.go:578.173,580.4 1 0
axonflow/platform/orchestrator/workflow_engine.go:584.2,584.51 1 0
axonflow/platform/orchestrator/workflow_engine.go:584.51,596.14 4 0
axonflow/platform/orchestrator/workflow_engine.go:596.14,608.31 8 0
axonflow/platform/orchestrator/workflow_engine.go:608.31,610.5 1 0
axonflow/platform/orchestrator/workflow_engine.go:611.4,611.25 1 0
axonflow/platform/orchestrator/workflow_engine.go:615.3,621.17 6 0
axonflow/platform/orchestrator/workflow_engine.go:621.17,635.31 8 0
axonflow/platform/orchestrator/workflow_engine.go:635.31,637.5 1 0
axonflow/platform/orchestrator/workflow_engine.go:638.4,638.25 1 0
axonflow/platform/orchestrator/workflow_engine.go:641.3,652.24 5 0
axonflow/platform/orchestrator/workflow_engine.go:652.24,653.39 1 0
axonflow/platform/orchestrator/workflow_engine.go:653.39,655.5 1 0
axonflow/platform/orchestrator/workflow_engine.go:658.3,658.79 1 0
axonflow/platform/orchestrator/workflow_engine.go:662.2,667.50 4 0
axonflow/platform/orchestrator/workflow_engine.go:667.50,669.3 1 0
axonflow/platform/orchestrator/workflow_engine.go:671.2,674.29 2 0
axonflow/platform/orchestrator/workflow_engine.go:674.29,676.94 2 0
axonflow/platform/orchestrator/workflow_engine.go:676.94,678.4 1 0
axonflow/platform/orchestrator/workflow_engine.go:681.2,682.23 2 0
axonflow/platform/orchestrator/workflow_engine.go:686.232,687.29 1 0
axonflow/platform/orchestrator/workflow_engine.go:687.29,689.3 1 0
axonflow/platform/orchestrator/workflow_engine.go:692.2,693.19 2 0
axonflow/platform/orchestrator/workflow_engine.go:693.19,695.3 1 0
axonflow/platform/orchestrator/workflow_engine.go:698.2,700.19 3 0
axonflow/platform/orchestrator/workflow_engine.go:700.19,701.47 1 0
axonflow/platform/orchestrator/workflow_engine.go:701.47,703.4 1 0
axonflow/platform/orchestrator/workflow_engine.go:704.3,704.44 1 0
axonflow/platform/orchestrator/workflow_engine.go:704.44,706.4 1 0
axonflow/platform/orchestrator/workflow_engine.go:707.3,707.47 1 0
axonflow/platform/orchestrator/workflow_engine.go:707.47,710.4 2 0
axonflow/platform/orchestrator/workflow_engine.go:713.2,729.67 2 0
axonflow/platform/orchestrator/workflow_engine.go:729.67,731.3 1 0
axonflow/platform/orchestrator/workflow_engine.go:734.107,742.43 4 0
axonflow/platform/orchestrator/workflow_engine.go:742.43,744.37 2 0
axonflow/platform/orchestrator/workflow_engine.go:744.37,745.44 1 0
axonflow/platform/orchestrator/workflow_engine.go:745.44,748.38 3 0
axonflow/platform/orchestrator/workflow_engine.go:748.38,751.6 2 0
axonflow/platform/orchestrator/workflow_engine.go:751.11,751.55 1 0
axonflow/platform/orchestrator/workflow_engine.go:751.55,755.6 2 0
axonflow/platform/orchestrator/workflow_engine.go:755.11,757.6 1 0
axonflow/platform/orchestrator/workflow_engine.go:762.2,763.21 2 0
axonflow/platform/orchestrator/workflow_engine.go:763.21,765.3 1 0
axonflow/platform/orchestrator/workflow_engine.go:767.2,767.15 1 0
axonflow/platform/orchestrator/workflow_engine.go:771.49,773.19 2 0
axonflow/platform/orchestrator/workflow_engine.go:773.19,775.3 1 0
axonflow/platform/orchestrator/workflow_engine.go:776.2,776.13 1 0
axonflow/platform/orchestrator/workflow_engine.go:780.50,781.22 1 0
axonflow/platform/orchestrator/workflow_engine.go:781.22,783.3 1 0
axonflow/platform/orchestrator/workflow_engine.go:784.2,784.27 1 0
axonflow/platform/orchestrator/workflow_engine.go:788.78,790.2 1 0
axonflow/platform/orchestrator/workflow_engine.go:793.88,797.2 1 0
axonflow/platform/orchestrator/workflow_engine.go:800.43,802.2 1 0
axonflow/platform/orchestrator/workflow_engine.go:807.64,815.2 2 0
axonflow/platform/orchestrator/workflow_engine.go:821.95,827.42 3 0
axonflow/platform/orchestrator/workflow_engine.go:827.42,828.49 1 0
axonflow/platform/orchestrator/workflow_engine.go:828.49,830.4 1 0
axonflow/platform/orchestrator/workflow_engine.go:833.2,833.30 1 0
axonflow/platform/orchestrator/workflow_engine.go:848.198,850.18 1 0
axonflow/platform/orchestrator/workflow_engine.go:850.18,852.3 1 0
axonflow/platform/orchestrator/workflow_engine.go:855.2,867.59 2 0
axonflow/platform/orchestrator/workflow_engine.go:867.59,869.3 1 0
axonflow/platform/orchestrator/workflow_engine.go:871.2,877.42 3 0
axonflow/platform/orchestrator/workflow_engine.go:877.42,881.47 2 0
axonflow/platform/orchestrator/workflow_engine.go:881.47,884.18 2 0
axonflow/platform/orchestrator/workflow_engine.go:884.18,890.5 5 0
axonflow/platform/orchestrator/workflow_engine.go:893.4,898.40 4 0
axonflow/platform/orchestrator/workflow_engine.go:898.40,899.29 1 0
axonflow/platform/orchestrator/workflow_engine.go:899.29,900.44 1 0
axonflow/platform/orchestrator/workflow_engine.go:900.44,903.7 2 0
axonflow/platform/orchestrator/workflow_engine.go:906.4,906.104 1 0
axonflow/platform/orchestrator/workflow_engine.go:907.9,910.37 2 0
axonflow/platform/orchestrator/workflow_engine.go:910.37,912.19 2 0
axonflow/platform/orchestrator/workflow_engine.go:912.19,919.6 5 0
axonflow/platform/orchestrator/workflow_engine.go:921.5,926.33 4 0
axonflow/platform/orchestrator/workflow_engine.go:926.33,927.48 1 0
axonflow/platform/orchestrator/workflow_engine.go:927.48,930.7 2 0
axonflow/platform/orchestrator/workflow_engine.go:932.5,932.105 1 0
axonflow/platform/orchestrator/workflow_engine.go:938.2,944.50 5 0
axonflow/platform/orchestrator/workflow_engine.go:944.50,946.3 1 0
axonflow/platform/orchestrator/workflow_engine.go:948.2,951.23 3 0
axonflow/platform/orchestrator/workflow_engine.go:961.104,962.40 1 0
axonflow/platform/orchestrator/workflow_engine.go:962.40,965.3 1 0
axonflow/platform/orchestrator/workflow_engine.go:969.2,971.20 2 0
axonflow/platform/orchestrator/workflow_engine.go:971.20,984.3 3 0
axonflow/platform/orchestrator/workflow_engine.go:984.8,990.3 1 0
axonflow/platform/orchestrator/workflow_engine.go:992.2,992.15 1 0
axonflow/platform/orchestrator/workflow_engine.go:996.175,1003.29 5 0
axonflow/platform/orchestrator/workflow_engine.go:1003.29,1005.36 2 0
axonflow/platform/orchestrator/workflow_engine.go:1005.36,1014.18 6 0
axonflow/platform/orchestrator/workflow_engine.go:1014.18,1016.5 1 0
axonflow/platform/orchestrator/workflow_engine.go:1016.10,1018.5 1 0
axonflow/platform/orchestrator/workflow_engine.go:1023.2,1031.29 5 0
axonflow/platform/orchestrator/workflow_engine.go:1031.29,1032.17 1 0
axonflow/platform/orchestrator/workflow_engine.go:1032.17,1037.75 3 0
axonflow/platform/orchestrator/workflow_engine.go:1037.75,1039.5 1 0
axonflow/platform/orchestrator/workflow_engine.go:1041.3,1041.15 1 0
axonflow/platform/orchestrator/workflow_engine.go:1045.2,1045.59 1 0
axonflow/platform/orchestrator/workflow_engine.go:1045.59,1050.3 2 0
axonflow/platform/orchestrator/workflow_engine.go:1053.2,1053.36 1 0
axonflow/platform/orchestrator/workflow_engine.go:1053.36,1055.3 1 0
axonflow/platform/orchestrator/workflow_engine.go:1057.2,1057.57 1 0
axonflow/platform/orchestrator/workflow_engine.go:1057.57,1059.3 1 0
axonflow/platform/orchestrator/workflow_engine.go:1061.2,1061.21 1 0
axonflow/platform/orchestrator/workflow_engine.go:1065.167,1077.13 4 0
axonflow/platform/orchestrator/workflow_engine.go:1077.13,1086.3 8 0
axonflow/platform/orchestrator/workflow_engine.go:1089.2,1095.16 6 0
axonflow/platform/orchestrator/workflow_engine.go:1095.16,1100.3 4 0
axonflow/platform/orchestrator/workflow_engine.go:1103.2,1104.23 2 0
axonflow/platform/orchestrator/workflow_engine.go:1104.23,1105.57 1 0
axonflow/platform/orchestrator/workflow_engine.go:1105.57,1107.4 1 0
axonflow/platform/orchestrator/workflow_engine.go:1108.3,1109.70 1 0
axonflow/platform/orchestrator/workflow_engine.go:1110.8,1112.3 1 0
axonflow/platform/orchestrator/workflow_engine.go:1114.2,1117.27 3 0
